<prezi xsi:schemaLocation="http://prezi.com/schema/prezi/2 http://prezi.com/schema/prezi/2" xmlns:xsi="http://www.w3.org/2001/XMLSchema-instance" version="2" xmlns="http://prezi.com/schema/prezi/2"><xFields><xField name="preziType"><xEnum type="PreziType" value="converted-from-core"/></xField></xFields><documentStyle><documentStyle><fontClasses><array><fontClass><fontFamily><string value="Arimo"/></fontFamily><name><string value="body"/></name></fontClass><fontClass><fontFamily><string value="Arimo"/></fontFamily><fontWeight><fontWeight value="bold"/></fontWeight><name><string value="head"/></name></fontClass><fontClass><fontFamily><string value="Arimo"/></fontFamily><fontStyle><fontStyle value="italic"/></fontStyle><fontWeight><fontWeight value="bold"/></fontWeight><name><string value="strong"/></name></fontClass></array></fontClasses><fontFamilies><array><fontFamily><fontFaces><array><fontFace><fontSrc><string value="Arimo-Regular.keg"/></fontSrc></fontFace><fontFace><fontSrc><string value="Arimo-Bold.keg"/></fontSrc><fontWeight><fontWeight value="bold"/></fontWeight></fontFace><fontFace><fontSrc><string value="Arimo-BoldItalic.keg"/></fontSrc><fontStyle><fontStyle value="italic"/></fontStyle><fontWeight><fontWeight value="bold"/></fontWeight></fontFace><fontFace><fontSrc><string value="Arimo-Italic.keg"/></fontSrc><fontStyle><fontStyle value="italic"/></fontStyle></fontFace></array></fontFaces><name><string value="Arimo"/></name></fontFamily></array></fontFamilies><styleDeclarations><array><styleDeclaration><styleBlock><styleBlock><gradEndAlpha><double value="0.7"/></gradEndAlpha><gradStartAlpha><double value="0.5"/></gradStartAlpha></styleBlock></styleBlock><styleSelector><simpleSelector value="zCircle"/></styleSelector></styleDeclaration><styleDeclaration><styleBlock><styleBlock><color><color value="#C7C7C4"/></color><gradEndColor><color value="#C7C7C4"/></gradEndColor><gradStartColor><color value="#C7C7C4"/></gradStartColor><fillType><fillType value="linear"/></fillType></styleBlock></styleBlock><styleSelector><simpleSelector value="*.line1"/></styleSelector></styleDeclaration><styleDeclaration><styleBlock><styleBlock><color><color value="#555555"/></color><gradEndColor><color value="#555555"/></gradEndColor><gradStartColor><color value="#888888"/></gradStartColor><fillType><fillType value="linear"/></fillType></styleBlock></styleBlock><styleSelector><simpleSelector value="*.line2"/></styleSelector></styleDeclaration><styleDeclaration><styleBlock><styleBlock><color><color value="#5374EC"/></color><gradEndColor><color value="#5374EC"/></gradEndColor><gradStartColor><color value="#5374EC"/></gradStartColor><fillType><fillType value="linear"/></fillType></styleBlock></styleBlock><styleSelector><simpleSelector value="*.line3"/></styleSelector></styleDeclaration><styleDeclaration><styleBlock><styleBlock><color><color value="#66E186"/></color><gradEndColor><color value="#66E186"/></gradEndColor><gradStartColor><color value="#66E186"/></gradStartColor><fillType><fillType value="linear"/></fillType></styleBlock></styleBlock><styleSelector><simpleSelector value="*.line4"/></styleSelector></styleDeclaration><styleDeclaration><styleBlock><styleBlock><color><color value="#FA5151"/></color><gradEndColor><color value="#FA5151"/></gradEndColor><gradStartColor><color value="#FA5151"/></gradStartColor><fillType><fillType value="linear"/></fillType></styleBlock></styleBlock><styleSelector><simpleSelector value="*.line5"/></styleSelector></styleDeclaration><styleDeclaration><styleBlock><styleBlock><color><color value="#FFFFFF"/></color><gradEndColor><color value="#C7C7C4"/></gradEndColor><gradStartColor><color value="#C7C7C4"/></gradStartColor><fillType><fillType value="linear"/></fillType></styleBlock></styleBlock><styleSelector><simpleSelector value="*.poly1"/></styleSelector></styleDeclaration><styleDeclaration><styleBlock><styleBlock><color><color value="#FFFFFF"/></color><gradEndColor><color value="#000000"/></gradEndColor><gradStartColor><color value="#333333"/></gradStartColor><fillType><fillType value="linear"/></fillType></styleBlock></styleBlock><styleSelector><simpleSelector value="*.poly2"/></styleSelector></styleDeclaration><styleDeclaration><styleBlock><styleBlock><color><color value="#FFFFFF"/></color><gradEndColor><color value="#5374EC"/></gradEndColor><gradStartColor><color value="#5374EC"/></gradStartColor><fillType><fillType value="linear"/></fillType></styleBlock></styleBlock><styleSelector><simpleSelector value="*.poly3"/></styleSelector></styleDeclaration><styleDeclaration><styleBlock><styleBlock><color><color value="#FFFFFF"/></color><gradEndColor><color value="#66E186"/></gradEndColor><gradStartColor><color value="#66E186"/></gradStartColor><fillType><fillType value="linear"/></fillType></styleBlock></styleBlock><styleSelector><simpleSelector value="*.poly4"/></styleSelector></styleDeclaration><styleDeclaration><styleBlock><styleBlock><color><color value="#FFFFFF"/></color><gradEndColor><color value="#FA5151"/></gradEndColor><gradStartColor><color value="#FA5151"/></gradStartColor><fillType><fillType value="linear"/></fillType></styleBlock></styleBlock><styleSelector><simpleSelector value="*.poly5"/></styleSelector></styleDeclaration><styleDeclaration><styleBlock><styleBlock><gradEndColor><color value="#FFFFFF"/></gradEndColor><gradStartColor><color value="#FFFFFF"/></gradStartColor><fillType><fillType value="linear"/></fillType></styleBlock></styleBlock><styleSelector><simpleSelector value="background"/></styleSelector></styleDeclaration><styleDeclaration><styleBlock><styleBlock><gradEndAlpha><double value="1"/></gradEndAlpha><gradEndColor><color value="#FFFFFF"/></gradEndColor><gradStartAlpha><double value="1"/></gradStartAlpha><gradStartColor><color value="#FFFFFF"/></gradStartColor><fillType><fillType value="linear"/></fillType><borderAlpha><double value="0"/></borderAlpha><borderThickness><double value="0"/></borderThickness><thickness><double value="10"/></thickness></styleBlock></styleBlock><styleSelector><simpleSelector value="zArrow"/></styleSelector></styleDeclaration><styleDeclaration><styleBlock><styleBlock><gradEndAlpha><double value="1"/></gradEndAlpha><gradStartAlpha><double value="1"/></gradStartAlpha><borderAlpha><double value="0"/></borderAlpha><radius><double value="0"/></radius><thickness><double value="100"/></thickness></styleBlock></styleBlock><styleSelector><simpleSelector value="zCircle"/></styleSelector></styleDeclaration><styleDeclaration><styleBlock><styleBlock><color><color value="#FFFFFF"/></color></styleBlock></styleBlock><styleSelector><simpleSelector value="zPencil"/></styleSelector></styleDeclaration><styleDeclaration><styleBlock><styleBlock><gradEndAlpha><double value="1"/></gradEndAlpha><gradEndColor><color value="#318BFF"/></gradEndColor><gradStartAlpha><double value="1"/></gradStartAlpha><gradStartColor><color value="#318BFF"/></gradStartColor><fillType><fillType value="linear"/></fillType><borderAlpha><double value="0"/></borderAlpha><borderColor><color value="#318BFF"/></borderColor><borderThickness><double value="0"/></borderThickness><padding><double value="1.03"/></padding><thickness><double value="3"/></thickness></styleBlock></styleBlock><styleSelector><simpleSelector value="zBracketFrame"/></styleSelector></styleDeclaration><styleDeclaration><styleBlock><styleBlock><gradEndAlpha><double value="1"/></gradEndAlpha><gradEndColor><color value="#318BFF"/></gradEndColor><gradStartAlpha><double value="1"/></gradStartAlpha><gradStartColor><color value="#318BFF"/></gradStartColor><fillType><fillType value="linear"/></fillType><borderAlpha><double value="0"/></borderAlpha><borderColor><color value="#333333"/></borderColor><borderThickness><double value="3"/></borderThickness><padding><double value="1.03"/></padding><thickness><double value="3"/></thickness></styleBlock></styleBlock><styleSelector><simpleSelector value="zCircleFrame"/></styleSelector></styleDeclaration><styleDeclaration><styleBlock><styleBlock><gradEndAlpha><double value="0.2"/></gradEndAlpha><gradEndColor><color value="#318BFF"/></gradEndColor><gradStartAlpha><double value="0"/></gradStartAlpha><gradStartColor><color value="#318BFF"/></gradStartColor><fillType><fillType value="linear"/></fillType><borderAlpha><double value="1"/></borderAlpha><borderColor><color value="#318BFF"/></borderColor><borderThickness><double value="10"/></borderThickness><padding><double value="1.03"/></padding><radius><double value="1"/></radius><thickness><double value="3"/></thickness></styleBlock></styleBlock><styleSelector><simpleSelector value="zRectangleFrame"/></styleSelector></styleDeclaration><styleDeclaration><styleBlock><styleBlock><padding><double value="1.2"/></padding></styleBlock></styleBlock><styleSelector><simpleSelector value="zText"/></styleSelector></styleDeclaration><styleDeclaration><styleBlock><styleBlock><color><color value="#333333"/></color><fontClass><string value="body"/></fontClass></styleBlock></styleBlock><styleSelector><simpleSelector value="zText.body"/></styleSelector></styleDeclaration><styleDeclaration><styleBlock><styleBlock><backgroundAlpha><double value="0.9"/></backgroundAlpha><backgroundColor><color value="#E4E4DD"/></backgroundColor><backgroundPadding><double value="6"/></backgroundPadding></styleBlock></styleBlock><styleSelector><simpleSelector value="zText.body-background"/></styleSelector></styleDeclaration><styleDeclaration><styleBlock><styleBlock><color><color value="#333333"/></color><fontClass><string value="head"/></fontClass></styleBlock></styleBlock><styleSelector><simpleSelector value="zText.title"/></styleSelector></styleDeclaration><styleDeclaration><styleBlock><styleBlock><backgroundAlpha><double value="0.9"/></backgroundAlpha><backgroundColor><color value="#F6F1A6"/></backgroundColor><backgroundPadding><double value="6"/></backgroundPadding></styleBlock></styleBlock><styleSelector><simpleSelector value="zText.title-background"/></styleSelector></styleDeclaration><styleDeclaration><styleBlock><styleBlock><color><color value="#333333"/></color><fontClass><string value="strong"/></fontClass></styleBlock></styleBlock><styleSelector><simpleSelector value="zText.subtitle"/></styleSelector></styleDeclaration><styleDeclaration><styleBlock><styleBlock><backgroundAlpha><double value="0.9"/></backgroundAlpha><backgroundColor><color value="#D3E2EE"/></backgroundColor><backgroundPadding><double value="6"/></backgroundPadding></styleBlock></styleBlock><styleSelector><simpleSelector value="zText.subtitle-background"/></styleSelector></styleDeclaration><styleDeclaration><styleBlock><styleBlock><color><color value="#FFFFFF"/></color></styleBlock></styleBlock><styleSelector><simpleSelector value="zLine"/></styleSelector></styleDeclaration><styleDeclaration><styleBlock><styleBlock><color><color value="#F0EA82"/></color><alpha><double value="0.65"/></alpha></styleBlock></styleBlock><styleSelector><simpleSelector value="zMarker"/></styleSelector></styleDeclaration><styleDeclaration><styleBlock><styleBlock><gradEndAlpha><double value="1"/></gradEndAlpha><gradStartAlpha><double value="1"/></gradStartAlpha><borderAlpha><double value="0"/></borderAlpha><radius><double value="0"/></radius><thickness><double value="100"/></thickness></styleBlock></styleBlock><styleSelector><simpleSelector value="zTriangle"/></styleSelector></styleDeclaration><styleDeclaration><styleBlock><styleBlock><gradEndAlpha><double value="1"/></gradEndAlpha><gradStartAlpha><double value="1"/></gradStartAlpha><borderAlpha><double value="0"/></borderAlpha><radius><double value="0"/></radius><thickness><double value="100"/></thickness></styleBlock></styleBlock><styleSelector><simpleSelector value="zSquare"/></styleSelector></styleDeclaration></array></styleDeclarations></documentStyle></documentStyle><path><array><flyToObject><target><ref value="0_120686956"/></target></flyToObject><flyToObject><target><ref value="23_120686956"/></target></flyToObject><flyToObject><target><ref value="2_120686956"/></target></flyToObject><flyToObject><target><ref value="3_120686956"/></target></flyToObject><flyToObject><target><ref value="10_120686956"/></target></flyToObject><flyToObject><target><ref value="5_120686956"/></target></flyToObject><flyToObject><target><ref value="4_120686956"/></target></flyToObject><flyToObject><target><ref value="24_120686956"/></target></flyToObject><flyToObject><target><ref value="26_120686956"/></target></flyToObject><flyToObject><target><ref value="37_120686956"/></target></flyToObject><flyToObject><target><ref value="26_120686956"/></target></flyToObject><flyToObject><target><ref value="36_120686956"/></target></flyToObject><flyToObject><target><ref value="25_120686956"/></target></flyToObject><flyToObject><target><ref value="0_120686956"/></target></flyToObject></array></path><zObjects><array><zImage><id><string value="0_120686956"/></id><onlineAssetId><string value="2606447402"/></onlineAssetId><onlineAssetUrl><string value="http://0103.static.prezi.com.s3.amazonaws.com/media/e/8/e/e/9/55307264a9eaff2b5d260f98cca.png"/></onlineAssetUrl><assetSourceFilename><string value="background.png"/></assetSourceFilename><width><double value="5257"/></width><height><double value="2954"/></height><localToWorld><transform2D x="0" y="-1.008997462895591E-12" scale="13.915169287193114" rotation="0"/></localToWorld></zImage><zInvisibleFrame><id><string value="36_120686956"/></id><width><double value="1277.2542419433594"/></width><height><double value="1109.029369354248"/></height><styleClasses><array><token value="invisible"/></array></styleClasses><localToWorld><transform2D x="8128.8862407175175" y="9882.858480786626" scale="4.243470753210654" rotation="0"/></localToWorld></zInvisibleFrame><zImage><id><string value="6_120686956"/></id><onlineAssetId><string value="2606457521"/></onlineAssetId><onlineAssetUrl><string value="http://0103.static.prezi.com.s3.amazonaws.com/media/7/e/5/3/e/c458987438892f83ca2fdd6836e.png"/></onlineAssetUrl><assetSourceFilename><string value="qr.png"/></assetSourceFilename><width><double value="732"/></width><height><double value="732"/></height><localToWorld><transform2D x="8203.84632758108" y="10356.549945805778" scale="3.53121465101938" rotation="0"/></localToWorld></zImage><zImage><id><string value="9_120686956"/></id><onlineAssetId><string value="2606457637"/></onlineAssetId><onlineAssetUrl><string value="http://0103.static.prezi.com.s3.amazonaws.com/media/2/d/a/0/1/29dba3c4dc0b956899a0831e961.png"/></onlineAssetUrl><assetSourceFilename><string value="tab1.png"/></assetSourceFilename><width><double value="471"/></width><height><double value="683"/></height><localToWorld><transform2D x="-9752.573353123105" y="-10539.509458449049" scale="9.702225099546038" rotation="0"/></localToWorld></zImage><zImage><id><string value="8_120686956"/></id><onlineAssetId><string value="2606457636"/></onlineAssetId><onlineAssetUrl><string value="http://0103.static.prezi.com.s3.amazonaws.com/media/a/8/0/5/a/981f7af40da972ffbd9c2240596.png"/></onlineAssetUrl><assetSourceFilename><string value="tab3.png"/></assetSourceFilename><width><double value="815"/></width><height><double value="699"/></height><localToWorld><transform2D x="-5879.203474805639" y="9928.144755108175" scale="9.480142693833967" rotation="0"/></localToWorld></zImage><zInvisibleFrame><id><string value="25_120686956"/></id><width><double value="1749.7499421196194"/></width><height><double value="1187.10249710083"/></height><styleClasses><array><token value="invisible"/></array></styleClasses><localToWorld><transform2D x="20449.910285348804" y="3104.896638676461" scale="8.08280143468696" rotation="0"/></localToWorld></zInvisibleFrame><zImage><id><string value="7_120686956"/></id><onlineAssetId><string value="2606457634"/></onlineAssetId><onlineAssetUrl><string value="http://0103.static.prezi.com.s3.amazonaws.com/media/a/3/d/1/b/9ca26a743fc929cbc7ed092e23e.png"/></onlineAssetUrl><assetSourceFilename><string value="tab2.png"/></assetSourceFilename><width><double value="625"/></width><height><double value="707"/></height><localToWorld><transform2D x="22909.137708575217" y="1021.6635197467547" scale="7.051114239624587" rotation="0"/></localToWorld></zImage><zInvisibleFrame><id><string value="24_120686956"/></id><width><double value="2265.8897584638435"/></width><height><double value="1563.682187740369"/></height><styleClasses><array><token value="invisible"/></array></styleClasses><localToWorld><transform2D x="-22255.068625433014" y="10702.888401962931" scale="8.08280143468696" rotation="0"/></localToWorld></zInvisibleFrame><zImage><id><string value="17_120686956"/></id><onlineAssetId><string value="2606528414"/></onlineAssetId><onlineAssetUrl><string value="http://0103.static.prezi.com.s3.amazonaws.com/media/8/c/e/0/c/6f3a16b41ac964ebb2cf9af0ffb.png"/></onlineAssetUrl><assetSourceFilename><string value="log3.png"/></assetSourceFilename><width><double value="939"/></width><height><double value="390"/></height><localToWorld><transform2D x="6373.090982480516" y="1587.6731055969108" scale="4.693233652572274" rotation="0"/></localToWorld></zImage><zImage><id><string value="19_120686956"/></id><onlineAssetId><string value="2606528428"/></onlineAssetId><onlineAssetUrl><string value="http://0103.static.prezi.com.s3.amazonaws.com/media/5/4/9/5/2/21757694960a8f1389608e1af4b.png"/></onlineAssetUrl><assetSourceFilename><string value="log1.png"/></assetSourceFilename><width><double value="1350"/></width><height><double value="348"/></height><localToWorld><transform2D x="-4777.620702536817" y="1588.0214615532302" scale="3.264404740566938" rotation="0"/></localToWorld></zImage><zImage><id><string value="18_120686956"/></id><onlineAssetId><string value="2606528415"/></onlineAssetId><onlineAssetUrl><string value="http://0103.static.prezi.com.s3.amazonaws.com/media/5/d/e/4/3/942bb304eff8677a980e8100eb1.png"/></onlineAssetUrl><assetSourceFilename><string value="log5.png"/></assetSourceFilename><width><double value="680"/></width><height><double value="645"/></height><localToWorld><transform2D x="453.90781108441996" y="4955.711834602416" scale="3.4835595631958505" rotation="0"/></localToWorld></zImage><zImage><id><string value="22_120686956"/></id><onlineAssetId><string value="2606528448"/></onlineAssetId><onlineAssetUrl><string value="http://0103.static.prezi.com.s3.amazonaws.com/media/5/1/4/8/1/e68347049c69ba5fe5dc4c3e266.png"/></onlineAssetUrl><assetSourceFilename><string value="log4.png"/></assetSourceFilename><width><double value="1226"/></width><height><double value="334"/></height><localToWorld><transform2D x="-4777.620702536817" y="4955.496821953851" scale="3.8992860880910456" rotation="0"/></localToWorld></zImage><zImage><id><string value="21_120686956"/></id><onlineAssetId><string value="2606528430"/></onlineAssetId><onlineAssetUrl><string value="http://0103.static.prezi.com.s3.amazonaws.com/media/9/f/c/5/0/afd5952450caaf45e34d2c70d54.png"/></onlineAssetUrl><assetSourceFilename><string value="log2.png"/></assetSourceFilename><width><double value="630"/></width><height><double value="562"/></height><localToWorld><transform2D x="454.85833738374004" y="1587.6731055969108" scale="5.391059875157809" rotation="0"/></localToWorld></zImage><zImage><id><string value="20_120686956"/></id><onlineAssetId><string value="2606528429"/></onlineAssetId><onlineAssetUrl><string value="http://0103.static.prezi.com.s3.amazonaws.com/media/a/9/6/5/3/06e400d41e8ba1bb4a218eb4e46.png"/></onlineAssetUrl><assetSourceFilename><string value="log6.png"/></assetSourceFilename><width><double value="1296"/></width><height><double value="383"/></height><localToWorld><transform2D x="6372.4755089541695" y="4955.363478646096" scale="3.4004216047572267" rotation="0"/></localToWorld></zImage><zInvisibleFrame><id><string value="23_120686956"/></id><width><double value="3305.562179331366"/></width><height><double value="2183.555592351386"/></height><styleClasses><array><token value="invisible"/></array></styleClasses><localToWorld><transform2D x="-19990.10438652598" y="-8118.448742992719" scale="8.08280143468696" rotation="0"/></localToWorld></zInvisibleFrame><zInvisibleFrame><id><string value="26_120686956"/></id><width><double value="2823.3881050561276"/></width><height><double value="2083.9009132062993"/></height><styleClasses><array><token value="invisible"/></array></styleClasses><localToWorld><transform2D x="738.1806920333556" y="6277.54854560121" scale="8.08280143468696" rotation="0"/></localToWorld></zInvisibleFrame><zImage><id><string value="30_120686956"/></id><onlineAssetId><string value="2606557815"/></onlineAssetId><onlineAssetUrl><string value="http://0103.static.prezi.com.s3.amazonaws.com/media/d/b/0/b/5/cb31018444e9dcc90f09d34d94d.png"/></onlineAssetUrl><assetSourceFilename><string value="77_Монтажная область 1.png"/></assetSourceFilename><width><double value="300"/></width><height><double value="400"/></height><localToWorld><transform2D x="16052.79577629315" y="4091.376206834935" scale="6.636297412654432" rotation="0"/></localToWorld></zImage><zImage><id><string value="31_120686956"/></id><onlineAssetId><string value="2606557821"/></onlineAssetId><onlineAssetUrl><string value="http://0103.static.prezi.com.s3.amazonaws.com/media/c/3/d/3/5/0bef93b4e5db930c3663058e02e.png"/></onlineAssetUrl><assetSourceFilename><string value="66_Монтажная область 1.png"/></assetSourceFilename><width><double value="300"/></width><height><double value="400"/></height><localToWorld><transform2D x="18351.596732046088" y="325.9966749765407" scale="6.636297412654434" rotation="0"/></localToWorld></zImage><zImage><id><string value="32_120686956"/></id><onlineAssetId><string value="2606557823"/></onlineAssetId><onlineAssetUrl><string value="http://0103.static.prezi.com.s3.amazonaws.com/media/c/3/7/c/f/97e0a4849faa9c9ef1f7d53d867.png"/></onlineAssetUrl><assetSourceFilename><string value="88_Монтажная область 1.png"/></assetSourceFilename><width><double value="300"/></width><height><double value="400"/></height><localToWorld><transform2D x="20634.72166976465" y="4091.027850878615" scale="6.636297412654434" rotation="0"/></localToWorld></zImage><zText><id><string value="33_120686956"/></id><text><text><width>-172.79296875</width><p align="center"><span color="16777215"><![CDATA[Михаил Петров]]></span></p><p align="center"><span color="16777215"><![CDATA[frontend]]></span></p></text></text><styleClasses><array><token value="body"/></array></styleClasses><localToWorld><transform2D x="18350.900020133453" y="2406.7268020734227" scale="17.724505414911714" rotation="0"/></localToWorld></zText><zText><id><string value="34_120686956"/></id><text><text><width>-217.03125</width><p align="center"><span color="16777215"><![CDATA[Романычев Леоинд]]></span></p><p align="center"><span color="16777215"><![CDATA[design]]></span></p></text></text><styleClasses><array><token value="body"/></array></styleClasses><localToWorld><transform2D x="21026.274396835983" y="6263.375594487547" scale="17.724505414911714" rotation="0"/></localToWorld></zText><zText><id><string value="35_120686956"/></id><text><text><width>-167.9765625</width><p align="center"><span color="16777215"><![CDATA[Полоз Алексей]]></span></p><p align="center"><span color="16777215"><![CDATA[backend]]></span></p></text></text><styleClasses><array><token value="body"/></array></styleClasses><localToWorld><transform2D x="16009.211895428403" y="6262.678882574909" scale="17.724505414911714" rotation="0"/></localToWorld></zText><zVideo><id><string value="37_120686956"/></id><videoType><string value="video"/></videoType><onlineAssetId><string value="2606619924"/></onlineAssetId><onlineAssetUrl><string value="http://0103.static.prezi.com.s3.amazonaws.com/media/3/8/5/7/e/4e4be014ec0aca27550a08db6e9.mp4"/></onlineAssetUrl><localToWorld><transform2D x="1371.8257559865258" y="9928.493111064492" scale="10.163961133233451" rotation="0"/></localToWorld></zVideo><zText><id><string value="38_120686956"/></id><text><text><width>52.5078125</width><p><span color="16777215"><![CDATA[MVP]]></span></p></text></text><styleClasses><array><token value="title"/></array></styleClasses><localToWorld><transform2D x="8118.8474742391" y="8263.95938700858" scale="22.06009607080609" rotation="0"/></localToWorld></zText><zText><id><string value="40_120686956"/></id><text><text><width>-98.6484375</width><p align="center"><span color="16777215"><![CDATA[ROAD]]></span></p><p align="center"><span color="16777215"><![CDATA[TO]]></span></p><p align="center"><span color="16777215"><![CDATA[MILLION]]></span></p></text></text><styleClasses><array><token value="title"/></array></styleClasses><localToWorld><transform2D x="449.727539608584" y="-5729.410413588217" scale="84.34620796427244" rotation="0"/></localToWorld></zText><zImage><id><string value="1_120686956"/></id><onlineAssetId><string value="2609192816"/></onlineAssetId><onlineAssetUrl><string value="http://0103.static.prezi.com.s3.amazonaws.com/media/c/3/6/9/d/3910a744bc792b2df905826dfc0.png"/></onlineAssetUrl><assetSourceFilename><string value="tab_eco.png"/></assetSourceFilename><width><double value="734"/></width><height><double value="628"/></height><localToWorld><transform2D x="-26945.75802959737" y="13264.99204503361" scale="8.656052736287918" rotation="0"/></localToWorld></zImage><zImage><id><string value="2_120686956"/></id><onlineAssetId><string value="2609210450"/></onlineAssetId><onlineAssetUrl><string value="http://0103.static.prezi.com.s3.amazonaws.com/media/9/d/f/9/0/b8c2d574c488a2c9623390286ad.png"/></onlineAssetUrl><assetSourceFilename><string value="Screenshot 2020-06-07 at 10.06.47.png"/></assetSourceFilename><width><double value="2880"/></width><height><double value="1646"/></height><localToWorld><transform2D x="-20357.312803348286" y="-1872.2301209838545" scale="0.5689684283704519" rotation="0"/></localToWorld></zImage><zInvisibleFrame><id><string value="3_120686956"/></id><width><double value="2679.694818231272"/></width><height><double value="1883.4950917573692"/></height><styleClasses><array><token value="invisible"/></array></styleClasses><localToWorld><transform2D x="-20806.800949505807" y="-2081.355598937135" scale="0.21881355913499156" rotation="0"/></localToWorld></zInvisibleFrame><zInvisibleFrame><id><string value="4_120686956"/></id><width><double value="2064.225101245567"/></width><height><double value="1383.9176734045614"/></height><styleClasses><array><token value="invisible"/></array></styleClasses><localToWorld><transform2D x="-20861.654930563225" y="-1640.8189296633518" scale="0.21881355913499156" rotation="0"/></localToWorld></zInvisibleFrame><zInvisibleFrame><id><string value="5_120686956"/></id><width><double value="1999.1313895556343"/></width><height><double value="1635.8905419546568"/></height><styleClasses><array><token value="invisible"/></array></styleClasses><localToWorld><transform2D x="-19848.908026844227" y="-1887.7694899971755" scale="0.21881355913499156" rotation="0"/></localToWorld></zInvisibleFrame><zInvisibleFrame><id><string value="10_120686956"/></id><width><double value="2656.645357178126"/></width><height><double value="1989.4662290498168"/></height><styleClasses><array><token value="invisible"/></array></styleClasses><localToWorld><transform2D x="-20330.049889825586" y="-1721.6586839319916" scale="0.21881355913499156" rotation="0"/></localToWorld></zInvisibleFrame><zImage><id><string value="14_120686956"/></id><onlineAssetId><string value="2609261181"/></onlineAssetId><onlineAssetUrl><string value="http://0103.static.prezi.com.s3.amazonaws.com/media/9/d/a/2/d/5ca71ca4be7a570a1de35f70bf4.jpg"/></onlineAssetUrl><assetSourceFilename><string value="photo_2020-06-07_07-17-34.jpg"/></assetSourceFilename><width><double value="1280"/></width><height><double value="609"/></height><localToWorld><transform2D x="-17534.5" y="8000.4" scale="4.635447944931082" rotation="0"/></localToWorld></zImage><zImage><id><string value="15_120686956"/></id><onlineAssetId><string value="2609261180"/></onlineAssetId><onlineAssetUrl><string value="http://0103.static.prezi.com.s3.amazonaws.com/media/d/3/b/5/2/209043b4c039a81293ee093c955.jpg"/></onlineAssetUrl><assetSourceFilename><string value="photo_2020-06-07_07-17-45.jpg"/></assetSourceFilename><width><double value="1280"/></width><height><double value="1017"/></height><localToWorld><transform2D x="-24483.45" y="6954.15" scale="4.334997293065492" rotation="0"/></localToWorld></zImage><zImage><id><string value="16_120686956"/></id><onlineAssetId><string value="2609261184"/></onlineAssetId><onlineAssetUrl><string value="http://0103.static.prezi.com.s3.amazonaws.com/media/d/5/4/4/c/bceb98a4022bd770cac263c3d6d.jpg"/></onlineAssetUrl><assetSourceFilename><string value="photo_2020-06-07_07-17-39.jpg"/></assetSourceFilename><width><double value="1032"/></width><height><double value="944"/></height><localToWorld><transform2D x="-23516.9" y="11231.85" scale="3.510093879947895" rotation="0"/></localToWorld></zImage><zImage><id><string value="27_120686956"/></id><onlineAssetId><string value="2609304112"/></onlineAssetId><onlineAssetUrl><string value="http://0103.static.prezi.com.s3.amazonaws.com/media/8/f/b/6/f/d6912624cd69a55887430c3362f.png"/></onlineAssetUrl><assetSourceFilename><string value="cost-table.png"/></assetSourceFilename><width><double value="2667"/></width><height><double value="1361"/></height><localToWorld><transform2D x="-17539.7" y="12132.949999999999" scale="2.2247369214517367" rotation="0"/></localToWorld></zImage><zImage><id><string value="43_120686956"/></id><onlineAssetId><string value="2609394543"/></onlineAssetId><onlineAssetUrl><string value="http://0103.static.prezi.com.s3.amazonaws.com/media/c/7/c/2/7/70a57a9400bba69b91c61c0074c.jpg"/></onlineAssetUrl><assetSourceFilename><string value="photo_2020-06-07_07-46-03.jpg"/></assetSourceFilename><width><double value="640"/></width><height><double value="1280"/></height><localToWorld><transform2D x="-9197.75" y="-2967.8" scale="3.6685139377534703" rotation="0"/></localToWorld></zImage></array></zObjects></prezi>