<prezi xsi:schemaLocation="http://prezi.com/schema/prezi/2 http://prezi.com/schema/prezi/2" xmlns:xsi="http://www.w3.org/2001/XMLSchema-instance" version="2" xmlns="http://prezi.com/schema/prezi/2"><xFields><xField name="preziType"><xEnum type="PreziType" value="converted-from-core"/></xField></xFields><documentStyle><documentStyle><fontClasses><array><fontClass><fontFamily><string value="Arimo"/></fontFamily><name><string value="body"/></name></fontClass><fontClass><fontFamily><string value="Arimo"/></fontFamily><fontWeight><fontWeight value="bold"/></fontWeight><name><string value="head"/></name></fontClass><fontClass><fontFamily><string value="Arimo"/></fontFamily><fontStyle><fontStyle value="italic"/></fontStyle><fontWeight><fontWeight value="bold"/></fontWeight><name><string value="strong"/></name></fontClass></array></fontClasses><fontFamilies><array><fontFamily><fontFaces><array><fontFace><fontSrc><string value="Arimo-Regular.keg"/></fontSrc></fontFace><fontFace><fontSrc><string value="Arimo-Bold.keg"/></fontSrc><fontWeight><fontWeight value="bold"/></fontWeight></fontFace><fontFace><fontSrc><string value="Arimo-BoldItalic.keg"/></fontSrc><fontStyle><fontStyle value="italic"/></fontStyle><fontWeight><fontWeight value="bold"/></fontWeight></fontFace><fontFace><fontSrc><string value="Arimo-Italic.keg"/></fontSrc><fontStyle><fontStyle value="italic"/></fontStyle></fontFace></array></fontFaces><name><string value="Arimo"/></name></fontFamily></array></fontFamilies><styleDeclarations><array><styleDeclaration><styleBlock><styleBlock><gradEndAlpha><double value="0.7"/></gradEndAlpha><gradStartAlpha><double value="0.5"/></gradStartAlpha></styleBlock></styleBlock><styleSelector><simpleSelector value="zCircle"/></styleSelector></styleDeclaration><styleDeclaration><styleBlock><styleBlock><color><color value="#C7C7C4"/></color><gradEndColor><color value="#C7C7C4"/></gradEndColor><gradStartColor><color value="#C7C7C4"/></gradStartColor><fillType><fillType value="linear"/></fillType></styleBlock></styleBlock><styleSelector><simpleSelector value="*.line1"/></styleSelector></styleDeclaration><styleDeclaration><styleBlock><styleBlock><color><color value="#555555"/></color><gradEndColor><color value="#555555"/></gradEndColor><gradStartColor><color value="#888888"/></gradStartColor><fillType><fillType value="linear"/></fillType></styleBlock></styleBlock><styleSelector><simpleSelector value="*.line2"/></styleSelector></styleDeclaration><styleDeclaration><styleBlock><styleBlock><color><color value="#5374EC"/></color><gradEndColor><color value="#5374EC"/></gradEndColor><gradStartColor><color value="#5374EC"/></gradStartColor><fillType><fillType value="linear"/></fillType></styleBlock></styleBlock><styleSelector><simpleSelector value="*.line3"/></styleSelector></styleDeclaration><styleDeclaration><styleBlock><styleBlock><color><color value="#66E186"/></color><gradEndColor><color value="#66E186"/></gradEndColor><gradStartColor><color value="#66E186"/></gradStartColor><fillType><fillType value="linear"/></fillType></styleBlock></styleBlock><styleSelector><simpleSelector value="*.line4"/></styleSelector></styleDeclaration><styleDeclaration><styleBlock><styleBlock><color><color value="#FA5151"/></color><gradEndColor><color value="#FA5151"/></gradEndColor><gradStartColor><color value="#FA5151"/></gradStartColor><fillType><fillType value="linear"/></fillType></styleBlock></styleBlock><styleSelector><simpleSelector value="*.line5"/></styleSelector></styleDeclaration><styleDeclaration><styleBlock><styleBlock><color><color value="#FFFFFF"/></color><gradEndColor><color value="#C7C7C4"/></gradEndColor><gradStartColor><color value="#C7C7C4"/></gradStartColor><fillType><fillType value="linear"/></fillType></styleBlock></styleBlock><styleSelector><simpleSelector value="*.poly1"/></styleSelector></styleDeclaration><styleDeclaration><styleBlock><styleBlock><color><color value="#FFFFFF"/></color><gradEndColor><color value="#000000"/></gradEndColor><gradStartColor><color value="#333333"/></gradStartColor><fillType><fillType value="linear"/></fillType></styleBlock></styleBlock><styleSelector><simpleSelector value="*.poly2"/></styleSelector></styleDeclaration><styleDeclaration><styleBlock><styleBlock><color><color value="#FFFFFF"/></color><gradEndColor><color value="#5374EC"/></gradEndColor><gradStartColor><color value="#5374EC"/></gradStartColor><fillType><fillType value="linear"/></fillType></styleBlock></styleBlock><styleSelector><simpleSelector value="*.poly3"/></styleSelector></styleDeclaration><styleDeclaration><styleBlock><styleBlock><color><color value="#FFFFFF"/></color><gradEndColor><color value="#66E186"/></gradEndColor><gradStartColor><color value="#66E186"/></gradStartColor><fillType><fillType value="linear"/></fillType></styleBlock></styleBlock><styleSelector><simpleSelector value="*.poly4"/></styleSelector></styleDeclaration><styleDeclaration><styleBlock><styleBlock><color><color value="#FFFFFF"/></color><gradEndColor><color value="#FA5151"/></gradEndColor><gradStartColor><color value="#FA5151"/></gradStartColor><fillType><fillType value="linear"/></fillType></styleBlock></styleBlock><styleSelector><simpleSelector value="*.poly5"/></styleSelector></styleDeclaration><styleDeclaration><styleBlock><styleBlock><gradEndColor><color value="#FFFFFF"/></gradEndColor><gradStartColor><color value="#FFFFFF"/></gradStartColor><fillType><fillType value="linear"/></fillType></styleBlock></styleBlock><styleSelector><simpleSelector value="background"/></styleSelector></styleDeclaration><styleDeclaration><styleBlock><styleBlock><gradEndAlpha><double value="1"/></gradEndAlpha><gradEndColor><color value="#FFFFFF"/></gradEndColor><gradStartAlpha><double value="1"/></gradStartAlpha><gradStartColor><color value="#FFFFFF"/></gradStartColor><fillType><fillType value="linear"/></fillType><borderAlpha><double value="0"/></borderAlpha><borderThickness><double value="0"/></borderThickness><thickness><double value="10"/></thickness></styleBlock></styleBlock><styleSelector><simpleSelector value="zArrow"/></styleSelector></styleDeclaration><styleDeclaration><styleBlock><styleBlock><gradEndAlpha><double value="1"/></gradEndAlpha><gradStartAlpha><double value="1"/></gradStartAlpha><borderAlpha><double value="0"/></borderAlpha><radius><double value="0"/></radius><thickness><double value="100"/></thickness></styleBlock></styleBlock><styleSelector><simpleSelector value="zCircle"/></styleSelector></styleDeclaration><styleDeclaration><styleBlock><styleBlock><color><color value="#FFFFFF"/></color></styleBlock></styleBlock><styleSelector><simpleSelector value="zPencil"/></styleSelector></styleDeclaration><styleDeclaration><styleBlock><styleBlock><gradEndAlpha><double value="1"/></gradEndAlpha><gradEndColor><color value="#318BFF"/></gradEndColor><gradStartAlpha><double value="1"/></gradStartAlpha><gradStartColor><color value="#318BFF"/></gradStartColor><fillType><fillType value="linear"/></fillType><borderAlpha><double value="0"/></borderAlpha><borderColor><color value="#318BFF"/></borderColor><borderThickness><double value="0"/></borderThickness><padding><double value="1.03"/></padding><thickness><double value="3"/></thickness></styleBlock></styleBlock><styleSelector><simpleSelector value="zBracketFrame"/></styleSelector></styleDeclaration><styleDeclaration><styleBlock><styleBlock><gradEndAlpha><double value="1"/></gradEndAlpha><gradEndColor><color value="#318BFF"/></gradEndColor><gradStartAlpha><double value="1"/></gradStartAlpha><gradStartColor><color value="#318BFF"/></gradStartColor><fillType><fillType value="linear"/></fillType><borderAlpha><double value="0"/></borderAlpha><borderColor><color value="#333333"/></borderColor><borderThickness><double value="3"/></borderThickness><padding><double value="1.03"/></padding><thickness><double value="3"/></thickness></styleBlock></styleBlock><styleSelector><simpleSelector value="zCircleFrame"/></styleSelector></styleDeclaration><styleDeclaration><styleBlock><styleBlock><gradEndAlpha><double value="0.2"/></gradEndAlpha><gradEndColor><color value="#318BFF"/></gradEndColor><gradStartAlpha><double value="0"/></gradStartAlpha><gradStartColor><color value="#318BFF"/></gradStartColor><fillType><fillType value="linear"/></fillType><borderAlpha><double value="1"/></borderAlpha><borderColor><color value="#318BFF"/></borderColor><borderThickness><double value="10"/></borderThickness><padding><double value="1.03"/></padding><radius><double value="1"/></radius><thickness><double value="3"/></thickness></styleBlock></styleBlock><styleSelector><simpleSelector value="zRectangleFrame"/></styleSelector></styleDeclaration><styleDeclaration><styleBlock><styleBlock><padding><double value="1.2"/></padding></styleBlock></styleBlock><styleSelector><simpleSelector value="zText"/></styleSelector></styleDeclaration><styleDeclaration><styleBlock><styleBlock><color><color value="#333333"/></color><fontClass><string value="body"/></fontClass></styleBlock></styleBlock><styleSelector><simpleSelector value="zText.body"/></styleSelector></styleDeclaration><styleDeclaration><styleBlock><styleBlock><backgroundAlpha><double value="0.9"/></backgroundAlpha><backgroundColor><color value="#E4E4DD"/></backgroundColor><backgroundPadding><double value="6"/></backgroundPadding></styleBlock></styleBlock><styleSelector><simpleSelector value="zText.body-background"/></styleSelector></styleDeclaration><styleDeclaration><styleBlock><styleBlock><color><color value="#333333"/></color><fontClass><string value="head"/></fontClass></styleBlock></styleBlock><styleSelector><simpleSelector value="zText.title"/></styleSelector></styleDeclaration><styleDeclaration><styleBlock><styleBlock><backgroundAlpha><double value="0.9"/></backgroundAlpha><backgroundColor><color value="#F6F1A6"/></backgroundColor><backgroundPadding><double value="6"/></backgroundPadding></styleBlock></styleBlock><styleSelector><simpleSelector value="zText.title-background"/></styleSelector></styleDeclaration><styleDeclaration><styleBlock><styleBlock><color><color value="#333333"/></color><fontClass><string value="strong"/></fontClass></styleBlock></styleBlock><styleSelector><simpleSelector value="zText.subtitle"/></styleSelector></styleDeclaration><styleDeclaration><styleBlock><styleBlock><backgroundAlpha><double value="0.9"/></backgroundAlpha><backgroundColor><color value="#D3E2EE"/></backgroundColor><backgroundPadding><double value="6"/></backgroundPadding></styleBlock></styleBlock><styleSelector><simpleSelector value="zText.subtitle-background"/></styleSelector></styleDeclaration><styleDeclaration><styleBlock><styleBlock><color><color value="#FFFFFF"/></color></styleBlock></styleBlock><styleSelector><simpleSelector value="zLine"/></styleSelector></styleDeclaration><styleDeclaration><styleBlock><styleBlock><color><color value="#F0EA82"/></color><alpha><double value="0.65"/></alpha></styleBlock></styleBlock><styleSelector><simpleSelector value="zMarker"/></styleSelector></styleDeclaration><styleDeclaration><styleBlock><styleBlock><gradEndAlpha><double value="1"/></gradEndAlpha><gradStartAlpha><double value="1"/></gradStartAlpha><borderAlpha><double value="0"/></borderAlpha><radius><double value="0"/></radius><thickness><double value="100"/></thickness></styleBlock></styleBlock><styleSelector><simpleSelector value="zTriangle"/></styleSelector></styleDeclaration><styleDeclaration><styleBlock><styleBlock><gradEndAlpha><double value="1"/></gradEndAlpha><gradStartAlpha><double value="1"/></gradStartAlpha><borderAlpha><double value="0"/></borderAlpha><radius><double value="0"/></radius><thickness><double value="100"/></thickness></styleBlock></styleBlock><styleSelector><simpleSelector value="zSquare"/></styleSelector></styleDeclaration></array></styleDeclarations></documentStyle></documentStyle><path><array><flyToObject><target><ref value="0_120686956"/></target></flyToObject><flyToObject><target><ref value="1_120686956"/></target></flyToObject><flyToObject><target><ref value="13_120686956"/></target></flyToObject><flyToObject><target><ref value="14_120686956"/></target></flyToObject><flyToObject><target><ref value="2_120686956"/></target></flyToObject><flyToObject><target><ref value="15_120686956"/></target></flyToObject><flyToObject><target><ref value="3_120686956"/></target></flyToObject><flyToObject><target><ref value="0_120686956"/></target></flyToObject></array></path><zObjects><array><zImage><id><string value="0_120686956"/></id><onlineAssetId><string value="5039781729"/></onlineAssetId><onlineAssetUrl><string value="http://0103.static.prezi.com.s3.amazonaws.com/media/d/6/0/8aa2c14adb9d66f7866df3506aedda5dc9dbf.png"/></onlineAssetUrl><assetSourceFilename><string value="Pole-01.png"/></assetSourceFilename><width><double value="5334"/></width><height><double value="3001"/></height><localToWorld><transform2D x="-1.7115525845301E-12" y="0" scale="8.479800624281731" rotation="0"/></localToWorld></zImage><zImage><id><string value="1_120686956"/></id><onlineAssetId><string value="5039782876"/></onlineAssetId><onlineAssetUrl><string value="http://0103.static.prezi.com.s3.amazonaws.com/media/8/d/d/43f037379d97a0a68826d64c8db4afff2c779.png"/></onlineAssetUrl><assetSourceFilename><string value="3.png"/></assetSourceFilename><width><double value="16323"/></width><height><double value="9591"/></height><localToWorld><transform2D x="-5271.248841174007" y="-3279.97738251269" scale="0.46368858621311215" rotation="0"/></localToWorld></zImage><zImage><id><string value="2_120686956"/></id><onlineAssetId><string value="5039782886"/></onlineAssetId><onlineAssetUrl><string value="http://0103.static.prezi.com.s3.amazonaws.com/media/8/b/0/b24af518cd2720bc899aa2475baa6f60e6be0.png"/></onlineAssetUrl><assetSourceFilename><string value="1.png"/></assetSourceFilename><width><double value="16214"/></width><height><double value="9274"/></height><localToWorld><transform2D x="4570.690636463519" y="-1077.9362634083932" scale="0.3712830131706939" rotation="0"/></localToWorld></zImage><zImage><id><string value="3_120686956"/></id><onlineAssetId><string value="5039783461"/></onlineAssetId><onlineAssetUrl><string value="http://0103.static.prezi.com.s3.amazonaws.com/media/f/d/d/ba323b45999c54108ca43d478f7db8f3bb512.png"/></onlineAssetUrl><assetSourceFilename><string value="4.png"/></assetSourceFilename><width><double value="17006"/></width><height><double value="9713"/></height><localToWorld><transform2D x="15093.11501781696" y="-3277.970052413233" scale="0.5285338051462537" rotation="0"/></localToWorld></zImage><zText><id><string value="4_120686956"/></id><text><text><width>-161.3203125</width><p><span><![CDATA[BLOCKCHAIN]]></span></p></text></text><styleClasses><array><token value="title"/></array></styleClasses><localToWorld><transform2D x="-4173.285287861625" y="-4515.083887528799" scale="15.231088081467714" rotation="0"/></localToWorld></zText><zVideo><id><string value="15_120686956"/></id><videoType><string value="video"/></videoType><onlineAssetId><string value="5039950382"/></onlineAssetId><onlineAssetUrl><string value="http://0103.static.prezi.com.s3.amazonaws.com/converted/2/9/9/5bb4dc921efaf31c61e57f09c05f7838cee6d.mp4"/></onlineAssetUrl><localToWorld><transform2D x="4188.3" y="-739.15" scale="6.321589245131341" rotation="0"/></localToWorld></zVideo><zText><id><string value="5_120686956"/></id><text><text><width>-103.9921875</width><p><span><![CDATA[TRAILER]]></span></p></text></text><styleClasses><array><token value="title"/></array></styleClasses><localToWorld><transform2D x="4662.138076316475" y="-2291.0549681187604" scale="10.036650497284851" rotation="0"/></localToWorld></zText><zText><id><string value="6_120686956"/></id><text><text><width>-185.33203125</width><p><span><![CDATA[FUTURE PLANS]]></span></p></text></text><styleClasses><array><token value="title"/></array></styleClasses><localToWorld><transform2D x="15128.25" y="-4654.9" scale="14.209048599245014" rotation="0"/></localToWorld></zText><zImage><id><string value="12_120686956"/></id><onlineAssetId><string value="5039805418"/></onlineAssetId><onlineAssetUrl><string value="http://0103.static.prezi.com.s3.amazonaws.com/media/3/2/6/ca6f76dd05ad82d6be4a892c2270c5357a19d.png"/></onlineAssetUrl><assetSourceFilename><string value="cards.png"/></assetSourceFilename><width><double value="1995"/></width><height><double value="1748"/></height><localToWorld><transform2D x="16898.65" y="-2708.15" scale="1.4416122997483916" rotation="0"/></localToWorld></zImage><zText><id><string value="7_120686956"/></id><text><text><width>363.2554949727322</width><p indent="1" listType="bullet"><span><![CDATA[Разнообразить механизм получение карт]]></span></p><p indent="1" listType="bullet"><span><![CDATA[Clans]]></span></p><p indent="1" listType="bullet"><span><![CDATA[Boss fights]]></span></p><p indent="1" listType="bullet"><span><![CDATA[Events]]></span></p></text></text><styleClasses><array><token value="title"/></array></styleClasses><localToWorld><transform2D x="13329.830809106275" y="-2595.5883921431914" scale="10.630020299846183" rotation="0"/></localToWorld></zText><zInvisibleFrame><id><string value="14_120686956"/></id><width><double value="800"/></width><height><double value="751.6191552521661"/></height><styleClasses><array><token value="invisible"/></array></styleClasses><localToWorld><transform2D x="-3740.45" y="-2781.5" scale="3.20122450197287" rotation="0"/></localToWorld></zInvisibleFrame><zImage><id><string value="9_120686956"/></id><onlineAssetId><string value="5039802447"/></onlineAssetId><onlineAssetUrl><string value="http://0103.static.prezi.com.s3.amazonaws.com/media/4/3/9/026f24ce7cc254f77cef9076af4370bd7cadc.png"/></onlineAssetUrl><assetSourceFilename><string value="Auction1.png"/></assetSourceFilename><width><double value="4857"/></width><height><double value="4257"/></height><localToWorld><transform2D x="-3837.999999999999" y="-2571.737334665093" scale="0.39137188354500424" rotation="0"/></localToWorld></zImage><zInvisibleFrame><id><string value="13_120686956"/></id><width><double value="800"/></width><height><double value="748.3438449358683"/></height><styleClasses><array><token value="invisible"/></array></styleClasses><localToWorld><transform2D x="-6469.9" y="-2797.6" scale="3.201201780900914" rotation="0"/></localToWorld></zInvisibleFrame><zImage><id><string value="11_120686956"/></id><onlineAssetId><string value="5039844965"/></onlineAssetId><onlineAssetUrl><string value="http://0103.static.prezi.com.s3.amazonaws.com/media/e/8/3/ca605738949278f7a8e6c19d78bade5ab7dd3.png"/></onlineAssetUrl><assetSourceFilename><string value="levelup.png"/></assetSourceFilename><width><double value="4857"/></width><height><double value="4257"/></height><localToWorld><transform2D x="-6469.899999999999" y="-2585.834024054153" scale="0.36218320572899154" rotation="0"/></localToWorld></zImage><zText><id><string value="8_120686956"/></id><text><text><width>402.1</width><p><span><![CDATA[Открытый рынок персонажей]]></span></p></text></text><styleClasses><array><token value="title"/></array></styleClasses><localToWorld><transform2D x="-3740.2000000000016" y="-3750.809935262226" scale="4.712775383954065" rotation="0"/></localToWorld></zText><zText><id><string value="10_120686956"/></id><text><text><width>353.23932289269334</width><p indent="1" listType="bullet"><span><![CDATA[Прогрессия]]></span></p><p indent="1" listType="bullet"><span><![CDATA[Порог вхождения?]]></span></p></text></text><styleClasses><array><token value="title"/></array></styleClasses><localToWorld><transform2D x="-6251.000000000001" y="-3701.7" scale="5.567941473505562" rotation="0"/></localToWorld></zText></array></zObjects></prezi>