<prezi xsi:schemaLocation="http://prezi.com/schema/prezi/2 http://prezi.com/schema/prezi/2" xmlns:xsi="http://www.w3.org/2001/XMLSchema-instance" version="2" xmlns="http://prezi.com/schema/prezi/2"><xFields><xField name="preziType"><xEnum type="PreziType" value="converted-from-core"/></xField></xFields><background><background><layers><array><backgroundImage><depth><double value="24.17578625832251"/></depth><fadeScale><double value="0.05336634913047869"/></fadeScale><width><double value="3000"/></width><height><double value="3000"/></height><onlineAssetId><string value="-2143827861"/></onlineAssetId><onlineAssetUrl><string value="http://0103.static.prezi.com.s3.amazonaws.com/media/2/6/8/fe88e9df890abb52480f69a0e25d8650a7e64.png"/></onlineAssetUrl><assetSourceFilename><string value="Imp.png"/></assetSourceFilename><localToWorld><transform2D x="1775.7153877119292" y="2862.2356472913507" scale="37.82618905736421" rotation="0"/></localToWorld></backgroundImage></array></layers></background></background><documentStyle><documentStyle><fontClasses><array><fontClass><fontFamily><string value="LiberationMonoPR"/></fontFamily><name><string value="body"/></name></fontClass><fontClass><fontFamily><string value="LiberationMonoPR"/></fontFamily><fontWeight><fontWeight value="bold"/></fontWeight><name><string value="head"/></name></fontClass><fontClass><fontFamily><string value="LiberationMonoPR"/></fontFamily><fontStyle><fontStyle value="italic"/></fontStyle><fontWeight><fontWeight value="bold"/></fontWeight><name><string value="strong"/></name></fontClass></array></fontClasses><fontFamilies><array><fontFamily><fontFaces><array><fontFace><fontSrc><string value="LiberationMonoPR-Regular.keg"/></fontSrc></fontFace><fontFace><fontSrc><string value="LiberationMonoPR-Bold.keg"/></fontSrc><fontWeight><fontWeight value="bold"/></fontWeight></fontFace><fontFace><fontSrc><string value="LiberationMonoPR-BoldItalic.keg"/></fontSrc><fontStyle><fontStyle value="italic"/></fontStyle><fontWeight><fontWeight value="bold"/></fontWeight></fontFace><fontFace><fontSrc><string value="LiberationMonoPR-Italic.keg"/></fontSrc><fontStyle><fontStyle value="italic"/></fontStyle></fontFace></array></fontFaces><name><string value="LiberationMonoPR"/></name></fontFamily></array></fontFamilies><styleDeclarations><array><styleDeclaration><styleBlock><styleBlock><gradEndAlpha><double value="0.7"/></gradEndAlpha><gradStartAlpha><double value="0.5"/></gradStartAlpha></styleBlock></styleBlock><styleSelector><simpleSelector value="zCircle"/></styleSelector></styleDeclaration><styleDeclaration><styleBlock><styleBlock><color><color value="#E3F251"/></color><gradEndColor><color value="#B2B2B2"/></gradEndColor><gradStartColor><color value="#B2B2B2"/></gradStartColor><fillType><fillType value="linear"/></fillType><borderColor><color value="#B2B2B2"/></borderColor></styleBlock></styleBlock><styleSelector><simpleSelector value="*.line1"/></styleSelector></styleDeclaration><styleDeclaration><styleBlock><styleBlock><color><color value="#595959"/></color><gradEndColor><color value="#595959"/></gradEndColor><gradStartColor><color value="#595959"/></gradStartColor><fillType><fillType value="linear"/></fillType><borderColor><color value="#595959"/></borderColor></styleBlock></styleBlock><styleSelector><simpleSelector value="*.line2"/></styleSelector></styleDeclaration><styleDeclaration><styleBlock><styleBlock><color><color value="#FEC06C"/></color><gradEndColor><color value="#FEC06C"/></gradEndColor><gradStartColor><color value="#FEC06C"/></gradStartColor><fillType><fillType value="linear"/></fillType></styleBlock></styleBlock><styleSelector><simpleSelector value="*.line3"/></styleSelector></styleDeclaration><styleDeclaration><styleBlock><styleBlock><color><color value="#333333"/></color><gradEndColor><color value="#333333"/></gradEndColor><gradStartColor><color value="#333333"/></gradStartColor><fillType><fillType value="linear"/></fillType><borderColor><color value="#333333"/></borderColor></styleBlock></styleBlock><styleSelector><simpleSelector value="*.line4"/></styleSelector></styleDeclaration><styleDeclaration><styleBlock><styleBlock><color><color value="#191919"/></color><gradEndColor><color value="#191919"/></gradEndColor><gradStartColor><color value="#191919"/></gradStartColor><fillType><fillType value="linear"/></fillType></styleBlock></styleBlock><styleSelector><simpleSelector value="*.line5"/></styleSelector></styleDeclaration><styleDeclaration><styleBlock><styleBlock><color><color value="#8C8C8C"/></color><gradEndAlpha><double value="1"/></gradEndAlpha><gradEndColor><color value="#B2B2B2"/></gradEndColor><gradStartAlpha><double value="1"/></gradStartAlpha><gradStartColor><color value="#B2B2B2"/></gradStartColor><fillType><fillType value="linear"/></fillType><borderAlpha><double value="1"/></borderAlpha><borderColor><color value="#B2B2B2"/></borderColor><borderThickness><double value="9"/></borderThickness></styleBlock></styleBlock><styleSelector><simpleSelector value="*.poly1"/></styleSelector></styleDeclaration><styleDeclaration><styleBlock><styleBlock><color><color value="#8C8C8C"/></color><gradEndColor><color value="#595959"/></gradEndColor><gradStartColor><color value="#595959"/></gradStartColor><fillType><fillType value="linear"/></fillType><borderColor><color value="#595959"/></borderColor></styleBlock></styleBlock><styleSelector><simpleSelector value="*.poly2"/></styleSelector></styleDeclaration><styleDeclaration><styleBlock><styleBlock><color><color value="#8C8C8C"/></color><gradEndColor><color value="#FEC06C"/></gradEndColor><gradStartColor><color value="#FEC06C"/></gradStartColor><fillType><fillType value="linear"/></fillType><borderAlpha><double value="1"/></borderAlpha><borderColor><color value="#FEC06C"/></borderColor><borderThickness><double value="9"/></borderThickness></styleBlock></styleBlock><styleSelector><simpleSelector value="*.poly3"/></styleSelector></styleDeclaration><styleDeclaration><styleBlock><styleBlock><color><color value="#8C8C8C"/></color><gradEndColor><color value="#333333"/></gradEndColor><gradStartColor><color value="#333333"/></gradStartColor><fillType><fillType value="linear"/></fillType></styleBlock></styleBlock><styleSelector><simpleSelector value="*.poly4"/></styleSelector></styleDeclaration><styleDeclaration><styleBlock><styleBlock><color><color value="#8C8C8C"/></color><gradEndColor><color value="#191919"/></gradEndColor><gradStartColor><color value="#191919"/></gradStartColor><fillType><fillType value="linear"/></fillType><borderAlpha><double value="1"/></borderAlpha><borderColor><color value="#191919"/></borderColor><borderThickness><double value="9"/></borderThickness></styleBlock></styleBlock><styleSelector><simpleSelector value="*.poly5"/></styleSelector></styleDeclaration><styleDeclaration><styleBlock><styleBlock><gradEndColor><color value="#2D8E87"/></gradEndColor><gradStartColor><color value="#2D8E87"/></gradStartColor><fillType><fillType value="linear"/></fillType></styleBlock></styleBlock><styleSelector><simpleSelector value="background"/></styleSelector></styleDeclaration><styleDeclaration><styleBlock><styleBlock><gradEndColor><color value="#F000B4"/></gradEndColor><gradStartColor><color value="#F000B4"/></gradStartColor><fillType><fillType value="linear"/></fillType><thickness><double value="7"/></thickness></styleBlock></styleBlock><styleSelector><simpleSelector value="zArrow"/></styleSelector></styleDeclaration><styleDeclaration><styleBlock><styleBlock><gradEndAlpha><double value="1"/></gradEndAlpha><gradStartAlpha><double value="1"/></gradStartAlpha><radius><double value="0"/></radius><thickness><double value="100"/></thickness></styleBlock></styleBlock><styleSelector><simpleSelector value="zCircle"/></styleSelector></styleDeclaration><styleDeclaration><styleBlock><styleBlock><color><color value="#FF9286"/></color></styleBlock></styleBlock><styleSelector><simpleSelector value="zPencil"/></styleSelector></styleDeclaration><styleDeclaration><styleBlock><styleBlock><gradEndAlpha><double value="1"/></gradEndAlpha><gradEndColor><color value="#333333"/></gradEndColor><gradStartAlpha><double value="1"/></gradStartAlpha><gradStartColor><color value="#333333"/></gradStartColor><fillType><fillType value="linear"/></fillType><borderAlpha><double value="0"/></borderAlpha><borderThickness><double value="0"/></borderThickness><padding><double value="1.03"/></padding><thickness><double value="8"/></thickness></styleBlock></styleBlock><styleSelector><simpleSelector value="zBracketFrame"/></styleSelector></styleDeclaration><styleDeclaration><styleBlock><styleBlock><gradEndAlpha><double value="1"/></gradEndAlpha><gradEndColor><color value="#404040"/></gradEndColor><gradStartAlpha><double value="1"/></gradStartAlpha><gradStartColor><color value="#404040"/></gradStartColor><fillType><fillType value="linear"/></fillType><borderAlpha><double value="0"/></borderAlpha><borderThickness><double value="0"/></borderThickness><padding><double value="1.03"/></padding><thickness><double value="8"/></thickness></styleBlock></styleBlock><styleSelector><simpleSelector value="zCircleFrame"/></styleSelector></styleDeclaration><styleDeclaration><styleBlock><styleBlock><gradEndColor><color value="#B2B2B2"/></gradEndColor><gradStartColor><color value="#B2B2B2"/></gradStartColor><fillType><fillType value="linear"/></fillType><borderColor><color value="#FFFFFF"/></borderColor><borderThickness><double value="20"/></borderThickness><padding><double value="1.03"/></padding><radius><double value="3"/></radius></styleBlock></styleBlock><styleSelector><simpleSelector value="zRectangleFrame"/></styleSelector></styleDeclaration><styleDeclaration><styleBlock><styleBlock><padding><double value="1.2"/></padding></styleBlock></styleBlock><styleSelector><simpleSelector value="zText"/></styleSelector></styleDeclaration><styleDeclaration><styleBlock><styleBlock><color><color value="#F6F6F6"/></color><fontClass><string value="body"/></fontClass></styleBlock></styleBlock><styleSelector><simpleSelector value="zText.body"/></styleSelector></styleDeclaration><styleDeclaration><styleBlock><styleBlock><backgroundAlpha><double value="0.9"/></backgroundAlpha><backgroundColor><color value="#191919"/></backgroundColor><backgroundPadding><double value="5"/></backgroundPadding></styleBlock></styleBlock><styleSelector><simpleSelector value="zText.body-background"/></styleSelector></styleDeclaration><styleDeclaration><styleBlock><styleBlock><color><color value="#F6F6F6"/></color><fontClass><string value="head"/></fontClass></styleBlock></styleBlock><styleSelector><simpleSelector value="zText.title"/></styleSelector></styleDeclaration><styleDeclaration><styleBlock><styleBlock><backgroundAlpha><double value="0.9"/></backgroundAlpha><backgroundColor><color value="#404040"/></backgroundColor><backgroundPadding><double value="5"/></backgroundPadding></styleBlock></styleBlock><styleSelector><simpleSelector value="zText.title-background"/></styleSelector></styleDeclaration><styleDeclaration><styleBlock><styleBlock><color><color value="#F6F6F6"/></color><fontClass><string value="strong"/></fontClass></styleBlock></styleBlock><styleSelector><simpleSelector value="zText.subtitle"/></styleSelector></styleDeclaration><styleDeclaration><styleBlock><styleBlock><backgroundAlpha><double value="0.9"/></backgroundAlpha><backgroundColor><color value="#191919"/></backgroundColor><backgroundPadding><double value="5"/></backgroundPadding></styleBlock></styleBlock><styleSelector><simpleSelector value="zText.subtitle-background"/></styleSelector></styleDeclaration><styleDeclaration><styleBlock><styleBlock><color><color value="#F000B4"/></color></styleBlock></styleBlock><styleSelector><simpleSelector value="zLine"/></styleSelector></styleDeclaration><styleDeclaration><styleBlock><styleBlock><color><color value="#318BFF"/></color><gradEndAlpha><double value="0.5"/></gradEndAlpha><gradStartAlpha><double value="0.5"/></gradStartAlpha></styleBlock></styleBlock><styleSelector><simpleSelector value="zMarker"/></styleSelector></styleDeclaration><styleDeclaration><styleBlock><styleBlock><gradEndAlpha><double value="1"/></gradEndAlpha><gradStartAlpha><double value="1"/></gradStartAlpha><borderAlpha><double value="1"/></borderAlpha><radius><double value="0"/></radius><thickness><double value="100"/></thickness></styleBlock></styleBlock><styleSelector><simpleSelector value="zTriangle"/></styleSelector></styleDeclaration><styleDeclaration><styleBlock><styleBlock><gradEndAlpha><double value="1"/></gradEndAlpha><gradStartAlpha><double value="1"/></gradStartAlpha><borderAlpha><double value="1"/></borderAlpha><radius><double value="0"/></radius><thickness><double value="100"/></thickness></styleBlock></styleBlock><styleSelector><simpleSelector value="zSquare"/></styleSelector></styleDeclaration><styleDeclaration><styleBlock><styleBlock><color><color value="#333333"/></color><gradEndAlpha><double value="1"/></gradEndAlpha><gradEndColor><color value="#333333"/></gradEndColor><gradStartAlpha><double value="1"/></gradStartAlpha><gradStartColor><color value="#333333"/></gradStartColor><fillType><fillType value="linear"/></fillType><borderColor><color value="#333333"/></borderColor></styleBlock></styleBlock><styleSelector><simpleSelector value="#0"/></styleSelector></styleDeclaration><styleDeclaration><styleBlock><styleBlock><color><color value="#333333"/></color><gradEndAlpha><double value="1"/></gradEndAlpha><gradEndColor><color value="#333333"/></gradEndColor><gradStartAlpha><double value="1"/></gradStartAlpha><gradStartColor><color value="#333333"/></gradStartColor><fillType><fillType value="linear"/></fillType><borderColor><color value="#333333"/></borderColor></styleBlock></styleBlock><styleSelector><simpleSelector value="#0_120686956"/></styleSelector></styleDeclaration><styleDeclaration><styleBlock><styleBlock><color><color value="#FFFFFF"/></color><gradEndAlpha><double value="1"/></gradEndAlpha><gradEndColor><color value="#FFFFFF"/></gradEndColor><gradStartAlpha><double value="1"/></gradStartAlpha><gradStartColor><color value="#FFFFFF"/></gradStartColor><fillType><fillType value="linear"/></fillType><thickness><double value="8"/></thickness></styleBlock></styleBlock><styleSelector><simpleSelector value="#11_120686956"/></styleSelector></styleDeclaration><styleDeclaration><styleBlock><styleBlock><borderColor><color value="#FEC06C"/></borderColor><thickness><double value="7"/></thickness></styleBlock></styleBlock><styleSelector><simpleSelector value="#13_120686956"/></styleSelector></styleDeclaration><styleDeclaration><styleBlock><styleBlock><color><color value="#FFFFFF"/></color><gradEndAlpha><double value="1"/></gradEndAlpha><gradEndColor><color value="#FFFFFF"/></gradEndColor><gradStartAlpha><double value="1"/></gradStartAlpha><gradStartColor><color value="#FFFFFF"/></gradStartColor><fillType><fillType value="linear"/></fillType><thickness><double value="8"/></thickness></styleBlock></styleBlock><styleSelector><simpleSelector value="#14_120686956"/></styleSelector></styleDeclaration><styleDeclaration><styleBlock><styleBlock><color><color value="#333333"/></color><gradEndAlpha><double value="1"/></gradEndAlpha><gradEndColor><color value="#333333"/></gradEndColor><gradStartAlpha><double value="1"/></gradStartAlpha><gradStartColor><color value="#333333"/></gradStartColor><fillType><fillType value="linear"/></fillType><borderColor><color value="#333333"/></borderColor></styleBlock></styleBlock><styleSelector><simpleSelector value="#15_120686956"/></styleSelector></styleDeclaration><styleDeclaration><styleBlock><styleBlock><color><color value="#333333"/></color><gradEndAlpha><double value="1"/></gradEndAlpha><gradEndColor><color value="#333333"/></gradEndColor><gradStartAlpha><double value="1"/></gradStartAlpha><gradStartColor><color value="#333333"/></gradStartColor><fillType><fillType value="linear"/></fillType><borderColor><color value="#333333"/></borderColor></styleBlock></styleBlock><styleSelector><simpleSelector value="#1_120686956"/></styleSelector></styleDeclaration><styleDeclaration><styleBlock><styleBlock><borderColor><color value="#FEC06C"/></borderColor><thickness><double value="7"/></thickness></styleBlock></styleBlock><styleSelector><simpleSelector value="#20_120686956"/></styleSelector></styleDeclaration><styleDeclaration><styleBlock><styleBlock><borderColor><color value="#FEC06C"/></borderColor><thickness><double value="7"/></thickness></styleBlock></styleBlock><styleSelector><simpleSelector value="#27_120686956"/></styleSelector></styleDeclaration><styleDeclaration><styleBlock><styleBlock><color><color value="#333333"/></color><gradEndAlpha><double value="1"/></gradEndAlpha><gradEndColor><color value="#333333"/></gradEndColor><gradStartAlpha><double value="1"/></gradStartAlpha><gradStartColor><color value="#333333"/></gradStartColor><fillType><fillType value="linear"/></fillType><borderColor><color value="#333333"/></borderColor></styleBlock></styleBlock><styleSelector><simpleSelector value="#31_95982358"/></styleSelector></styleDeclaration><styleDeclaration><styleBlock><styleBlock><color><color value="#FFFFFF"/></color><gradEndAlpha><double value="1"/></gradEndAlpha><gradEndColor><color value="#FFFFFF"/></gradEndColor><gradStartAlpha><double value="1"/></gradStartAlpha><gradStartColor><color value="#FFFFFF"/></gradStartColor><fillType><fillType value="linear"/></fillType><thickness><double value="8"/></thickness></styleBlock></styleBlock><styleSelector><simpleSelector value="#32_120686956"/></styleSelector></styleDeclaration><styleDeclaration><styleBlock><styleBlock><color><color value="#FFFFFF"/></color><gradEndAlpha><double value="1"/></gradEndAlpha><gradEndColor><color value="#FFFFFF"/></gradEndColor><gradStartAlpha><double value="1"/></gradStartAlpha><gradStartColor><color value="#FFFFFF"/></gradStartColor><fillType><fillType value="linear"/></fillType><thickness><double value="8"/></thickness></styleBlock></styleBlock><styleSelector><simpleSelector value="#33_120686956"/></styleSelector></styleDeclaration><styleDeclaration><styleBlock><styleBlock><borderColor><color value="#FEC06C"/></borderColor><thickness><double value="7"/></thickness></styleBlock></styleBlock><styleSelector><simpleSelector value="#34_120686956"/></styleSelector></styleDeclaration><styleDeclaration><styleBlock><styleBlock><borderColor><color value="#FEC06C"/></borderColor><thickness><double value="7"/></thickness></styleBlock></styleBlock><styleSelector><simpleSelector value="#3_120686956"/></styleSelector></styleDeclaration><styleDeclaration><styleBlock><styleBlock><color><color value="#FFFFFF"/></color><gradEndAlpha><double value="1"/></gradEndAlpha><gradEndColor><color value="#FFFFFF"/></gradEndColor><gradStartAlpha><double value="1"/></gradStartAlpha><gradStartColor><color value="#FFFFFF"/></gradStartColor><fillType><fillType value="linear"/></fillType><thickness><double value="8"/></thickness></styleBlock></styleBlock><styleSelector><simpleSelector value="#40_120686956"/></styleSelector></styleDeclaration><styleDeclaration><styleBlock><styleBlock><color><color value="#FFFFFF"/></color><gradEndAlpha><double value="1"/></gradEndAlpha><gradEndColor><color value="#FFFFFF"/></gradEndColor><gradStartAlpha><double value="1"/></gradStartAlpha><gradStartColor><color value="#FFFFFF"/></gradStartColor><fillType><fillType value="linear"/></fillType><thickness><double value="8"/></thickness></styleBlock></styleBlock><styleSelector><simpleSelector value="#42_120686956"/></styleSelector></styleDeclaration><styleDeclaration><styleBlock><styleBlock><color><color value="#FFFFFF"/></color><gradEndAlpha><double value="1"/></gradEndAlpha><gradEndColor><color value="#FFFFFF"/></gradEndColor><gradStartAlpha><double value="1"/></gradStartAlpha><gradStartColor><color value="#FFFFFF"/></gradStartColor><fillType><fillType value="linear"/></fillType><thickness><double value="8"/></thickness></styleBlock></styleBlock><styleSelector><simpleSelector value="#49_120686956"/></styleSelector></styleDeclaration><styleDeclaration><styleBlock><styleBlock><color><color value="#333333"/></color><gradEndAlpha><double value="1"/></gradEndAlpha><gradEndColor><color value="#333333"/></gradEndColor><gradStartAlpha><double value="1"/></gradStartAlpha><gradStartColor><color value="#333333"/></gradStartColor><fillType><fillType value="linear"/></fillType><borderColor><color value="#333333"/></borderColor></styleBlock></styleBlock><styleSelector><simpleSelector value="#50_95982358"/></styleSelector></styleDeclaration><styleDeclaration><styleBlock><styleBlock><borderColor><color value="#FEC06C"/></borderColor><thickness><double value="7"/></thickness></styleBlock></styleBlock><styleSelector><simpleSelector value="#52_120686956"/></styleSelector></styleDeclaration><styleDeclaration><styleBlock><styleBlock><color><color value="#333333"/></color><gradEndAlpha><double value="1"/></gradEndAlpha><gradEndColor><color value="#333333"/></gradEndColor><gradStartAlpha><double value="1"/></gradStartAlpha><gradStartColor><color value="#333333"/></gradStartColor><fillType><fillType value="linear"/></fillType><borderColor><color value="#333333"/></borderColor></styleBlock></styleBlock><styleSelector><simpleSelector value="#53_95982358"/></styleSelector></styleDeclaration><styleDeclaration><styleBlock><styleBlock><thickness><double value="8"/></thickness></styleBlock></styleBlock><styleSelector><simpleSelector value="#56_95982358"/></styleSelector></styleDeclaration><styleDeclaration><styleBlock><styleBlock><borderColor><color value="#FEC06C"/></borderColor><thickness><double value="7"/></thickness></styleBlock></styleBlock><styleSelector><simpleSelector value="#57_120686956"/></styleSelector></styleDeclaration><styleDeclaration><styleBlock><styleBlock><thickness><double value="8"/></thickness></styleBlock></styleBlock><styleSelector><simpleSelector value="#57_95982358"/></styleSelector></styleDeclaration><styleDeclaration><styleBlock><styleBlock><thickness><double value="8"/></thickness></styleBlock></styleBlock><styleSelector><simpleSelector value="#58_95982358"/></styleSelector></styleDeclaration><styleDeclaration><styleBlock><styleBlock><color><color value="#333333"/></color><gradEndAlpha><double value="1"/></gradEndAlpha><gradEndColor><color value="#333333"/></gradEndColor><gradStartAlpha><double value="1"/></gradStartAlpha><gradStartColor><color value="#333333"/></gradStartColor><fillType><fillType value="linear"/></fillType><borderColor><color value="#333333"/></borderColor></styleBlock></styleBlock><styleSelector><simpleSelector value="#59_120686956"/></styleSelector></styleDeclaration><styleDeclaration><styleBlock><styleBlock><color><color value="#333333"/></color><gradEndAlpha><double value="1"/></gradEndAlpha><gradEndColor><color value="#333333"/></gradEndColor><gradStartAlpha><double value="1"/></gradStartAlpha><gradStartColor><color value="#333333"/></gradStartColor><fillType><fillType value="linear"/></fillType><borderColor><color value="#333333"/></borderColor></styleBlock></styleBlock><styleSelector><simpleSelector value="#59_95982358"/></styleSelector></styleDeclaration><styleDeclaration><styleBlock><styleBlock><thickness><double value="8"/></thickness></styleBlock></styleBlock><styleSelector><simpleSelector value="#60_120686956"/></styleSelector></styleDeclaration><styleDeclaration><styleBlock><styleBlock><borderColor><color value="#FEC06C"/></borderColor><thickness><double value="7"/></thickness></styleBlock></styleBlock><styleSelector><simpleSelector value="#61_120686956"/></styleSelector></styleDeclaration><styleDeclaration><styleBlock><styleBlock><color><color value="#FFFFFF"/></color><gradEndAlpha><double value="1"/></gradEndAlpha><gradEndColor><color value="#FFFFFF"/></gradEndColor><gradStartAlpha><double value="1"/></gradStartAlpha><gradStartColor><color value="#FFFFFF"/></gradStartColor><fillType><fillType value="linear"/></fillType><thickness><double value="8"/></thickness></styleBlock></styleBlock><styleSelector><simpleSelector value="#62_120686956"/></styleSelector></styleDeclaration><styleDeclaration><styleBlock><styleBlock><borderColor><color value="#333333"/></borderColor></styleBlock></styleBlock><styleSelector><simpleSelector value="#62_95982358"/></styleSelector></styleDeclaration><styleDeclaration><styleBlock><styleBlock><color><color value="#FFFFFF"/></color><gradEndAlpha><double value="1"/></gradEndAlpha><gradEndColor><color value="#FFFFFF"/></gradEndColor><gradStartAlpha><double value="1"/></gradStartAlpha><gradStartColor><color value="#FFFFFF"/></gradStartColor><fillType><fillType value="linear"/></fillType><thickness><double value="8"/></thickness></styleBlock></styleBlock><styleSelector><simpleSelector value="#63_120686956"/></styleSelector></styleDeclaration><styleDeclaration><styleBlock><styleBlock><color><color value="#FFFFFF"/></color><gradEndAlpha><double value="1"/></gradEndAlpha><gradEndColor><color value="#FFFFFF"/></gradEndColor><gradStartAlpha><double value="1"/></gradStartAlpha><gradStartColor><color value="#FFFFFF"/></gradStartColor><fillType><fillType value="linear"/></fillType><thickness><double value="8"/></thickness></styleBlock></styleBlock><styleSelector><simpleSelector value="#64_120686956"/></styleSelector></styleDeclaration><styleDeclaration><styleBlock><styleBlock><color><color value="#FFFFFF"/></color><gradEndAlpha><double value="1"/></gradEndAlpha><gradEndColor><color value="#FFFFFF"/></gradEndColor><gradStartAlpha><double value="1"/></gradStartAlpha><gradStartColor><color value="#FFFFFF"/></gradStartColor><fillType><fillType value="linear"/></fillType><thickness><double value="8"/></thickness></styleBlock></styleBlock><styleSelector><simpleSelector value="#65_120686956"/></styleSelector></styleDeclaration><styleDeclaration><styleBlock><styleBlock><color><color value="#FFFFFF"/></color><gradEndAlpha><double value="1"/></gradEndAlpha><gradEndColor><color value="#FFFFFF"/></gradEndColor><gradStartAlpha><double value="1"/></gradStartAlpha><gradStartColor><color value="#FFFFFF"/></gradStartColor><fillType><fillType value="linear"/></fillType><thickness><double value="8"/></thickness></styleBlock></styleBlock><styleSelector><simpleSelector value="#66_120686956"/></styleSelector></styleDeclaration><styleDeclaration><styleBlock><styleBlock><color><color value="#FFFFFF"/></color><gradEndAlpha><double value="1"/></gradEndAlpha><gradEndColor><color value="#FFFFFF"/></gradEndColor><gradStartAlpha><double value="1"/></gradStartAlpha><gradStartColor><color value="#FFFFFF"/></gradStartColor><fillType><fillType value="linear"/></fillType><thickness><double value="8"/></thickness></styleBlock></styleBlock><styleSelector><simpleSelector value="#67_120686956"/></styleSelector></styleDeclaration><styleDeclaration><styleBlock><styleBlock><thickness><double value="8"/></thickness></styleBlock></styleBlock><styleSelector><simpleSelector value="#68_95982358"/></styleSelector></styleDeclaration><styleDeclaration><styleBlock><styleBlock><thickness><double value="8"/></thickness></styleBlock></styleBlock><styleSelector><simpleSelector value="#69_95982358"/></styleSelector></styleDeclaration><styleDeclaration><styleBlock><styleBlock><color><color value="#333333"/></color><gradEndAlpha><double value="1"/></gradEndAlpha><gradEndColor><color value="#333333"/></gradEndColor><gradStartAlpha><double value="1"/></gradStartAlpha><gradStartColor><color value="#333333"/></gradStartColor><fillType><fillType value="linear"/></fillType><borderColor><color value="#333333"/></borderColor></styleBlock></styleBlock><styleSelector><simpleSelector value="#6_120686956"/></styleSelector></styleDeclaration><styleDeclaration><styleBlock><styleBlock><color><color value="#333333"/></color><gradEndAlpha><double value="1"/></gradEndAlpha><gradEndColor><color value="#333333"/></gradEndColor><gradStartAlpha><double value="1"/></gradStartAlpha><gradStartColor><color value="#333333"/></gradStartColor><fillType><fillType value="linear"/></fillType><borderColor><color value="#333333"/></borderColor></styleBlock></styleBlock><styleSelector><simpleSelector value="#70_95982358"/></styleSelector></styleDeclaration><styleDeclaration><styleBlock><styleBlock><thickness><double value="8"/></thickness></styleBlock></styleBlock><styleSelector><simpleSelector value="#73_95982358"/></styleSelector></styleDeclaration><styleDeclaration><styleBlock><styleBlock><thickness><double value="8"/></thickness></styleBlock></styleBlock><styleSelector><simpleSelector value="#80_120686956"/></styleSelector></styleDeclaration><styleDeclaration><styleBlock><styleBlock><color><color value="#333333"/></color><gradEndAlpha><double value="1"/></gradEndAlpha><gradEndColor><color value="#333333"/></gradEndColor><gradStartAlpha><double value="1"/></gradStartAlpha><gradStartColor><color value="#333333"/></gradStartColor><fillType><fillType value="linear"/></fillType><borderColor><color value="#333333"/></borderColor></styleBlock></styleBlock><styleSelector><simpleSelector value="#81_120686956"/></styleSelector></styleDeclaration><styleDeclaration><styleBlock><styleBlock><borderColor><color value="#FEC06C"/></borderColor><thickness><double value="7"/></thickness></styleBlock></styleBlock><styleSelector><simpleSelector value="#85_120686956"/></styleSelector></styleDeclaration><styleDeclaration><styleBlock><styleBlock><borderColor><color value="#FEC06C"/></borderColor><thickness><double value="7"/></thickness></styleBlock></styleBlock><styleSelector><simpleSelector value="#86_120686956"/></styleSelector></styleDeclaration><styleDeclaration><styleBlock><styleBlock><color><color value="#FFFFFF"/></color><gradEndAlpha><double value="1"/></gradEndAlpha><gradEndColor><color value="#FFFFFF"/></gradEndColor><gradStartAlpha><double value="1"/></gradStartAlpha><gradStartColor><color value="#FFFFFF"/></gradStartColor><fillType><fillType value="linear"/></fillType><thickness><double value="8"/></thickness></styleBlock></styleBlock><styleSelector><simpleSelector value="#8_120686956"/></styleSelector></styleDeclaration></array></styleDeclarations></documentStyle></documentStyle><path><array><flyToObject><target><ref value="39_95982358"/></target></flyToObject><flyToObject><target><ref value="31_95982358"/></target></flyToObject><flyToObject><target><ref value="0"/></target></flyToObject><flyToObject><target><ref value="58_120686956"/></target></flyToObject><flyToObject><target><ref value="15_120686956"/></target></flyToObject><flyToObject><target><ref value="1_120686956"/></target></flyToObject><flyToObject><target><ref value="19_120686956"/></target></flyToObject><flyToObject><target><ref value="6_120686956"/></target></flyToObject><flyToObject><target><ref value="59_95982358"/></target></flyToObject><flyToObject><target><ref value="62_95982358"/></target></flyToObject><flyToObject><target><ref value="0_120686956"/></target></flyToObject><flyToObject><target><ref value="50_95982358"/></target></flyToObject><flyToObject><target><ref value="53_95982358"/></target></flyToObject><flyToObject><target><ref value="70_95982358"/></target></flyToObject><flyToObject><target><ref value="59_120686956"/></target></flyToObject><flyToObject><target><ref value="81_120686956"/></target></flyToObject><flyToObject><actions><array><fadeInObject><target><ref value="79_120686956"/></target></fadeInObject></array></actions><target><ref value="39_95982358"/></target></flyToObject></array></path><zObjects><array><zGroup><id><string value="7_120686956"/></id><children><array><ref value="62_120686956"/><ref value="63_120686956"/><ref value="64_120686956"/><ref value="65_120686956"/><ref value="66_120686956"/><ref value="67_120686956"/></array></children><localToWorld><transform2D x="21998.450000000004" y="-395.0749999999982" scale="2.809575030846998" rotation="0"/></localToWorld></zGroup><zGroup><id><string value="55_120686956"/></id><children><array><ref value="8_120686956"/><ref value="11_120686956"/><ref value="14_120686956"/><ref value="40_120686956"/><ref value="42_120686956"/><ref value="49_120686956"/></array></children><localToWorld><transform2D x="16152.650000000005" y="-391.9250000000005" scale="2.809575030846998" rotation="0"/></localToWorld></zGroup><zInvisibleFrame><id><string value="39_95982358"/></id><localToWorld><transform2D x="0" y="0" scale="77.74736621584512" rotation="0"/></localToWorld><styleClasses><array><token value="invisible"/></array></styleClasses><width><double value="1074.6268656716418"/></width><height><double value="600"/></height></zInvisibleFrame><zCircleFrame><id><string value="31_95982358"/></id><localToWorld><transform2D x="1224.9667571845089" y="1.1876881554559169" scale="20.267998640523903" rotation="0"/></localToWorld><styleClasses><array><token value="circle"/></array></styleClasses><width><double value="800"/></width><height><double value="800"/></height></zCircleFrame><zCircleFrame><id><string value="50_95982358"/></id><localToWorld><transform2D x="19027.091058869228" y="-871.1874890273102" scale="10.601068593815734" rotation="0"/></localToWorld><styleClasses><array><token value="circle"/></array></styleClasses><width><double value="800"/></width><height><double value="800"/></height></zCircleFrame><zCircleFrame><id><string value="53_95982358"/></id><localToWorld><transform2D x="12409.58752953577" y="-11998.982607049971" scale="10.601119336481002" rotation="0"/></localToWorld><styleClasses><array><token value="circle"/></array></styleClasses><width><double value="800"/></width><height><double value="800"/></height></zCircleFrame><zLine><id><string value="56_95982358"/></id><localToWorld><transform2D x="8280.59363573921" y="-7241.902956288958" scale="45.58778536855488" rotation="-0.7853981633974482"/></localToWorld><startEndDistance><double value="52.3199313745004"/></startEndDistance><styleClasses><array><token value="line3"/></array></styleClasses></zLine><zLine><id><string value="57_95982358"/></id><localToWorld><transform2D x="18319.09076958337" y="-12848.602850978465" scale="45.587785368554854" rotation="-0.1647391490776833"/></localToWorld><startEndDistance><double value="46.72278013703625"/></startEndDistance><styleClasses><array><token value="line3"/></array></styleClasses></zLine><zLine><id><string value="58_95982358"/></id><localToWorld><transform2D x="-9559.758177301906" y="-1327.9362144448032" scale="45.58778536855487" rotation="0.11157700857031824"/></localToWorld><startEndDistance><double value="73.97041482710236"/></startEndDistance><styleClasses><array><token value="line3"/></array></styleClasses></zLine><zCircleFrame><id><string value="59_95982358"/></id><localToWorld><transform2D x="-15452.266607030955" y="-2047.2354203374105" scale="9.418100811441942" rotation="0"/></localToWorld><styleClasses><array><token value="circle"/></array></styleClasses><width><double value="800"/></width><height><double value="800"/></height></zCircleFrame><zCircleFrame><id><string value="62_95982358"/></id><localToWorld><transform2D x="-19562.379420308025" y="-12122.169039311362" scale="6.727214865315676" rotation="0"/></localToWorld><styleClasses><array><token value="circle"/></array></styleClasses><width><double value="800"/></width><height><double value="800"/></height></zCircleFrame><zLine><id><string value="68_95982358"/></id><localToWorld><transform2D x="-17528.31681204575" y="-7719.513679918031" scale="45.58778536855489" rotation="1.1607688488455346"/></localToWorld><startEndDistance><double value="75.38584467849392"/></startEndDistance><styleClasses><array><token value="line3"/></array></styleClasses></zLine><zLine><id><string value="69_95982358"/></id><localToWorld><transform2D x="-20932.546643260594" y="252.94119917049133" scale="45.58778536855487" rotation="-0.5235987755982998"/></localToWorld><startEndDistance><double value="-80.56427967562473"/></startEndDistance><styleClasses><array><token value="line3"/></array></styleClasses></zLine><zCircleFrame><id><string value="70_95982358"/></id><localToWorld><transform2D x="23521.070560694625" y="-13448.695717410536" scale="7.74502646465299" rotation="0"/></localToWorld><styleClasses><array><token value="circle"/></array></styleClasses><width><double value="800"/></width><height><double value="800"/></height></zCircleFrame><zLine><id><string value="73_95982358"/></id><localToWorld><transform2D x="12001.9135207678" y="-297.69782122127936" scale="45.587785368554876" rotation="-0.16473914907768336"/></localToWorld><startEndDistance><double value="75.36280325650881"/></startEndDistance><styleClasses><array><token value="line3"/></array></styleClasses></zLine><zCircleFrame><id><string value="0_120686956"/></id><localToWorld><transform2D x="-25235.031064812152" y="1899.526063153911" scale="5.890178776903888" rotation="0"/></localToWorld><styleClasses><array><token value="circle"/></array></styleClasses><width><double value="800"/></width><height><double value="800"/></height></zCircleFrame><zBracketFrame><id><string value="1_120686956"/></id><localToWorld><transform2D x="1358.9462365536033" y="3417.5374679516135" scale="4.3224899474383545" rotation="3.141592653589793"/></localToWorld><styleClasses><array><token value="bracket"/></array></styleClasses><width><double value="910.5625490598122"/></width><height><double value="595.7980111075062"/></height></zBracketFrame><zImage><id><string value="19_120686956"/></id><width><double value="1600"/></width><height><double value="1067"/></height><localToWorld><transform2D x="1352.267118193323" y="3101.678343960077" scale="1.5182147619454356" rotation="3.141592653589793"/></localToWorld><onlineAssetId><string value="4952838560"/></onlineAssetId><onlineAssetUrl><string value="http://0103.static.prezi.com.s3.amazonaws.com/media/5/2/f/933b5af1b1be4a396084fd7341db7f033106c.png"/></onlineAssetUrl><assetSourceFilename><string value="b5743b7b2__1600x0.png"/></assetSourceFilename></zImage><zBracketFrame><id><string value="0"/></id><localToWorld><transform2D x="1279.7383385032576" y="-3714.265402303241" scale="4.3224899474383545" rotation="0"/></localToWorld><styleClasses><array><token value="bracket"/></array></styleClasses><width><double value="907.5128577113152"/></width><height><double value="600"/></height></zBracketFrame><zBracketFrame><id><string value="6_120686956"/></id><localToWorld><transform2D x="-2765.3222688521632" y="-208.66419615566852" scale="4.322489947438355" rotation="-1.5707963267948966"/></localToWorld><styleClasses><array><token value="bracket"/></array></styleClasses><width><double value="907.5128577113152"/></width><height><double value="600"/></height></zBracketFrame><zBracketFrame><id><string value="15_120686956"/></id><localToWorld><transform2D x="5304.719126855605" y="-129.16504102534665" scale="4.3224899474383545" rotation="1.5707963267948966"/></localToWorld><styleClasses><array><token value="bracket"/></array></styleClasses><width><double value="907.5128577113152"/></width><height><double value="600"/></height></zBracketFrame><zText><id><string value="17_120686956"/></id><text><text><width>-115.21875</width><p><span><![CDATA[50 НА 50]]></span></p></text></text><localToWorld><transform2D x="-15452.76252767025" y="-4095.501640519405" scale="30.419834683337857" rotation="0"/></localToWorld><styleClasses><array><token value="title"/></array></styleClasses></zText><zImage><id><string value="9_120686956"/></id><width><double value="1384"/></width><height><double value="1149"/></height><localToWorld><transform2D x="5472.656898169303" y="-129.08434290999836" scale="0.5455297811863633" rotation="1.5707963267948966"/></localToWorld><onlineAssetId><string value="4952849072"/></onlineAssetId><onlineAssetUrl><string value="http://0103.static.prezi.com.s3.amazonaws.com/media/7/2/0/8727170a75c4ee6517f542460aed0b37236a3.png"/></onlineAssetUrl><assetSourceFilename><string value="124646-OQT01L-109.png"/></assetSourceFilename></zImage><zText><id><string value="16_120686956"/></id><text><text><width>321.2237140883625</width><p align="center"><span><![CDATA[СИСТЕМА ]]></span></p><p align="center"><span><![CDATA[КОЭФФИЦЕНТОВ]]></span></p></text></text><localToWorld><transform2D x="-19536.917064441885" y="-13534.89486788826" scale="17.59765238911788" rotation="0"/></localToWorld><styleClasses><array><token value="title"/></array></styleClasses></zText><zText><id><string value="18_120686956"/></id><text><text><width>-129.62109375</width><p align="center"><span><![CDATA[ТОНКАЯ]]></span></p><p align="center"><span><![CDATA[НАСТРОЙКА]]></span></p></text></text><localToWorld><transform2D x="-25229.40227723053" y="631.4917559834952" scale="18.596895890881832" rotation="0"/></localToWorld><styleClasses><array><token value="title"/></array></styleClasses></zText><zImage><id><string value="10_120686956"/></id><width><double value="1675"/></width><height><double value="1356"/></height><localToWorld><transform2D x="4389.257428833259" y="977.192074531898" scale="0.21972066712066857" rotation="1.5707963267948966"/></localToWorld><onlineAssetId><string value="4952849489"/></onlineAssetId><onlineAssetUrl><string value="http://0103.static.prezi.com.s3.amazonaws.com/media/b/f/6/7ab387117191ca4c8f91f835e060315d8e6f5.png"/></onlineAssetUrl><assetSourceFilename><string value="OIUGYX1 [преобразованный].png"/></assetSourceFilename></zImage><zImage><id><string value="12_120686956"/></id><width><double value="1675"/></width><height><double value="1356"/></height><localToWorld><transform2D x="4385.561921831546" y="-1303.1117220499978" scale="0.21044980575462752" rotation="1.5707963267948966"/></localToWorld><onlineAssetId><string value="4952849489"/></onlineAssetId><onlineAssetUrl><string value="http://0103.static.prezi.com.s3.amazonaws.com/media/b/f/6/7ab387117191ca4c8f91f835e060315d8e6f5.png"/></onlineAssetUrl><assetSourceFilename><string value="OIUGYX1 [преобразованный].png"/></assetSourceFilename></zImage><zImage><id><string value="21_120686956"/></id><width><double value="2017"/></width><height><double value="6133"/></height><localToWorld><transform2D x="4725.372589465413" y="649.6066230488523" scale="0.18246510531835397" rotation="1.5707963267948966"/></localToWorld><onlineAssetId><string value="4952851626"/></onlineAssetId><onlineAssetUrl><string value="http://0103.static.prezi.com.s3.amazonaws.com/media/4/e/4/44ebb2dd7673b25e2f7de97155a2541ec4125.png"/></onlineAssetUrl><assetSourceFilename><string value="Безымянный-2.png"/></assetSourceFilename></zImage><zImage><id><string value="22_120686956"/></id><width><double value="567"/></width><height><double value="1800"/></height><localToWorld><transform2D x="4725.372589465413" y="-949.3109207667828" scale="0.6216991616208141" rotation="1.5707963267948966"/></localToWorld><onlineAssetId><string value="4952851640"/></onlineAssetId><onlineAssetUrl><string value="http://0103.static.prezi.com.s3.amazonaws.com/media/4/8/5/8b309a53a4779ba2c42e4ff9f0ed9c45725c6.png"/></onlineAssetUrl><assetSourceFilename><string value="Безымянный-1.png"/></assetSourceFilename></zImage><zImage><id><string value="28_120686956"/></id><width><double value="2017"/></width><height><double value="6133"/></height><localToWorld><transform2D x="-13259.496500683554" y="-1622.85550332445" scale="0.4209083008297326" rotation="0"/></localToWorld><onlineAssetId><string value="4952851626"/></onlineAssetId><onlineAssetUrl><string value="http://0103.static.prezi.com.s3.amazonaws.com/media/4/e/4/44ebb2dd7673b25e2f7de97155a2541ec4125.png"/></onlineAssetUrl><assetSourceFilename><string value="Безымянный-2.png"/></assetSourceFilename></zImage><zImage><id><string value="29_120686956"/></id><width><double value="567"/></width><height><double value="1800"/></height><localToWorld><transform2D x="-17472.916738444128" y="-1622.85550332445" scale="1.4341281161048614" rotation="0"/></localToWorld><onlineAssetId><string value="4952851640"/></onlineAssetId><onlineAssetUrl><string value="http://0103.static.prezi.com.s3.amazonaws.com/media/4/8/5/8b309a53a4779ba2c42e4ff9f0ed9c45725c6.png"/></onlineAssetUrl><assetSourceFilename><string value="Безымянный-1.png"/></assetSourceFilename></zImage><zImage><id><string value="30_120686956"/></id><width><double value="820"/></width><height><double value="1800"/></height><localToWorld><transform2D x="-16512.669131066807" y="-1424.3539843752014" scale="0.9916471241847028" rotation="0"/></localToWorld><onlineAssetId><string value="4952855423"/></onlineAssetId><onlineAssetUrl><string value="http://0103.static.prezi.com.s3.amazonaws.com/media/a/f/3/18d6aecffc492d25c36b3850d175ac0b48ee7.png"/></onlineAssetUrl><assetSourceFilename><string value="Безымянный-3.png"/></assetSourceFilename></zImage><zImage><id><string value="31_120686956"/></id><width><double value="820"/></width><height><double value="1800"/></height><localToWorld><transform2D x="-14305.835533209494" y="-1424.3539843752014" scale="0.9916471241847028" rotation="0"/></localToWorld><onlineAssetId><string value="4952855423"/></onlineAssetId><onlineAssetUrl><string value="http://0103.static.prezi.com.s3.amazonaws.com/media/a/f/3/18d6aecffc492d25c36b3850d175ac0b48ee7.png"/></onlineAssetUrl><assetSourceFilename><string value="Безымянный-3.png"/></assetSourceFilename></zImage><zLine><id><string value="32_120686956"/></id><localToWorld><transform2D x="-15250.886767737918" y="-1697.9832342000318" scale="32.56270383468206" rotation="-8.571295448462313E-17"/></localToWorld><startEndDistance><double value="28"/></startEndDistance><styleClasses><array><token value="line3"/></array></styleClasses></zLine><zLine><id><string value="33_120686956"/></id><localToWorld><transform2D x="-15251.265693727732" y="-1251.584784954004" scale="32.56270383468206" rotation="-8.571295448462313E-17"/></localToWorld><startEndDistance><double value="28"/></startEndDistance><styleClasses><array><token value="line3"/></array></styleClasses></zLine><zImage><id><string value="35_120686956"/></id><width><double value="2017"/></width><height><double value="6133"/></height><localToWorld><transform2D x="-17705.479323555635" y="-11770.228032654515" scale="0.2642144411155183" rotation="0"/></localToWorld><onlineAssetId><string value="4952851626"/></onlineAssetId><onlineAssetUrl><string value="http://0103.static.prezi.com.s3.amazonaws.com/media/4/e/4/44ebb2dd7673b25e2f7de97155a2541ec4125.png"/></onlineAssetUrl><assetSourceFilename><string value="Безымянный-2.png"/></assetSourceFilename></zImage><zImage><id><string value="36_120686956"/></id><width><double value="567"/></width><height><double value="1800"/></height><localToWorld><transform2D x="-21247.122685537262" y="-11800.40800650185" scale="0.9002373152008196" rotation="0"/></localToWorld><onlineAssetId><string value="4952851640"/></onlineAssetId><onlineAssetUrl><string value="http://0103.static.prezi.com.s3.amazonaws.com/media/4/8/5/8b309a53a4779ba2c42e4ff9f0ed9c45725c6.png"/></onlineAssetUrl><assetSourceFilename><string value="Безымянный-1.png"/></assetSourceFilename></zImage><zImage><id><string value="38_120686956"/></id><width><double value="820"/></width><height><double value="1800"/></height><localToWorld><transform2D x="-18370.91479049049" y="-11645.62377137868" scale="0.6224811679498347" rotation="0"/></localToWorld><onlineAssetId><string value="4952855423"/></onlineAssetId><onlineAssetUrl><string value="http://0103.static.prezi.com.s3.amazonaws.com/media/a/f/3/18d6aecffc492d25c36b3850d175ac0b48ee7.png"/></onlineAssetUrl><assetSourceFilename><string value="Безымянный-3.png"/></assetSourceFilename></zImage><zImage><id><string value="41_120686956"/></id><width><double value="1249"/></width><height><double value="1800"/></height><localToWorld><transform2D x="-20620.66441676803" y="-11443.929325167252" scale="0.4086746231337958" rotation="0"/></localToWorld><onlineAssetId><string value="4952861296"/></onlineAssetId><onlineAssetUrl><string value="http://0103.static.prezi.com.s3.amazonaws.com/media/9/f/4/fc46adabd6d40ca45dd5bcd6b9ee05c8123f3.png"/></onlineAssetUrl><assetSourceFilename><string value="Безымянный-15.png"/></assetSourceFilename></zImage><zImage><id><string value="44_120686956"/></id><width><double value="2017"/></width><height><double value="6133"/></height><localToWorld><transform2D x="-23746.82038611173" y="2137.366865051282" scale="0.2642144411155183" rotation="0"/></localToWorld><onlineAssetId><string value="4952851626"/></onlineAssetId><onlineAssetUrl><string value="http://0103.static.prezi.com.s3.amazonaws.com/media/4/e/4/44ebb2dd7673b25e2f7de97155a2541ec4125.png"/></onlineAssetUrl><assetSourceFilename><string value="Безымянный-2.png"/></assetSourceFilename></zImage><zImage><id><string value="45_120686956"/></id><width><double value="567"/></width><height><double value="1800"/></height><localToWorld><transform2D x="-26577.782556358827" y="2120.649095281623" scale="0.9002373152008195" rotation="0"/></localToWorld><onlineAssetId><string value="4952851640"/></onlineAssetId><onlineAssetUrl><string value="http://0103.static.prezi.com.s3.amazonaws.com/media/4/8/5/8b309a53a4779ba2c42e4ff9f0ed9c45725c6.png"/></onlineAssetUrl><assetSourceFilename><string value="Безымянный-1.png"/></assetSourceFilename></zImage><zImage><id><string value="47_120686956"/></id><width><double value="820"/></width><height><double value="1800"/></height><localToWorld><transform2D x="-24227.03999714637" y="2552.099537731821" scale="0.44533149814200135" rotation="0"/></localToWorld><onlineAssetId><string value="4952855423"/></onlineAssetId><onlineAssetUrl><string value="http://0103.static.prezi.com.s3.amazonaws.com/media/a/f/3/18d6aecffc492d25c36b3850d175ac0b48ee7.png"/></onlineAssetUrl><assetSourceFilename><string value="Безымянный-3.png"/></assetSourceFilename></zImage><zImage><id><string value="48_120686956"/></id><width><double value="1249"/></width><height><double value="1800"/></height><localToWorld><transform2D x="-26124.682842526898" y="2649.4145554436427" scale="0.2923713598690468" rotation="0"/></localToWorld><onlineAssetId><string value="4952861296"/></onlineAssetId><onlineAssetUrl><string value="http://0103.static.prezi.com.s3.amazonaws.com/media/9/f/4/fc46adabd6d40ca45dd5bcd6b9ee05c8123f3.png"/></onlineAssetUrl><assetSourceFilename><string value="Безымянный-15.png"/></assetSourceFilename></zImage><zText><id><string value="50_120686956"/></id><text><text><width>388.86328125</width><p align="center"><span><![CDATA[ДОЛИ, ВЫБРАННЫЕ МУЖЕМ И ЖЕНОЙ СООТВЕТСТВЕННО]]></span></p></text></text><localToWorld><transform2D x="-25229.32194949696" y="3294.249856763144" scale="5.978768879008616" rotation="0"/></localToWorld><styleClasses><array><token value="title"/></array></styleClasses></zText><zImage><id><string value="37_120686956"/></id><width><double value="1679"/></width><height><double value="1800"/></height><localToWorld><transform2D x="22157.279915644463" y="-12824.944558499776" scale="1.0041049305609222" rotation="0"/></localToWorld><onlineAssetId><string value="4952867917"/></onlineAssetId><onlineAssetUrl><string value="http://0103.static.prezi.com.s3.amazonaws.com/media/b/3/1/4355f1b8fbbee5f68982bf9266b44371390bf.png"/></onlineAssetUrl><assetSourceFilename><string value="Безымянный-.png"/></assetSourceFilename></zImage><zImage><id><string value="39_120686956"/></id><width><double value="2017"/></width><height><double value="6133"/></height><localToWorld><transform2D x="24584.15" y="-11924.349999999997" scale="0.29469898500075986" rotation="0"/></localToWorld><onlineAssetId><string value="4952851626"/></onlineAssetId><onlineAssetUrl><string value="http://0103.static.prezi.com.s3.amazonaws.com/media/4/e/4/44ebb2dd7673b25e2f7de97155a2541ec4125.png"/></onlineAssetUrl><assetSourceFilename><string value="Безымянный-2.png"/></assetSourceFilename></zImage><zImage><id><string value="4_120686956"/></id><width><double value="571"/></width><height><double value="900"/></height><localToWorld><transform2D x="25306.8" y="-13607.600000000004" scale="1.3407939852818358" rotation="0"/></localToWorld><onlineAssetId><string value="4953023627"/></onlineAssetId><onlineAssetUrl><string value="http://0103.static.prezi.com.s3.amazonaws.com/media/5/5/b/e19ae8df531bc68ff24c547d1a99f04071c32.png"/></onlineAssetUrl><assetSourceFilename><string value="4667 [преобразованный].png"/></assetSourceFilename></zImage><zText><id><string value="43_120686956"/></id><text><text><width>172.828125</width><p align="center"><span><![CDATA[ЛЕТАЛЬНЫЙ ИСХОД]]></span></p></text></text><localToWorld><transform2D x="23443.32946883886" y="-14881.709579493514" scale="20.32220031357507" rotation="0"/></localToWorld><styleClasses><array><token value="title"/></array></styleClasses></zText><zImage><id><string value="46_120686956"/></id><width><double value="820"/></width><height><double value="1800"/></height><localToWorld><transform2D x="24147.299999999996" y="-11343.35" scale="0.32627644304947845" rotation="0"/></localToWorld><onlineAssetId><string value="4952855423"/></onlineAssetId><onlineAssetUrl><string value="http://0103.static.prezi.com.s3.amazonaws.com/media/a/f/3/18d6aecffc492d25c36b3850d175ac0b48ee7.png"/></onlineAssetUrl><assetSourceFilename><string value="Безымянный-3.png"/></assetSourceFilename></zImage><zText><id><string value="51_120686956"/></id><text><text><width>-86.4140625</width><p><span><![CDATA[РАЗВОД]]></span></p></text></text><localToWorld><transform2D x="19046.588039453552" y="-3015.342952068686" scale="36.81612047832596" rotation="0"/></localToWorld><styleClasses><array><token value="title"/></array></styleClasses></zText><zImage><id><string value="53_120686956"/></id><width><double value="2017"/></width><height><double value="6133"/></height><localToWorld><transform2D x="20769.450000000004" y="-450.3500000000037" scale="0.5926549529694686" rotation="0"/></localToWorld><onlineAssetId><string value="4952851626"/></onlineAssetId><onlineAssetUrl><string value="http://0103.static.prezi.com.s3.amazonaws.com/media/4/e/4/44ebb2dd7673b25e2f7de97155a2541ec4125.png"/></onlineAssetUrl><assetSourceFilename><string value="Безымянный-2.png"/></assetSourceFilename></zImage><zImage><id><string value="54_120686956"/></id><width><double value="567"/></width><height><double value="1800"/></height><localToWorld><transform2D x="17304.7" y="-450.300000000002" scale="2.108262857388749" rotation="0"/></localToWorld><onlineAssetId><string value="4952851640"/></onlineAssetId><onlineAssetUrl><string value="http://0103.static.prezi.com.s3.amazonaws.com/media/4/8/5/8b309a53a4779ba2c42e4ff9f0ed9c45725c6.png"/></onlineAssetUrl><assetSourceFilename><string value="Безымянный-1.png"/></assetSourceFilename></zImage><zLine><id><string value="62_120686956"/></id><localToWorld><transform2D x="22067.779546863538" y="-370.63397908138296" scale="11.051520476420672" rotation="-1.1819831275306145"/></localToWorld><startEndDistance><double value="39.13461443266501"/></startEndDistance><styleClasses><array><token value="line3"/></array></styleClasses></zLine><zLine><id><string value="63_120686956"/></id><localToWorld><transform2D x="21930.431905530582" y="-266.21753194855535" scale="11.051520476420675" rotation="-2.094395102393195"/></localToWorld><startEndDistance><double value="20"/></startEndDistance><styleClasses><array><token value="line3"/></array></styleClasses></zLine><zLine><id><string value="64_120686956"/></id><localToWorld><transform2D x="21677.425940423524" y="-395.09219552897684" scale="11.051520476420675" rotation="-1.5707963267948963"/></localToWorld><startEndDistance><double value="58.93969207662366"/></startEndDistance><styleClasses><array><token value="line3"/></array></styleClasses></zLine><zLine><id><string value="65_120686956"/></id><localToWorld><transform2D x="22319.47982025377" y="-395.1000031048871" scale="11.051520476420675" rotation="-1.5707963267948963"/></localToWorld><startEndDistance><double value="58.93969207662366"/></startEndDistance><styleClasses><array><token value="line3"/></array></styleClasses></zLine><zLine><id><string value="66_120686956"/></id><localToWorld><transform2D x="21998.45407873302" y="-720.6998112211561" scale="11.051520476420675" rotation="3.1415926535897927"/></localToWorld><startEndDistance><double value="-58.09502354169615"/></startEndDistance><styleClasses><array><token value="line3"/></array></styleClasses></zLine><zLine><id><string value="67_120686956"/></id><localToWorld><transform2D x="21998.44592126699" y="-69.45018877884087" scale="11.051520476420675" rotation="3.1415926535897922"/></localToWorld><startEndDistance><double value="-58.09502354169615"/></startEndDistance><styleClasses><array><token value="line3"/></array></styleClasses></zLine><zText><id><string value="70_120686956"/></id><text><text><width>-230.4375</width><p><span><![CDATA[РЕАЛЬНЫЙ МИР 2.0]]></span></p></text></text><localToWorld><transform2D x="12409.656913136498" y="-14006.316899067187" scale="20.609558489092684" rotation="0"/></localToWorld><styleClasses><array><token value="title"/></array></styleClasses></zText><zArrow><id><string value="3_120686956"/></id><localToWorld><transform2D x="5480.5972493143" y="512.8567352594088" scale="3.3311422572623255" rotation="2.048439160989124"/></localToWorld><startEndDistance><double value="-107.39164248688623"/></startEndDistance><arcHeight><double value="-27.002331743789252"/></arcHeight><styleClasses><array><token value="line3"/></array></styleClasses></zArrow><zArrow><id><string value="13_120686956"/></id><localToWorld><transform2D x="5486.34248135547" y="-805.0271674370017" scale="3.3311422572623215" rotation="1.1451679940405335"/></localToWorld><startEndDistance><double value="119.98353653427151"/></startEndDistance><arcHeight><double value="-29.16241981811707"/></arcHeight><styleClasses><array><token value="line3"/></array></styleClasses></zArrow><zArrow><id><string value="20_120686956"/></id><localToWorld><transform2D x="5730.14249193675" y="618.8652357656595" scale="3.331142257262326" rotation="1.5707963267948968"/></localToWorld><startEndDistance><double value="-241.89847376646944"/></startEndDistance><arcHeight><double value="-27.002331743789252"/></arcHeight><styleClasses><array><token value="line3"/></array></styleClasses></zArrow><zImage><id><string value="23_120686956"/></id><width><double value="1800"/></width><height><double value="1647"/></height><localToWorld><transform2D x="5472.678726212103" y="1046.1056778578252" scale="0.20446228745951112" rotation="1.5707963267948966"/></localToWorld><onlineAssetId><string value="4952979400"/></onlineAssetId><onlineAssetUrl><string value="http://0103.static.prezi.com.s3.amazonaws.com/media/8/b/9/8cb352c9b8981421116dac52b9f99ee8270c5.png"/></onlineAssetUrl><assetSourceFilename><string value="Безымянный-;1.png"/></assetSourceFilename></zImage><zText><id><string value="24_120686956"/></id><text><text><width>-115.21875</width><p><span><![CDATA[50 НА 50]]></span></p></text></text><localToWorld><transform2D x="-2124.363087028186" y="-232.36530135984196" scale="6.662284514524649" rotation="-1.5707963267948966"/></localToWorld><styleClasses><array><token value="title"/><token value="title-background"/></array></styleClasses></zText><zText><id><string value="25_120686956"/></id><text><text><width>-129.62109375</width><p align="center"><span><![CDATA[ТОНКАЯ]]></span></p><p align="center"><span><![CDATA[НАСТРОЙКА]]></span></p></text></text><localToWorld><transform2D x="-2715.765755526894" y="-1185.6132975536716" scale="6.662284514524649" rotation="-1.5707963267948966"/></localToWorld><styleClasses><array><token value="title"/><token value="title-background"/></array></styleClasses></zText><zText><id><string value="26_120686956"/></id><text><text><width>187.4875</width><p align="center"><span><![CDATA[СИСТЕМА КОЭФФИЦЕНТОВ]]></span></p></text></text><localToWorld><transform2D x="-2715.8906733615427" y="647.3060902267061" scale="6.662284514524649" rotation="-1.5707963267948966"/></localToWorld><styleClasses><array><token value="title"/><token value="title-background"/></array></styleClasses></zText><zArrow><id><string value="27_120686956"/></id><localToWorld><transform2D x="-3091.4826069247124" y="346.6327172738117" scale="3.3311422572623224" rotation="-1.9909145337222083"/></localToWorld><startEndDistance><double value="-186.38330140278808"/></startEndDistance><styleClasses><array><token value="line3"/></array></styleClasses></zArrow><zArrow><id><string value="34_120686956"/></id><localToWorld><transform2D x="-2740.5334820146254" y="-239.0123324870711" scale="3.331142257262323" rotation="3.141592653589793"/></localToWorld><startEndDistance><double value="-272.2053129961642"/></startEndDistance><styleClasses><array><token value="line3"/></array></styleClasses></zArrow><zArrow><id><string value="52_120686956"/></id><localToWorld><transform2D x="-3100.554214282219" y="-868.9626686325763" scale="3.33114225726232" rotation="-1.2453310119191934"/></localToWorld><startEndDistance><double value="202.23077489602423"/></startEndDistance><styleClasses><array><token value="line3"/></array></styleClasses></zArrow><zImage><id><string value="72_120686956"/></id><width><double value="1726"/></width><height><double value="1800"/></height><localToWorld><transform2D x="-19536.857863896024" y="-11904.128331274427" scale="0.6224812160349477" rotation="0"/></localToWorld><onlineAssetId><string value="4952985817"/></onlineAssetId><onlineAssetUrl><string value="http://0103.static.prezi.com.s3.amazonaws.com/media/9/2/d/832432b3fde31d1c08aa987fca19d6903bd75.png"/></onlineAssetUrl><assetSourceFilename><string value="Безымянный-999.png"/></assetSourceFilename></zImage><zImage><id><string value="73_120686956"/></id><width><double value="1800"/></width><height><double value="813"/></height><localToWorld><transform2D x="-25229.11375310588" y="1986.2768494490924" scale="0.800426066841124" rotation="0"/></localToWorld><onlineAssetId><string value="4952986471"/></onlineAssetId><onlineAssetUrl><string value="http://0103.static.prezi.com.s3.amazonaws.com/media/7/4/7/10e42c47b00c815ab2f78b0290f1dea439f4f.png"/></onlineAssetUrl><assetSourceFilename><string value="Безымянный-999.png"/></assetSourceFilename></zImage><zText><id><string value="74_120686956"/></id><text><text><width>228.17109375</width><p align="center"><span><![CDATA[ВИДЫ КОНТРАКТОВ]]></span></p></text></text><localToWorld><transform2D x="-3520.2326098878375" y="-268.55862147915695" scale="8.734448573928507" rotation="-1.5707963267948966"/></localToWorld><styleClasses><array><token value="title"/><token value="title-background"/></array></styleClasses></zText><zImage><id><string value="2_120686956"/></id><width><double value="1800"/></width><height><double value="1694"/></height><localToWorld><transform2D x="4617.3" y="-129.09999999999997" scale="0.4194517873121815" rotation="1.5707963267948966"/></localToWorld><onlineAssetId><string value="4952994879"/></onlineAssetId><onlineAssetUrl><string value="http://0103.static.prezi.com.s3.amazonaws.com/media/b/a/2/3a48c365c2bf1b5eeddaa2d8912ad644caa88.png"/></onlineAssetUrl><assetSourceFilename><string value="Безымянный-11111.png"/></assetSourceFilename></zImage><zText><id><string value="75_120686956"/></id><text><text><width>229.33046875</width><p align="center"><span><![CDATA[ИДЕАЛЬНЫЙ МИР]]></span></p></text></text><localToWorld><transform2D x="6119.669831128879" y="-129.1936056361951" scale="10.64276960690984" rotation="1.5707963267948966"/></localToWorld><styleClasses><array><token value="title"/><token value="title-background"/></array></styleClasses></zText><zText><id><string value="76_120686956"/></id><text><text><width>211.978125</width><p align="center"><span><![CDATA[РЕАЛЬНЫЙ МИР]]></span></p></text></text><localToWorld><transform2D x="1365.615273771566" y="4286.126519924313" scale="10.456617777067668" rotation="3.141592653589793"/></localToWorld><styleClasses><array><token value="title"/><token value="title-background"/></array></styleClasses></zText><zVideo><id><string value="58_120686956"/></id><videoType><string value="video"/></videoType><onlineAssetId><string value="4953007194"/></onlineAssetId><onlineAssetUrl><string value="http://0103.static.prezi.com.s3.amazonaws.com/converted/d/c/f/dfd86f38c421a9664c8a5686df825e7f250b8.mp4"/></onlineAssetUrl><localToWorld><transform2D x="1279.65" y="-3466.25" scale="6.15944525832945" rotation="0"/></localToWorld></zVideo><zText><id><string value="77_120686956"/></id><text><text><width>156.06166316624856</width><p align="center"><span><![CDATA[ПРОБЛЕМА]]></span></p></text></text><localToWorld><transform2D x="1280.491083691638" y="-4615.172679602304" scale="11.265944261396406" rotation="0"/></localToWorld><styleClasses><array><token value="title"/><token value="title-background"/></array></styleClasses></zText><zImage><id><string value="78_120686956"/></id><width><double value="1800"/></width><height><double value="1755"/></height><localToWorld><transform2D x="12207.387194519946" y="-10978.445537259442" scale="2.4983566929467433" rotation="0"/></localToWorld><onlineAssetId><string value="4952989467"/></onlineAssetId><onlineAssetUrl><string value="http://0103.static.prezi.com.s3.amazonaws.com/media/3/b/1/bd24258c6300e80743e49aecebde7f88ca4f3.png"/></onlineAssetUrl><assetSourceFilename><string value="БезымянныйDKF-1.png"/></assetSourceFilename></zImage><zText><id><string value="0_30863873"/></id><text><text><width>146.2053729418278</width><p align="center"><span><![CDATA[ВЕДЕНИЕ]]></span></p><p align="center"><span><![CDATA[СЕМЕЙНОГО]]></span></p><p align="center"><span><![CDATA[БЮДЖЕТА]]></span></p></text></text><localToWorld><transform2D x="-17253.193289429837" y="12064.98086302198" scale="132.09468281936284" rotation="0"/></localToWorld><styleClasses><array><token value="title"/></array></styleClasses></zText><zImage><id><string value="5_120686956"/></id><width><double value="1800"/></width><height><double value="1692"/></height><localToWorld><transform2D x="19046.700000000008" y="-834.3000000000017" scale="1.3689086439638083" rotation="0"/></localToWorld><onlineAssetId><string value="4952994979"/></onlineAssetId><onlineAssetUrl><string value="http://0103.static.prezi.com.s3.amazonaws.com/media/4/d/a/96e3fc53af6cb04ab219bf1046dad7ff135c9.png"/></onlineAssetUrl><assetSourceFilename><string value="Безымянный-11111111.png"/></assetSourceFilename></zImage><zLine><id><string value="8_120686956"/></id><localToWorld><transform2D x="16221.97954686355" y="-367.4839790813826" scale="11.051520476420672" rotation="-1.1819831275306145"/></localToWorld><startEndDistance><double value="39.13461443266501"/></startEndDistance><styleClasses><array><token value="line3"/></array></styleClasses></zLine><zLine><id><string value="11_120686956"/></id><localToWorld><transform2D x="16084.63190553059" y="-263.06753194855753" scale="11.051520476420675" rotation="-2.094395102393195"/></localToWorld><startEndDistance><double value="20"/></startEndDistance><styleClasses><array><token value="line3"/></array></styleClasses></zLine><zLine><id><string value="14_120686956"/></id><localToWorld><transform2D x="15831.625940423528" y="-391.94219552898164" scale="11.051520476420675" rotation="-1.5707963267948963"/></localToWorld><startEndDistance><double value="58.93969207662366"/></startEndDistance><styleClasses><array><token value="line3"/></array></styleClasses></zLine><zLine><id><string value="40_120686956"/></id><localToWorld><transform2D x="16473.679820253772" y="-391.9500031048892" scale="11.051520476420675" rotation="-1.5707963267948963"/></localToWorld><startEndDistance><double value="58.93969207662366"/></startEndDistance><styleClasses><array><token value="line3"/></array></styleClasses></zLine><zLine><id><string value="42_120686956"/></id><localToWorld><transform2D x="16152.654078733023" y="-717.5498112211583" scale="11.051520476420675" rotation="3.1415926535897927"/></localToWorld><startEndDistance><double value="-58.09502354169615"/></startEndDistance><styleClasses><array><token value="line3"/></array></styleClasses></zLine><zLine><id><string value="49_120686956"/></id><localToWorld><transform2D x="16152.645921266989" y="-66.300188778843" scale="11.051520476420675" rotation="3.1415926535897922"/></localToWorld><startEndDistance><double value="-58.09502354169615"/></startEndDistance><styleClasses><array><token value="line3"/></array></styleClasses></zLine><zImage><id><string value="79_120686956"/></id><width><double value="1200"/></width><height><double value="1199"/></height><mask><rectangle x="0" y="0" w="1199" h="1199"/></mask><localToWorld><transform2D x="1225.2" y="4.0499999999999545" scale="12.491783464733718" rotation="0"/></localToWorld><onlineAssetId><string value="4952976724"/></onlineAssetId><onlineAssetUrl><string value="http://0103.static.prezi.com.s3.amazonaws.com/media/f/4/1/3039cb9c21a6a956d8ac6602eb4a47aa15982.png"/></onlineAssetUrl><assetSourceFilename><string value="http://0103.static.prezi.com.s3.amazonaws.com/media/f/4/1/3039cb9c21a6a956d8ac6602eb4a47aa15982.png"/></assetSourceFilename></zImage><zCircleFrame><id><string value="59_120686956"/></id><localToWorld><transform2D x="13426.85" y="10458" scale="6.727202490159698" rotation="0"/></localToWorld><styleClasses><array><token value="circle"/></array></styleClasses><width><double value="800"/></width><height><double value="800"/></height></zCircleFrame><zLine><id><string value="60_120686956"/></id><localToWorld><transform2D x="7966.331408155163" y="8670.069007052234" scale="45.58778536855487" rotation="-2.7557129871740162"/></localToWorld><startEndDistance><double value="-104.5967928203128"/></startEndDistance><styleClasses><array><token value="line3"/></array></styleClasses></zLine><zText><id><string value="68_120686956"/></id><text><text><width>96.18632124522824</width><p align="center"><span><![CDATA[ИТОГИ]]></span></p></text></text><localToWorld><transform2D x="13404.15" y="9080.499999999998" scale="16.616856167827496" rotation="-2.449293598294707E-16"/></localToWorld><styleClasses><array><token value="title"/><token value="title-background"/></array></styleClasses></zText><zText><id><string value="71_120686956"/></id><text><text><width>515.1658725310725</width><p/><p indent="1" listType="bullet"><span><![CDATA[Учитываются интересы всех сторон]]></span></p><p/><p indent="1" listType="bullet"><span><![CDATA[Облегчение оформления договора]]></span></p><p/><p indent="1" listType="bullet"><span><![CDATA[Честное распределение средств]]></span></p><p/><p indent="1" listType="bullet"><span><![CDATA[Глобализация проекта]]></span></p><p/><p indent="1" listType="bullet"><span><![CDATA[Экономия денег]]></span></p><p/></text></text><localToWorld><transform2D x="13439.65" y="10830.1" scale="7.217746903940043" rotation="-2.449293598294707E-16"/></localToWorld><styleClasses><array><token value="title"/><token value="title-background"/></array></styleClasses></zText><zLine><id><string value="80_120686956"/></id><localToWorld><transform2D x="18402.145595568636" y="11565.749439552266" scale="45.587785368554854" rotation="-2.948456629806038"/></localToWorld><startEndDistance><double value="-77.22451742161705"/></startEndDistance><styleClasses><array><token value="line3"/></array></styleClasses></zLine><zCircleFrame><id><string value="81_120686956"/></id><localToWorld><transform2D x="23334.05" y="12042.15" scale="6.727253244263476" rotation="0"/></localToWorld><styleClasses><array><token value="circle"/></array></styleClasses><width><double value="800"/></width><height><double value="800"/></height></zCircleFrame><zText><id><string value="82_120686956"/></id><text><text><width>274.9349170997042</width><p><span><![CDATA[Спасибо за внимание]]></span></p></text></text><localToWorld><transform2D x="23374.1973330184" y="12042.027272727277" scale="14.545454545454543" rotation="0"/></localToWorld><styleClasses><array><token value="title"/><token value="title-background"/></array></styleClasses></zText><zImage><id><string value="56_120686956"/></id><width><double value="820"/></width><height><double value="1800"/></height><localToWorld><transform2D x="24776.050000000003" y="-13307.35" scale="0.32627644304947845" rotation="0"/></localToWorld><onlineAssetId><string value="4952855423"/></onlineAssetId><onlineAssetUrl><string value="http://0103.static.prezi.com.s3.amazonaws.com/media/a/f/3/18d6aecffc492d25c36b3850d175ac0b48ee7.png"/></onlineAssetUrl><assetSourceFilename><string value="Безымянный-3.png"/></assetSourceFilename></zImage><zArrow><id><string value="57_120686956"/></id><localToWorld><transform2D x="23799.70476918746" y="-13192.28631733842" scale="8.000000000000002" rotation="-0.17127467344693756"/></localToWorld><startEndDistance><double value="209.85813374226817"/></startEndDistance><arcHeight><double value="-24.328718233845617"/></arcHeight><styleClasses><array><token value="line3"/></array></styleClasses></zArrow><zArrow><id><string value="61_120686956"/></id><localToWorld><transform2D x="23628.73369230607" y="-12331.175403737176" scale="7.999999999999997" rotation="0.6744319983067045"/></localToWorld><startEndDistance><double value="174.82507058579185"/></startEndDistance><arcHeight><double value="-25.945388975351538"/></arcHeight><styleClasses><array><token value="line3"/></array></styleClasses></zArrow><zImage><id><string value="69_120686956"/></id><width><double value="1800"/></width><height><double value="1647"/></height><localToWorld><transform2D x="-19536.85" y="-10431.1" scale="0.4466389323866608" rotation="0"/></localToWorld><onlineAssetId><string value="4952979400"/></onlineAssetId><onlineAssetUrl><string value="http://0103.static.prezi.com.s3.amazonaws.com/media/8/b/9/8cb352c9b8981421116dac52b9f99ee8270c5.png"/></onlineAssetUrl><assetSourceFilename><string value="Безымянный-;1.png"/></assetSourceFilename></zImage><zImage><id><string value="83_120686956"/></id><width><double value="1249"/></width><height><double value="1800"/></height><localToWorld><transform2D x="-20082.300000000003" y="-10317.05" scale="0.1641751540268538" rotation="0"/></localToWorld><onlineAssetId><string value="4952861296"/></onlineAssetId><onlineAssetUrl><string value="http://0103.static.prezi.com.s3.amazonaws.com/media/9/f/4/fc46adabd6d40ca45dd5bcd6b9ee05c8123f3.png"/></onlineAssetUrl><assetSourceFilename><string value="Безымянный-15.png"/></assetSourceFilename></zImage><zImage><id><string value="84_120686956"/></id><width><double value="1249"/></width><height><double value="1800"/></height><localToWorld><transform2D x="-18941.55" y="-10317.05" scale="0.1641751540268538" rotation="0"/></localToWorld><onlineAssetId><string value="4952861296"/></onlineAssetId><onlineAssetUrl><string value="http://0103.static.prezi.com.s3.amazonaws.com/media/9/f/4/fc46adabd6d40ca45dd5bcd6b9ee05c8123f3.png"/></onlineAssetUrl><assetSourceFilename><string value="Безымянный-15.png"/></assetSourceFilename></zImage><zArrow><id><string value="85_120686956"/></id><localToWorld><transform2D x="-20676.397232891595" y="-10323.995050033209" scale="6.912469428202845" rotation="-2.5311388671423107"/></localToWorld><startEndDistance><double value="184.07092177955107"/></startEndDistance><arcHeight><double value="-47.12224196580574"/></arcHeight><styleClasses><array><token value="line3"/></array></styleClasses></zArrow><zArrow><id><string value="86_120686956"/></id><localToWorld><transform2D x="-18304.311483592624" y="-10385.328645216336" scale="6.912469428202846" rotation="2.455313056672032"/></localToWorld><startEndDistance><double value="-170.99754401569015"/></startEndDistance><arcHeight><double value="-43.96359871777668"/></arcHeight><styleClasses><array><token value="line3"/></array></styleClasses></zArrow></array></zObjects></prezi>