<prezi xsi:schemaLocation="http://prezi.com/schema/prezi/2 http://prezi.com/schema/prezi/2" xmlns:xsi="http://www.w3.org/2001/XMLSchema-instance" version="2" xmlns="http://prezi.com/schema/prezi/2"><xFields><xField name="preziType"><xEnum type="PreziType" value="converted-from-core"/></xField></xFields><documentStyle><documentStyle><fontClasses><array><fontClass><fontFamily><string value="Arimo"/></fontFamily><name><string value="body"/></name></fontClass><fontClass><fontFamily><string value="Arimo"/></fontFamily><fontWeight><fontWeight value="bold"/></fontWeight><name><string value="head"/></name></fontClass><fontClass><fontFamily><string value="Arimo"/></fontFamily><fontStyle><fontStyle value="italic"/></fontStyle><fontWeight><fontWeight value="bold"/></fontWeight><name><string value="strong"/></name></fontClass></array></fontClasses><fontFamilies><array><fontFamily><fontFaces><array><fontFace><fontSrc><string value="Arimo-Regular.keg"/></fontSrc></fontFace><fontFace><fontSrc><string value="Arimo-Bold.keg"/></fontSrc><fontWeight><fontWeight value="bold"/></fontWeight></fontFace><fontFace><fontSrc><string value="Arimo-BoldItalic.keg"/></fontSrc><fontStyle><fontStyle value="italic"/></fontStyle><fontWeight><fontWeight value="bold"/></fontWeight></fontFace><fontFace><fontSrc><string value="Arimo-Italic.keg"/></fontSrc><fontStyle><fontStyle value="italic"/></fontStyle></fontFace></array></fontFaces><name><string value="Arimo"/></name></fontFamily></array></fontFamilies><styleDeclarations><array><styleDeclaration><styleBlock><styleBlock><gradEndAlpha><double value="0.7"/></gradEndAlpha><gradStartAlpha><double value="0.5"/></gradStartAlpha></styleBlock></styleBlock><styleSelector><simpleSelector value="zCircle"/></styleSelector></styleDeclaration><styleDeclaration><styleBlock><styleBlock><color><color value="#C7C7C4"/></color><gradEndColor><color value="#C7C7C4"/></gradEndColor><gradStartColor><color value="#C7C7C4"/></gradStartColor><fillType><fillType value="linear"/></fillType></styleBlock></styleBlock><styleSelector><simpleSelector value="*.line1"/></styleSelector></styleDeclaration><styleDeclaration><styleBlock><styleBlock><color><color value="#555555"/></color><gradEndColor><color value="#555555"/></gradEndColor><gradStartColor><color value="#888888"/></gradStartColor><fillType><fillType value="linear"/></fillType></styleBlock></styleBlock><styleSelector><simpleSelector value="*.line2"/></styleSelector></styleDeclaration><styleDeclaration><styleBlock><styleBlock><color><color value="#5374EC"/></color><gradEndColor><color value="#5374EC"/></gradEndColor><gradStartColor><color value="#5374EC"/></gradStartColor><fillType><fillType value="linear"/></fillType></styleBlock></styleBlock><styleSelector><simpleSelector value="*.line3"/></styleSelector></styleDeclaration><styleDeclaration><styleBlock><styleBlock><color><color value="#66E186"/></color><gradEndColor><color value="#66E186"/></gradEndColor><gradStartColor><color value="#66E186"/></gradStartColor><fillType><fillType value="linear"/></fillType></styleBlock></styleBlock><styleSelector><simpleSelector value="*.line4"/></styleSelector></styleDeclaration><styleDeclaration><styleBlock><styleBlock><color><color value="#FA5151"/></color><gradEndColor><color value="#FA5151"/></gradEndColor><gradStartColor><color value="#FA5151"/></gradStartColor><fillType><fillType value="linear"/></fillType></styleBlock></styleBlock><styleSelector><simpleSelector value="*.line5"/></styleSelector></styleDeclaration><styleDeclaration><styleBlock><styleBlock><color><color value="#FFFFFF"/></color><gradEndColor><color value="#C7C7C4"/></gradEndColor><gradStartColor><color value="#C7C7C4"/></gradStartColor><fillType><fillType value="linear"/></fillType></styleBlock></styleBlock><styleSelector><simpleSelector value="*.poly1"/></styleSelector></styleDeclaration><styleDeclaration><styleBlock><styleBlock><color><color value="#FFFFFF"/></color><gradEndColor><color value="#000000"/></gradEndColor><gradStartColor><color value="#333333"/></gradStartColor><fillType><fillType value="linear"/></fillType></styleBlock></styleBlock><styleSelector><simpleSelector value="*.poly2"/></styleSelector></styleDeclaration><styleDeclaration><styleBlock><styleBlock><color><color value="#FFFFFF"/></color><gradEndColor><color value="#5374EC"/></gradEndColor><gradStartColor><color value="#5374EC"/></gradStartColor><fillType><fillType value="linear"/></fillType></styleBlock></styleBlock><styleSelector><simpleSelector value="*.poly3"/></styleSelector></styleDeclaration><styleDeclaration><styleBlock><styleBlock><color><color value="#FFFFFF"/></color><gradEndColor><color value="#66E186"/></gradEndColor><gradStartColor><color value="#66E186"/></gradStartColor><fillType><fillType value="linear"/></fillType></styleBlock></styleBlock><styleSelector><simpleSelector value="*.poly4"/></styleSelector></styleDeclaration><styleDeclaration><styleBlock><styleBlock><color><color value="#FFFFFF"/></color><gradEndColor><color value="#FA5151"/></gradEndColor><gradStartColor><color value="#FA5151"/></gradStartColor><fillType><fillType value="linear"/></fillType></styleBlock></styleBlock><styleSelector><simpleSelector value="*.poly5"/></styleSelector></styleDeclaration><styleDeclaration><styleBlock><styleBlock><gradEndColor><color value="#FFFFFF"/></gradEndColor><gradStartColor><color value="#FFFFFF"/></gradStartColor><fillType><fillType value="linear"/></fillType></styleBlock></styleBlock><styleSelector><simpleSelector value="background"/></styleSelector></styleDeclaration><styleDeclaration><styleBlock><styleBlock><gradEndAlpha><double value="1"/></gradEndAlpha><gradEndColor><color value="#FFFFFF"/></gradEndColor><gradStartAlpha><double value="1"/></gradStartAlpha><gradStartColor><color value="#FFFFFF"/></gradStartColor><fillType><fillType value="linear"/></fillType><borderAlpha><double value="0"/></borderAlpha><borderThickness><double value="0"/></borderThickness><thickness><double value="10"/></thickness></styleBlock></styleBlock><styleSelector><simpleSelector value="zArrow"/></styleSelector></styleDeclaration><styleDeclaration><styleBlock><styleBlock><gradEndAlpha><double value="1"/></gradEndAlpha><gradStartAlpha><double value="1"/></gradStartAlpha><borderAlpha><double value="0"/></borderAlpha><radius><double value="0"/></radius><thickness><double value="100"/></thickness></styleBlock></styleBlock><styleSelector><simpleSelector value="zCircle"/></styleSelector></styleDeclaration><styleDeclaration><styleBlock><styleBlock><color><color value="#FFFFFF"/></color></styleBlock></styleBlock><styleSelector><simpleSelector value="zPencil"/></styleSelector></styleDeclaration><styleDeclaration><styleBlock><styleBlock><gradEndAlpha><double value="1"/></gradEndAlpha><gradEndColor><color value="#318BFF"/></gradEndColor><gradStartAlpha><double value="1"/></gradStartAlpha><gradStartColor><color value="#318BFF"/></gradStartColor><fillType><fillType value="linear"/></fillType><borderAlpha><double value="0"/></borderAlpha><borderColor><color value="#318BFF"/></borderColor><borderThickness><double value="0"/></borderThickness><padding><double value="1.03"/></padding><thickness><double value="3"/></thickness></styleBlock></styleBlock><styleSelector><simpleSelector value="zBracketFrame"/></styleSelector></styleDeclaration><styleDeclaration><styleBlock><styleBlock><gradEndAlpha><double value="1"/></gradEndAlpha><gradEndColor><color value="#318BFF"/></gradEndColor><gradStartAlpha><double value="1"/></gradStartAlpha><gradStartColor><color value="#318BFF"/></gradStartColor><fillType><fillType value="linear"/></fillType><borderAlpha><double value="0"/></borderAlpha><borderColor><color value="#333333"/></borderColor><borderThickness><double value="3"/></borderThickness><padding><double value="1.03"/></padding><thickness><double value="3"/></thickness></styleBlock></styleBlock><styleSelector><simpleSelector value="zCircleFrame"/></styleSelector></styleDeclaration><styleDeclaration><styleBlock><styleBlock><gradEndAlpha><double value="0.2"/></gradEndAlpha><gradEndColor><color value="#318BFF"/></gradEndColor><gradStartAlpha><double value="0"/></gradStartAlpha><gradStartColor><color value="#318BFF"/></gradStartColor><fillType><fillType value="linear"/></fillType><borderAlpha><double value="1"/></borderAlpha><borderColor><color value="#318BFF"/></borderColor><borderThickness><double value="10"/></borderThickness><padding><double value="1.03"/></padding><radius><double value="1"/></radius><thickness><double value="3"/></thickness></styleBlock></styleBlock><styleSelector><simpleSelector value="zRectangleFrame"/></styleSelector></styleDeclaration><styleDeclaration><styleBlock><styleBlock><padding><double value="1.2"/></padding></styleBlock></styleBlock><styleSelector><simpleSelector value="zText"/></styleSelector></styleDeclaration><styleDeclaration><styleBlock><styleBlock><color><color value="#333333"/></color><fontClass><string value="body"/></fontClass></styleBlock></styleBlock><styleSelector><simpleSelector value="zText.body"/></styleSelector></styleDeclaration><styleDeclaration><styleBlock><styleBlock><backgroundAlpha><double value="0.9"/></backgroundAlpha><backgroundColor><color value="#E4E4DD"/></backgroundColor><backgroundPadding><double value="6"/></backgroundPadding></styleBlock></styleBlock><styleSelector><simpleSelector value="zText.body-background"/></styleSelector></styleDeclaration><styleDeclaration><styleBlock><styleBlock><color><color value="#333333"/></color><fontClass><string value="head"/></fontClass></styleBlock></styleBlock><styleSelector><simpleSelector value="zText.title"/></styleSelector></styleDeclaration><styleDeclaration><styleBlock><styleBlock><backgroundAlpha><double value="0.9"/></backgroundAlpha><backgroundColor><color value="#F6F1A6"/></backgroundColor><backgroundPadding><double value="6"/></backgroundPadding></styleBlock></styleBlock><styleSelector><simpleSelector value="zText.title-background"/></styleSelector></styleDeclaration><styleDeclaration><styleBlock><styleBlock><color><color value="#333333"/></color><fontClass><string value="strong"/></fontClass></styleBlock></styleBlock><styleSelector><simpleSelector value="zText.subtitle"/></styleSelector></styleDeclaration><styleDeclaration><styleBlock><styleBlock><backgroundAlpha><double value="0.9"/></backgroundAlpha><backgroundColor><color value="#D3E2EE"/></backgroundColor><backgroundPadding><double value="6"/></backgroundPadding></styleBlock></styleBlock><styleSelector><simpleSelector value="zText.subtitle-background"/></styleSelector></styleDeclaration><styleDeclaration><styleBlock><styleBlock><color><color value="#FFFFFF"/></color></styleBlock></styleBlock><styleSelector><simpleSelector value="zLine"/></styleSelector></styleDeclaration><styleDeclaration><styleBlock><styleBlock><color><color value="#F0EA82"/></color><alpha><double value="0.65"/></alpha></styleBlock></styleBlock><styleSelector><simpleSelector value="zMarker"/></styleSelector></styleDeclaration><styleDeclaration><styleBlock><styleBlock><gradEndAlpha><double value="1"/></gradEndAlpha><gradStartAlpha><double value="1"/></gradStartAlpha><borderAlpha><double value="0"/></borderAlpha><radius><double value="0"/></radius><thickness><double value="100"/></thickness></styleBlock></styleBlock><styleSelector><simpleSelector value="zTriangle"/></styleSelector></styleDeclaration><styleDeclaration><styleBlock><styleBlock><gradEndAlpha><double value="1"/></gradEndAlpha><gradStartAlpha><double value="1"/></gradStartAlpha><borderAlpha><double value="0"/></borderAlpha><radius><double value="0"/></radius><thickness><double value="100"/></thickness></styleBlock></styleBlock><styleSelector><simpleSelector value="zSquare"/></styleSelector></styleDeclaration><styleDeclaration><styleBlock><styleBlock><color><color value="#35AFA9"/></color><gradEndAlpha><double value="1"/></gradEndAlpha><gradEndColor><color value="#35AFA9"/></gradEndColor><gradStartAlpha><double value="1"/></gradStartAlpha><gradStartColor><color value="#35AFA9"/></gradStartColor><fillType><fillType value="linear"/></fillType><borderColor><color value="#35AFA9"/></borderColor><thickness><double value="10"/></thickness></styleBlock></styleBlock><styleSelector><simpleSelector value="#52_120686956"/></styleSelector></styleDeclaration><styleDeclaration><styleBlock><styleBlock><color><color value="#FFF808"/></color><gradEndAlpha><double value="1"/></gradEndAlpha><gradEndColor><color value="#FFF808"/></gradEndColor><gradStartAlpha><double value="1"/></gradStartAlpha><gradStartColor><color value="#FFF808"/></gradStartColor><fillType><fillType value="linear"/></fillType><borderColor><color value="#FFF808"/></borderColor></styleBlock></styleBlock><styleSelector><simpleSelector value="#69_120686956"/></styleSelector></styleDeclaration><styleDeclaration><styleBlock><styleBlock><color><color value="#FFF808"/></color><gradEndAlpha><double value="1"/></gradEndAlpha><gradEndColor><color value="#FFF808"/></gradEndColor><gradStartAlpha><double value="1"/></gradStartAlpha><gradStartColor><color value="#FFF808"/></gradStartColor><fillType><fillType value="linear"/></fillType><borderColor><color value="#FFF808"/></borderColor></styleBlock></styleBlock><styleSelector><simpleSelector value="#70_120686956"/></styleSelector></styleDeclaration><styleDeclaration><styleBlock><styleBlock><color><color value="#FFF808"/></color><gradEndAlpha><double value="1"/></gradEndAlpha><gradEndColor><color value="#FFF808"/></gradEndColor><gradStartAlpha><double value="1"/></gradStartAlpha><gradStartColor><color value="#FFF808"/></gradStartColor><fillType><fillType value="linear"/></fillType><borderColor><color value="#FFF808"/></borderColor><thickness><double value="10"/></thickness></styleBlock></styleBlock><styleSelector><simpleSelector value="#71_120686956"/></styleSelector></styleDeclaration><styleDeclaration><styleBlock><styleBlock><color><color value="#FFF808"/></color><gradEndAlpha><double value="1"/></gradEndAlpha><gradEndColor><color value="#FFF808"/></gradEndColor><gradStartAlpha><double value="1"/></gradStartAlpha><gradStartColor><color value="#FFF808"/></gradStartColor><fillType><fillType value="linear"/></fillType><borderColor><color value="#FFF808"/></borderColor><thickness><double value="10"/></thickness></styleBlock></styleBlock><styleSelector><simpleSelector value="#72_120686956"/></styleSelector></styleDeclaration></array></styleDeclarations></documentStyle></documentStyle><path><array><flyToObject><target><ref value="3_120686956"/></target></flyToObject><flyToObject><target><ref value="5_120686956"/></target></flyToObject><flyToObject><target><ref value="36_120686956"/></target></flyToObject><flyToObject><target><ref value="37_120686956"/></target></flyToObject><flyToObject><target><ref value="18_120686956"/></target></flyToObject><flyToObject><target><ref value="34_120686956"/></target></flyToObject><flyToObject><target><ref value="17_120686956"/></target></flyToObject><flyToObject><target><ref value="29_120686956"/></target></flyToObject><flyToObject><target><ref value="30_120686956"/></target></flyToObject><flyToObject><target><ref value="31_120686956"/></target></flyToObject><flyToObject><target><ref value="16_120686956"/></target></flyToObject><flyToObject><target><ref value="69_120686956"/></target></flyToObject><flyToObject><target><ref value="70_120686956"/></target></flyToObject><flyToObject><target><ref value="19_120686956"/></target></flyToObject><flyToObject><target><ref value="22_120686956"/></target></flyToObject><flyToObject><target><ref value="20_120686956"/></target></flyToObject><flyToObject><target><ref value="21_120686956"/></target></flyToObject><flyToObject><target><ref value="3_120686956"/></target></flyToObject></array></path><zObjects><array><zImage><id><string value="3_120686956"/></id><onlineAssetId><string value="5088394739"/></onlineAssetId><onlineAssetUrl><string value="http://0103.static.prezi.com.s3.amazonaws.com/media/f/e/a/2791b4395620b5c3a14e634f006c1607d758c.png"/></onlineAssetUrl><assetSourceFilename><string value="Фон3.png"/></assetSourceFilename><width><double value="10372"/></width><height><double value="5835"/></height><localToWorld><transform2D x="-1.2229527702331774E-12" y="0" scale="6.750099291144908" rotation="0"/></localToWorld></zImage><zImage><id><string value="2_120686956"/></id><onlineAssetId><string value="5088394734"/></onlineAssetId><onlineAssetUrl><string value="http://0103.static.prezi.com.s3.amazonaws.com/media/7/9/8/2d6a6c1a99ef4b9aa14fc618184bede639eb4.png"/></onlineAssetUrl><assetSourceFilename><string value="Призма.png"/></assetSourceFilename><width><double value="12425"/></width><height><double value="5290"/></height><localToWorld><transform2D x="1529.6747399465437" y="0.5378603164339647" scale="5.3786031643689975" rotation="0"/></localToWorld></zImage><zImage><id><string value="16_120686956"/></id><onlineAssetId><string value="5088396629"/></onlineAssetId><onlineAssetUrl><string value="http://0103.static.prezi.com.s3.amazonaws.com/media/3/4/6/3bf9a97fe4ed2a1777723fa70e2e868bf97a2.png"/></onlineAssetUrl><assetSourceFilename><string value="Ж.png"/></assetSourceFilename><width><double value="670"/></width><height><double value="670"/></height><localToWorld><transform2D x="24374.51862260377" y="-4207.380021992016" scale="4.766506910133491" rotation="0"/></localToWorld></zImage><zImage><id><string value="17_120686956"/></id><onlineAssetId><string value="5088396630"/></onlineAssetId><onlineAssetUrl><string value="http://0103.static.prezi.com.s3.amazonaws.com/media/5/8/8/06968a6f4c72b134259b08ca48eef9608dfdf.png"/></onlineAssetUrl><assetSourceFilename><string value="О.png"/></assetSourceFilename><width><double value="670"/></width><height><double value="670"/></height><localToWorld><transform2D x="24373.442901970888" y="-7412.016393994325" scale="4.766506910133491" rotation="0"/></localToWorld></zImage><zImage><id><string value="19_120686956"/></id><onlineAssetId><string value="5088396632"/></onlineAssetId><onlineAssetUrl><string value="http://0103.static.prezi.com.s3.amazonaws.com/media/f/8/b/72ab8d3e8232c58c703b3c0612bcdd441d499.png"/></onlineAssetUrl><assetSourceFilename><string value="З.png"/></assetSourceFilename><width><double value="670"/></width><height><double value="670"/></height><localToWorld><transform2D x="24374.130053210058" y="-946.332923435097" scale="4.766506910133491" rotation="0"/></localToWorld></zImage><zImage><id><string value="20_120686956"/></id><onlineAssetId><string value="5088396633"/></onlineAssetId><onlineAssetUrl><string value="http://0103.static.prezi.com.s3.amazonaws.com/media/8/f/2/7e685f9412e300860e775b16b27b6293cedcf.png"/></onlineAssetUrl><assetSourceFilename><string value="С.png"/></assetSourceFilename><width><double value="670"/></width><height><double value="669"/></height><localToWorld><transform2D x="24373.05433257718" y="5570.318063843126" scale="4.773631733616501" rotation="0"/></localToWorld></zImage><zImage><id><string value="21_120686956"/></id><onlineAssetId><string value="5088396634"/></onlineAssetId><onlineAssetUrl><string value="http://0103.static.prezi.com.s3.amazonaws.com/media/8/a/0/1822f0498877755f81ab5b182b8f18d1f86a7.png"/></onlineAssetUrl><assetSourceFilename><string value="Ф.png"/></assetSourceFilename><width><double value="670"/></width><height><double value="669"/></height><localToWorld><transform2D x="24373.518491575513" y="8772.96573370455" scale="4.773631733616501" rotation="0"/></localToWorld></zImage><zImage><id><string value="18_120686956"/></id><onlineAssetId><string value="5088396631"/></onlineAssetId><onlineAssetUrl><string value="http://0103.static.prezi.com.s3.amazonaws.com/media/d/2/a/f2f394566716352b87525772ed7e827042dfb.png"/></onlineAssetUrl><assetSourceFilename><string value="К.png"/></assetSourceFilename><width><double value="670"/></width><height><double value="669"/></height><localToWorld><transform2D x="24373.518491575513" y="-10619.750714552734" scale="4.773631733616501" rotation="0"/></localToWorld></zImage><zImage><id><string value="22_120686956"/></id><onlineAssetId><string value="5088396857"/></onlineAssetId><onlineAssetUrl><string value="http://0103.static.prezi.com.s3.amazonaws.com/media/4/2/6/67d555cd696a5f9f9c9174a86f3259da0b622.png"/></onlineAssetUrl><assetSourceFilename><string value="Г.png"/></assetSourceFilename><width><double value="670"/></width><height><double value="670"/></height><localToWorld><transform2D x="24373.67809965455" y="2266.543373465101" scale="4.76650742408404" rotation="0"/></localToWorld></zImage><zImage><id><string value="5_120686956"/></id><onlineAssetId><string value="5088529659"/></onlineAssetId><onlineAssetUrl><string value="http://0103.static.prezi.com.s3.amazonaws.com/media/3/3/e/201acc3a88d18c9328192c192685b92c8f54f.png"/></onlineAssetUrl><assetSourceFilename><string value="Ч.png"/></assetSourceFilename><width><double value="990"/></width><height><double value="990"/></height><localToWorld><transform2D x="-27277.04808778094" y="-1687.8056729789876" scale="1.05212382787599" rotation="0"/></localToWorld></zImage><zImage><id><string value="32_120686956"/></id><onlineAssetId><string value="5088553213"/></onlineAssetId><onlineAssetUrl><string value="http://0103.static.prezi.com.s3.amazonaws.com/media/2/d/d/625a7373fb059a53716294e11bfb230bb09f2.png"/></onlineAssetUrl><assetSourceFilename><string value="black2.png"/></assetSourceFilename><width><double value="2649"/></width><height><double value="1442"/></height><localToWorld><transform2D x="-27277.04808778094" y="-1631.868200069552" scale="0.2639069693586612" rotation="0"/></localToWorld></zImage><zImage><id><string value="33_120686956"/></id><onlineAssetId><string value="5088553345"/></onlineAssetId><onlineAssetUrl><string value="http://0103.static.prezi.com.s3.amazonaws.com/media/2/2/f/6f06faf448a13feeece28e40c0d302bd26ed8.png"/></onlineAssetUrl><assetSourceFilename><string value="black3.png"/></assetSourceFilename><width><double value="2650"/></width><height><double value="1443"/></height><localToWorld><transform2D x="24387.662467881913" y="-10444.171624571716" scale="0.7653804676991653" rotation="0"/></localToWorld></zImage><zImage><id><string value="34_120686956"/></id><onlineAssetId><string value="5088556782"/></onlineAssetId><onlineAssetUrl><string value="http://0103.static.prezi.com.s3.amazonaws.com/media/d/5/3/ea22a45c231ba7155c7577c39fe5190431bf7.png"/></onlineAssetUrl><assetSourceFilename><string value="155770-OV1PAD-708 [Восстановлен].png"/></assetSourceFilename><width><double value="1765"/></width><height><double value="1736"/></height><localToWorld><transform2D x="25269.215526521988" y="-10920.178004618372" scale="0.41815177475824383" rotation="0"/></localToWorld></zImage><zText><id><string value="9_120686956"/></id><text><text><width>-139.23046875</width><p align="center"><span color="16777215"><![CDATA[МЕЧТА]]></span></p><p align="center"><span color="16777215"><![CDATA[РЕКРУТЁРА]]></span></p></text></text><styleClasses><array><token value="title"/></array></styleClasses><localToWorld><transform2D x="24387.738738871125" y="-11548.398854216672" scale="9.27206482543201" rotation="0"/></localToWorld></zText><zText><id><string value="10_120686956"/></id><text><text><width>-104.75390625</width><p align="center"><span color="16777215"><![CDATA[ОНЛАЙН]]></span></p><p align="center"><span color="16777215"><![CDATA[КУРСЫ]]></span></p></text></text><styleClasses><array><token value="title"/></array></styleClasses><localToWorld><transform2D x="24372.602379021664" y="-8290.053663343095" scale="10.757206328737997" rotation="0"/></localToWorld></zText><zImage><id><string value="49_120686956"/></id><onlineAssetId><string value="5088572625"/></onlineAssetId><onlineAssetUrl><string value="http://0103.static.prezi.com.s3.amazonaws.com/media/1/4/0/ca1964befe5871d03476c4c5d4bd2333e0888.png"/></onlineAssetUrl><assetSourceFilename><string value="Чувак1.png"/></assetSourceFilename><width><double value="363"/></width><height><double value="1440"/></height><localToWorld><transform2D x="23737.389345309693" y="-650.273122572205" scale="0.9930706227298034" rotation="0"/></localToWorld></zImage><zImage><id><string value="51_120686956"/></id><onlineAssetId><string value="5088572774"/></onlineAssetId><onlineAssetUrl><string value="http://0103.static.prezi.com.s3.amazonaws.com/media/9/2/6/9b0d6e9228ce69d092d5f37245f7f2a777d41.png"/></onlineAssetUrl><assetSourceFilename><string value="155770-OV1PAD-708 [Восстановлен].png"/></assetSourceFilename><width><double value="1765"/></width><height><double value="1736"/></height><localToWorld><transform2D x="24993.831044506293" y="-1260.206721411657" scale="0.5213535510599934" rotation="0"/></localToWorld></zImage><zText><id><string value="12_120686956"/></id><text><text><width>-171.5859375</width><p align="center"><span color="16777215"><![CDATA[КАНДИДАТ 2.0]]></span></p></text></text><styleClasses><array><token value="title"/></array></styleClasses><localToWorld><transform2D x="24361.307312376495" y="-1856.155952023733" scale="9.523699521025923" rotation="0"/></localToWorld></zText><zText><id><string value="14_120686956"/></id><text><text><width>-186.85546875</width><p align="center"><span color="16777215"><![CDATA[СПАСИБО]]></span></p><p align="center"><span color="16777215"><![CDATA[ЗА ВНИМАНИЕ!]]></span></p></text></text><styleClasses><array><token value="title"/></array></styleClasses><localToWorld><transform2D x="24383.897445666844" y="8665.992812330162" scale="10.757206328737997" rotation="0"/></localToWorld></zText><zImage><id><string value="23_120686956"/></id><onlineAssetId><string value="5088549690"/></onlineAssetId><onlineAssetUrl><string value="http://0103.static.prezi.com.s3.amazonaws.com/media/a/c/3/49ce15caa09bae69ff0f20e272e70b6faadaa.png"/></onlineAssetUrl><assetSourceFilename><string value="qr-code.png"/></assetSourceFilename><width><double value="1369"/></width><height><double value="1368"/></height><localToWorld><transform2D x="24325.27067117523" y="5695.402890750334" scale="1.1145965637232502" rotation="0"/></localToWorld></zImage><zText><id><string value="15_120686956"/></id><text><text><width>-39.99609375</width><p align="center"><span color="16777215"><![CDATA[GIT]]></span></p></text></text><styleClasses><array><token value="title"/></array></styleClasses><localToWorld><transform2D x="24324.337018695835" y="4647.4581809743395" scale="14.134379647439784" rotation="0"/></localToWorld></zText><zImage><id><string value="30_120686956"/></id><onlineAssetId><string value="5088549876"/></onlineAssetId><onlineAssetUrl><string value="http://0103.static.prezi.com.s3.amazonaws.com/media/f/8/4/d4d5c99616e6ca60ec71356f03454f171cc85.jpg"/></onlineAssetUrl><assetSourceFilename><string value="photo_2019-03-01_10-16-14.jpg"/></assetSourceFilename><width><double value="749"/></width><height><double value="347"/></height><localToWorld><transform2D x="23805.69568683108" y="-7170.605776514712" scale="1.386948745126957" rotation="0"/></localToWorld></zImage><zImage><id><string value="29_120686956"/></id><onlineAssetId><string value="5088549874"/></onlineAssetId><onlineAssetUrl><string value="http://0103.static.prezi.com.s3.amazonaws.com/media/d/b/4/cb2c311291ebc5408840ebea34015be95e314.jpg"/></onlineAssetUrl><assetSourceFilename><string value="photo_2019-03-01_10-16-12.jpg"/></assetSourceFilename><width><double value="948"/></width><height><double value="313"/></height><localToWorld><transform2D x="24372.895871027955" y="-7747.630250950773" scale="1.095806550738492" rotation="0"/></localToWorld></zImage><zImage><id><string value="31_120686956"/></id><onlineAssetId><string value="5088549877"/></onlineAssetId><onlineAssetUrl><string value="http://0103.static.prezi.com.s3.amazonaws.com/media/6/a/5/500bc91564638218778aef28099f8b29867a4.jpg"/></onlineAssetUrl><assetSourceFilename><string value="photo_2019-03-01_10-16-15.jpg"/></assetSourceFilename><width><double value="705"/></width><height><double value="551"/></height><localToWorld><transform2D x="24879.51941544849" y="-7046.8492005597955" scale="1.2961740824751586" rotation="0"/></localToWorld></zImage><zImage><id><string value="36_120686956"/></id><onlineAssetId><string value="5088557527"/></onlineAssetId><onlineAssetUrl><string value="http://0103.static.prezi.com.s3.amazonaws.com/media/9/1/2/5b3c951dec69a671091d5da3e9f90a1bce5ff.png"/></onlineAssetUrl><assetSourceFilename><string value="Ч.png"/></assetSourceFilename><width><double value="990"/></width><height><double value="990"/></height><localToWorld><transform2D x="-25784.485709668537" y="-895.5374268674381" scale="1.4037346726994098" rotation="0"/></localToWorld></zImage><zText><id><string value="35_120686956"/></id><text><text><width>-182.34375</width><p align="center"><span><![CDATA[ЧТО МЫ О НИХ]]></span></p><p align="center"><span><![CDATA[ЗНАЕМ?]]></span></p></text></text><styleClasses><array><token value="title"/></array></styleClasses><localToWorld><transform2D x="-27277.04808778094" y="-1965.8794565768685" scale="2.758619519727148" rotation="0"/></localToWorld></zText><zImage><id><string value="37_120686956"/></id><onlineAssetId><string value="5088557527"/></onlineAssetId><onlineAssetUrl><string value="http://0103.static.prezi.com.s3.amazonaws.com/media/9/1/2/5b3c951dec69a671091d5da3e9f90a1bce5ff.png"/></onlineAssetUrl><assetSourceFilename><string value="Ч.png"/></assetSourceFilename><width><double value="990"/></width><height><double value="990"/></height><localToWorld><transform2D x="-23707.26916758923" y="207.0762218282064" scale="1.8957641024962943" rotation="0"/></localToWorld></zImage><zText><id><string value="38_120686956"/></id><text><text><width>-181.3359375</width><p align="center"><span><![CDATA[СТАНДАРТНОЕ]]></span></p><p align="center"><span><![CDATA[РЕЗЮМЕ]]></span></p></text></text><styleClasses><array><token value="title"/></array></styleClasses><localToWorld><transform2D x="-25775.34208428911" y="-1169.846188250257" scale="4.619145724367958" rotation="0"/></localToWorld></zText><zText><id><string value="39_120686956"/></id><text><text><width>-192.29296875</width><p align="center"><span><![CDATA[МОЛОДОГО]]></span></p><p align="center"><span><![CDATA[СПЕЦИАЛИСТА:]]></span></p></text></text><styleClasses><array><token value="title"/></array></styleClasses><localToWorld><transform2D x="-25764.98934396957" y="-943.944855346759" scale="2.6209469163399035" rotation="0"/></localToWorld></zText><zText><id><string value="40_120686956"/></id><text><text><width>-149.26171875</width><p align="center"><span><![CDATA[К ЧЕМУ ЭТО]]></span></p><p align="center"><span><![CDATA[ПРИВОДИТ?]]></span></p></text></text><styleClasses><array><token value="title"/></array></styleClasses><localToWorld><transform2D x="-23694.360519994745" y="-303.8973818374277" scale="5.3786031643689975" rotation="0"/></localToWorld></zText><zText><id><string value="41_120686956"/></id><text><text><width>265.6533836190895</width><p indent="1" listType="bullet"><span><![CDATA[ в ]]></span><span color="15478355"><![CDATA[3]]></span><span><![CDATA[ раза выше]]></span></p><p indent="1" listType="bullet"><span color="15478355"><![CDATA[ 60%]]></span><span><![CDATA[ выпускников]]></span></p><p indent="1" listType="bullet"><span color="15478355"><![CDATA[ 56%]]></span><span><![CDATA[ рекрутёров]]></span></p></text></text><styleClasses><array><token value="title"/></array></styleClasses><localToWorld><transform2D x="-23709.42060885498" y="283.45238676225006" scale="6.023195902107399" rotation="0"/></localToWorld></zText><zImage><id><string value="50_120686956"/></id><onlineAssetId><string value="5088572627"/></onlineAssetId><onlineAssetUrl><string value="http://0103.static.prezi.com.s3.amazonaws.com/media/8/f/6/417f8ca0cb26a9de90d5355fd4829de2d26a2.png"/></onlineAssetUrl><assetSourceFilename><string value="чувак.png"/></assetSourceFilename><width><double value="363"/></width><height><double value="1440"/></height><localToWorld><transform2D x="24993.831044506293" y="-650.273122572205" scale="0.9930707616435472" rotation="0"/></localToWorld></zImage><zArrow><id><string value="52_120686956"/></id><startEndDistance><double value="110.24319881222505"/></startEndDistance><styleClasses><array><token value="line3"/></array></styleClasses><localToWorld><transform2D x="24351.02331319815" y="-650.0336313799781" scale="5.3786031643689975" rotation="0"/></localToWorld></zArrow><zText><id><string value="62_120686956"/></id><text><text><width>-247.0546875</width><p indent="1" listType="bullet"><span><![CDATA[ДАТА РОЖДЕНИЯ]]></span></p></text></text><styleClasses><array><token value="title"/></array></styleClasses><localToWorld><transform2D x="-25832.89313814785" y="-756.3138848302228" scale="3.2019439034616624" rotation="0"/></localToWorld></zText><zText><id><string value="63_120686956"/></id><text><text><width>-189.24609375</width><p indent="1" listType="bullet"><span><![CDATA[ГДЕ УЧИЛСЯ]]></span></p></text></text><styleClasses><array><token value="title"/></array></styleClasses><localToWorld><transform2D x="-25832.804603034365" y="-616.3093949947523" scale="3.2019439034616624" rotation="0"/></localToWorld></zText><zText><id><string value="68_120686956"/></id><text><text><width>-198.15234375</width><p align="center"><span color="16777215"><![CDATA[ВЫИГРАЮТ ВСЕ]]></span></p></text></text><styleClasses><array><token value="title"/></array></styleClasses><localToWorld><transform2D x="24387.284408063926" y="-4863.513996109514" scale="10.040523418763485" rotation="0"/></localToWorld></zText><zCircleFrame><id><string value="69_120686956"/></id><width><double value="800"/></width><height><double value="800"/></height><styleClasses><array><token value="circle"/></array></styleClasses><localToWorld><transform2D x="23778.308111731836" y="-3914.17274325762" scale="0.958623800342526" rotation="0"/></localToWorld></zCircleFrame><zCircleFrame><id><string value="70_120686956"/></id><width><double value="800"/></width><height><double value="800"/></height><styleClasses><array><token value="circle"/></array></styleClasses><localToWorld><transform2D x="24954.70980991507" y="-3914.17274325762" scale="0.958623800342526" rotation="0"/></localToWorld></zCircleFrame><zArrow><id><string value="71_120686956"/></id><startEndDistance><double value="130.19111438871795"/></startEndDistance><arcHeight><double value="-34.990836101731645"/></arcHeight><styleClasses><array><token value="line3"/></array></styleClasses><localToWorld><transform2D x="24366.61214339069" y="-4408.1262590009155" scale="5.446304158255727" rotation="0.07352290505216896"/></localToWorld></zArrow><zArrow><id><string value="72_120686956"/></id><startEndDistance><double value="-115.59944676642081"/></startEndDistance><arcHeight><double value="34.990836101731645"/></arcHeight><styleClasses><array><token value="line3"/></array></styleClasses><localToWorld><transform2D x="24356.16098292277" y="-3417.4698040247035" scale="5.446304158255718" rotation="0.03350383253039347"/></localToWorld></zArrow><zImage><id><string value="74_120686956"/></id><onlineAssetId><string value="5088576302"/></onlineAssetId><onlineAssetUrl><string value="http://0103.static.prezi.com.s3.amazonaws.com/media/4/4/0/a3a90adc2065fc4b04ed19bf0efdfc2411751.png"/></onlineAssetUrl><assetSourceFilename><string value="чувак.png"/></assetSourceFilename><width><double value="363"/></width><height><double value="1440"/></height><localToWorld><transform2D x="24789.142163504093" y="-3914.17274325762" scale="0.3457114781996154" rotation="0"/></localToWorld></zImage><zImage><id><string value="80_120686956"/></id><onlineAssetId><string value="5088601291"/></onlineAssetId><onlineAssetUrl><string value="http://0103.static.prezi.com.s3.amazonaws.com/media/d/0/2/bece822b32f1446cfdd898efd28bc12c6c2ab.png"/></onlineAssetUrl><assetSourceFilename><string value="hr.png"/></assetSourceFilename><width><double value="1070"/></width><height><double value="2227"/></height><localToWorld><transform2D x="23954.6849131502" y="-3907.0173385976423" scale="0.23582206555210708" rotation="0"/></localToWorld></zImage><zText><id><string value="75_120686956"/></id><text><text><width>264.78565694908144</width><p indent="1" listType="bullet"><span color="16777215"><![CDATA[МЕНЬШЕ ВРЕМЕНИ НА ПОИСК]]></span></p></text></text><styleClasses><array><token value="title"/></array></styleClasses><localToWorld><transform2D x="23653.63216998281" y="-3992.101481637662" scale="1.6914022748740816" rotation="0"/></localToWorld></zText><zText><id><string value="76_120686956"/></id><text><text><width>245.28828125</width><p indent="1" listType="bullet"><span color="16777215"><![CDATA[БОЛЬШЕ МОТИВАЦИИ К ОБУЧЕНИЮ]]></span></p></text></text><styleClasses><array><token value="title"/></array></styleClasses><localToWorld><transform2D x="25072.349979733393" y="-3990.343244985968" scale="1.6914022748740816" rotation="0"/></localToWorld></zText><zText><id><string value="77_120686956"/></id><text><text><width>259.696875</width><p indent="1" listType="bullet"><span color="16777215"><![CDATA[БЫСТРЫЙ СТАРТ КАРЬЕРЫ]]></span></p></text></text><styleClasses><array><token value="title"/></array></styleClasses><localToWorld><transform2D x="25084.389806582494" y="-3823.3769589012704" scale="1.6914022748740816" rotation="0"/></localToWorld></zText><zText><id><string value="78_120686956"/></id><text><text><width>-142.95703125</width><p align="center"><span color="16777215"><![CDATA[КАК ЭТО]]></span></p><p align="center"><span color="16777215"><![CDATA[РАБОТАЕТ?]]></span></p></text></text><styleClasses><array><token value="title"/></array></styleClasses><localToWorld><transform2D x="24344.84593102326" y="2227.4301410223393" scale="10.757206328737997" rotation="0"/></localToWorld></zText><zText><id><string value="81_120686956"/></id><text><text><width>264.78565694908144</width><p indent="1" listType="bullet"><span color="16777215"><![CDATA[БОЛЕЕ РЕЛЕВАНТНЫЕ КАНДИДАТЫ]]></span></p></text></text><styleClasses><array><token value="title"/></array></styleClasses><localToWorld><transform2D x="23653.590335387365" y="-3814.942993555974" scale="1.6914022748740816" rotation="0"/></localToWorld></zText></array></zObjects></prezi>