<prezi xsi:schemaLocation="http://prezi.com/schema/prezi/2 http://prezi.com/schema/prezi/2" xmlns:xsi="http://www.w3.org/2001/XMLSchema-instance" version="2" xmlns="http://prezi.com/schema/prezi/2"><xFields><xField name="preziType"><xEnum type="PreziType" value="converted-from-core"/></xField></xFields><documentStyle><documentStyle><fontClasses><array><fontClass><fontFamily><string value="Arimo"/></fontFamily><name><string value="body"/></name></fontClass><fontClass><fontFamily><string value="Arimo"/></fontFamily><fontWeight><fontWeight value="bold"/></fontWeight><name><string value="head"/></name></fontClass><fontClass><fontFamily><string value="Arimo"/></fontFamily><fontStyle><fontStyle value="italic"/></fontStyle><fontWeight><fontWeight value="bold"/></fontWeight><name><string value="strong"/></name></fontClass></array></fontClasses><fontFamilies><array><fontFamily><fontFaces><array><fontFace><fontSrc><string value="Arimo-Regular.keg"/></fontSrc></fontFace><fontFace><fontSrc><string value="Arimo-Bold.keg"/></fontSrc><fontWeight><fontWeight value="bold"/></fontWeight></fontFace><fontFace><fontSrc><string value="Arimo-BoldItalic.keg"/></fontSrc><fontStyle><fontStyle value="italic"/></fontStyle><fontWeight><fontWeight value="bold"/></fontWeight></fontFace><fontFace><fontSrc><string value="Arimo-Italic.keg"/></fontSrc><fontStyle><fontStyle value="italic"/></fontStyle></fontFace></array></fontFaces><name><string value="Arimo"/></name></fontFamily></array></fontFamilies><styleDeclarations><array><styleDeclaration><styleBlock><styleBlock><gradEndAlpha><double value="0.7"/></gradEndAlpha><gradStartAlpha><double value="0.5"/></gradStartAlpha></styleBlock></styleBlock><styleSelector><simpleSelector value="zCircle"/></styleSelector></styleDeclaration><styleDeclaration><styleBlock><styleBlock><color><color value="#C7C7C4"/></color><gradEndColor><color value="#C7C7C4"/></gradEndColor><gradStartColor><color value="#C7C7C4"/></gradStartColor><fillType><fillType value="linear"/></fillType></styleBlock></styleBlock><styleSelector><simpleSelector value="*.line1"/></styleSelector></styleDeclaration><styleDeclaration><styleBlock><styleBlock><color><color value="#555555"/></color><gradEndColor><color value="#555555"/></gradEndColor><gradStartColor><color value="#888888"/></gradStartColor><fillType><fillType value="linear"/></fillType></styleBlock></styleBlock><styleSelector><simpleSelector value="*.line2"/></styleSelector></styleDeclaration><styleDeclaration><styleBlock><styleBlock><color><color value="#5374EC"/></color><gradEndColor><color value="#5374EC"/></gradEndColor><gradStartColor><color value="#5374EC"/></gradStartColor><fillType><fillType value="linear"/></fillType></styleBlock></styleBlock><styleSelector><simpleSelector value="*.line3"/></styleSelector></styleDeclaration><styleDeclaration><styleBlock><styleBlock><color><color value="#66E186"/></color><gradEndColor><color value="#66E186"/></gradEndColor><gradStartColor><color value="#66E186"/></gradStartColor><fillType><fillType value="linear"/></fillType></styleBlock></styleBlock><styleSelector><simpleSelector value="*.line4"/></styleSelector></styleDeclaration><styleDeclaration><styleBlock><styleBlock><color><color value="#FA5151"/></color><gradEndColor><color value="#FA5151"/></gradEndColor><gradStartColor><color value="#FA5151"/></gradStartColor><fillType><fillType value="linear"/></fillType></styleBlock></styleBlock><styleSelector><simpleSelector value="*.line5"/></styleSelector></styleDeclaration><styleDeclaration><styleBlock><styleBlock><color><color value="#FFFFFF"/></color><gradEndColor><color value="#C7C7C4"/></gradEndColor><gradStartColor><color value="#C7C7C4"/></gradStartColor><fillType><fillType value="linear"/></fillType></styleBlock></styleBlock><styleSelector><simpleSelector value="*.poly1"/></styleSelector></styleDeclaration><styleDeclaration><styleBlock><styleBlock><color><color value="#FFFFFF"/></color><gradEndColor><color value="#000000"/></gradEndColor><gradStartColor><color value="#333333"/></gradStartColor><fillType><fillType value="linear"/></fillType></styleBlock></styleBlock><styleSelector><simpleSelector value="*.poly2"/></styleSelector></styleDeclaration><styleDeclaration><styleBlock><styleBlock><color><color value="#FFFFFF"/></color><gradEndColor><color value="#5374EC"/></gradEndColor><gradStartColor><color value="#5374EC"/></gradStartColor><fillType><fillType value="linear"/></fillType></styleBlock></styleBlock><styleSelector><simpleSelector value="*.poly3"/></styleSelector></styleDeclaration><styleDeclaration><styleBlock><styleBlock><color><color value="#FFFFFF"/></color><gradEndColor><color value="#66E186"/></gradEndColor><gradStartColor><color value="#66E186"/></gradStartColor><fillType><fillType value="linear"/></fillType></styleBlock></styleBlock><styleSelector><simpleSelector value="*.poly4"/></styleSelector></styleDeclaration><styleDeclaration><styleBlock><styleBlock><color><color value="#FFFFFF"/></color><gradEndColor><color value="#FA5151"/></gradEndColor><gradStartColor><color value="#FA5151"/></gradStartColor><fillType><fillType value="linear"/></fillType></styleBlock></styleBlock><styleSelector><simpleSelector value="*.poly5"/></styleSelector></styleDeclaration><styleDeclaration><styleBlock><styleBlock><gradEndColor><color value="#FFFFFF"/></gradEndColor><gradStartColor><color value="#FFFFFF"/></gradStartColor><fillType><fillType value="linear"/></fillType></styleBlock></styleBlock><styleSelector><simpleSelector value="background"/></styleSelector></styleDeclaration><styleDeclaration><styleBlock><styleBlock><gradEndAlpha><double value="1"/></gradEndAlpha><gradEndColor><color value="#FFFFFF"/></gradEndColor><gradStartAlpha><double value="1"/></gradStartAlpha><gradStartColor><color value="#FFFFFF"/></gradStartColor><fillType><fillType value="linear"/></fillType><borderAlpha><double value="0"/></borderAlpha><borderThickness><double value="0"/></borderThickness><thickness><double value="10"/></thickness></styleBlock></styleBlock><styleSelector><simpleSelector value="zArrow"/></styleSelector></styleDeclaration><styleDeclaration><styleBlock><styleBlock><gradEndAlpha><double value="1"/></gradEndAlpha><gradStartAlpha><double value="1"/></gradStartAlpha><borderAlpha><double value="0"/></borderAlpha><radius><double value="0"/></radius><thickness><double value="100"/></thickness></styleBlock></styleBlock><styleSelector><simpleSelector value="zCircle"/></styleSelector></styleDeclaration><styleDeclaration><styleBlock><styleBlock><color><color value="#FFFFFF"/></color></styleBlock></styleBlock><styleSelector><simpleSelector value="zPencil"/></styleSelector></styleDeclaration><styleDeclaration><styleBlock><styleBlock><gradEndAlpha><double value="1"/></gradEndAlpha><gradEndColor><color value="#318BFF"/></gradEndColor><gradStartAlpha><double value="1"/></gradStartAlpha><gradStartColor><color value="#318BFF"/></gradStartColor><fillType><fillType value="linear"/></fillType><borderAlpha><double value="0"/></borderAlpha><borderColor><color value="#318BFF"/></borderColor><borderThickness><double value="0"/></borderThickness><padding><double value="1.03"/></padding><thickness><double value="3"/></thickness></styleBlock></styleBlock><styleSelector><simpleSelector value="zBracketFrame"/></styleSelector></styleDeclaration><styleDeclaration><styleBlock><styleBlock><gradEndAlpha><double value="1"/></gradEndAlpha><gradEndColor><color value="#318BFF"/></gradEndColor><gradStartAlpha><double value="1"/></gradStartAlpha><gradStartColor><color value="#318BFF"/></gradStartColor><fillType><fillType value="linear"/></fillType><borderAlpha><double value="0"/></borderAlpha><borderColor><color value="#333333"/></borderColor><borderThickness><double value="3"/></borderThickness><padding><double value="1.03"/></padding><thickness><double value="3"/></thickness></styleBlock></styleBlock><styleSelector><simpleSelector value="zCircleFrame"/></styleSelector></styleDeclaration><styleDeclaration><styleBlock><styleBlock><gradEndAlpha><double value="0.2"/></gradEndAlpha><gradEndColor><color value="#318BFF"/></gradEndColor><gradStartAlpha><double value="0"/></gradStartAlpha><gradStartColor><color value="#318BFF"/></gradStartColor><fillType><fillType value="linear"/></fillType><borderAlpha><double value="1"/></borderAlpha><borderColor><color value="#318BFF"/></borderColor><borderThickness><double value="10"/></borderThickness><padding><double value="1.03"/></padding><radius><double value="1"/></radius><thickness><double value="3"/></thickness></styleBlock></styleBlock><styleSelector><simpleSelector value="zRectangleFrame"/></styleSelector></styleDeclaration><styleDeclaration><styleBlock><styleBlock><padding><double value="1.2"/></padding></styleBlock></styleBlock><styleSelector><simpleSelector value="zText"/></styleSelector></styleDeclaration><styleDeclaration><styleBlock><styleBlock><color><color value="#333333"/></color><fontClass><string value="body"/></fontClass></styleBlock></styleBlock><styleSelector><simpleSelector value="zText.body"/></styleSelector></styleDeclaration><styleDeclaration><styleBlock><styleBlock><backgroundAlpha><double value="0.9"/></backgroundAlpha><backgroundColor><color value="#E4E4DD"/></backgroundColor><backgroundPadding><double value="6"/></backgroundPadding></styleBlock></styleBlock><styleSelector><simpleSelector value="zText.body-background"/></styleSelector></styleDeclaration><styleDeclaration><styleBlock><styleBlock><color><color value="#333333"/></color><fontClass><string value="head"/></fontClass></styleBlock></styleBlock><styleSelector><simpleSelector value="zText.title"/></styleSelector></styleDeclaration><styleDeclaration><styleBlock><styleBlock><backgroundAlpha><double value="0.9"/></backgroundAlpha><backgroundColor><color value="#F6F1A6"/></backgroundColor><backgroundPadding><double value="6"/></backgroundPadding></styleBlock></styleBlock><styleSelector><simpleSelector value="zText.title-background"/></styleSelector></styleDeclaration><styleDeclaration><styleBlock><styleBlock><color><color value="#333333"/></color><fontClass><string value="strong"/></fontClass></styleBlock></styleBlock><styleSelector><simpleSelector value="zText.subtitle"/></styleSelector></styleDeclaration><styleDeclaration><styleBlock><styleBlock><backgroundAlpha><double value="0.9"/></backgroundAlpha><backgroundColor><color value="#D3E2EE"/></backgroundColor><backgroundPadding><double value="6"/></backgroundPadding></styleBlock></styleBlock><styleSelector><simpleSelector value="zText.subtitle-background"/></styleSelector></styleDeclaration><styleDeclaration><styleBlock><styleBlock><color><color value="#FFFFFF"/></color></styleBlock></styleBlock><styleSelector><simpleSelector value="zLine"/></styleSelector></styleDeclaration><styleDeclaration><styleBlock><styleBlock><color><color value="#F0EA82"/></color><alpha><double value="0.65"/></alpha></styleBlock></styleBlock><styleSelector><simpleSelector value="zMarker"/></styleSelector></styleDeclaration><styleDeclaration><styleBlock><styleBlock><gradEndAlpha><double value="1"/></gradEndAlpha><gradStartAlpha><double value="1"/></gradStartAlpha><borderAlpha><double value="0"/></borderAlpha><radius><double value="0"/></radius><thickness><double value="100"/></thickness></styleBlock></styleBlock><styleSelector><simpleSelector value="zTriangle"/></styleSelector></styleDeclaration><styleDeclaration><styleBlock><styleBlock><gradEndAlpha><double value="1"/></gradEndAlpha><gradStartAlpha><double value="1"/></gradStartAlpha><borderAlpha><double value="0"/></borderAlpha><radius><double value="0"/></radius><thickness><double value="100"/></thickness></styleBlock></styleBlock><styleSelector><simpleSelector value="zSquare"/></styleSelector></styleDeclaration><styleDeclaration><styleBlock><styleBlock><color><color value="#FFFFFF"/></color><gradEndAlpha><double value="1"/></gradEndAlpha><gradEndColor><color value="#FFFFFF"/></gradEndColor><gradStartAlpha><double value="1"/></gradStartAlpha><gradStartColor><color value="#FFFFFF"/></gradStartColor><fillType><fillType value="linear"/></fillType><thickness><double value="8"/></thickness></styleBlock></styleBlock><styleSelector><simpleSelector value="#0_120686956"/></styleSelector></styleDeclaration><styleDeclaration><styleBlock><styleBlock><color><color value="#000000"/></color><gradEndAlpha><double value="1"/></gradEndAlpha><gradEndColor><color value="#000000"/></gradEndColor><gradStartAlpha><double value="1"/></gradStartAlpha><gradStartColor><color value="#000000"/></gradStartColor><fillType><fillType value="linear"/></fillType><borderColor><color value="#000000"/></borderColor></styleBlock></styleBlock><styleSelector><simpleSelector value="#2_120686956"/></styleSelector></styleDeclaration></array></styleDeclarations></documentStyle></documentStyle><path><array><flyToObject><target><ref value="17"/></target></flyToObject><flyToObject><target><ref value="10"/></target></flyToObject><flyToObject><target><ref value="1"/></target></flyToObject><flyToObject><target><ref value="12"/></target></flyToObject><flyToObject><target><ref value="3"/></target></flyToObject><flyToObject><target><ref value="11"/></target></flyToObject><flyToObject><target><ref value="13"/></target></flyToObject><flyToObject><target><ref value="14"/></target></flyToObject><flyToObject><target><ref value="15"/></target></flyToObject><flyToObject><target><ref value="4"/></target></flyToObject><flyToObject><target><ref value="5"/></target></flyToObject><flyToObject><target><ref value="7"/></target></flyToObject><flyToObject><target><ref value="6"/></target></flyToObject><flyToObject><target><ref value="8"/></target></flyToObject><flyToObject><target><ref value="4_120686956"/></target></flyToObject><flyToObject><target><ref value="5_120686956"/></target></flyToObject><flyToObject><target><ref value="19"/></target></flyToObject><flyToObject><target><ref value="17"/></target></flyToObject></array></path><zObjects><array><zInvisibleFrame><id><string value="1"/></id><width><double value="852.2832926511765"/></width><height><double value="800"/></height><styleClasses><array><token value="invisible"/></array></styleClasses><localToWorld><transform2D x="-1199.5790308481114" y="-2733.1054461253734" scale="5.294823496811273" rotation="0"/></localToWorld></zInvisibleFrame><zInvisibleFrame><id><string value="11"/></id><width><double value="874.5193321621"/></width><height><double value="849.4962864910246"/></height><styleClasses><array><token value="invisible"/></array></styleClasses><localToWorld><transform2D x="-1222.368367660788" y="4486.176915036102" scale="5.294823496811273" rotation="0"/></localToWorld></zInvisibleFrame><zInvisibleFrame><id><string value="3"/></id><width><double value="1319.4135908013625"/></width><height><double value="568.2807787370396"/></height><styleClasses><array><token value="invisible"/></array></styleClasses><localToWorld><transform2D x="6574.254064707155" y="-3309.967792546834" scale="4.906573390062261" rotation="0"/></localToWorld></zInvisibleFrame><zInvisibleFrame><id><string value="4"/></id><width><double value="1024.2467860491752"/></width><height><double value="800"/></height><styleClasses><array><token value="invisible"/></array></styleClasses><localToWorld><transform2D x="8575.881392842923" y="1258.993350822288" scale="4.407027232169278" rotation="0"/></localToWorld></zInvisibleFrame><zInvisibleFrame><id><string value="5"/></id><width><double value="1322.4060135463142"/></width><height><double value="1834.9409019019624"/></height><styleClasses><array><token value="invisible"/></array></styleClasses><localToWorld><transform2D x="13486.113449197986" y="1541.3981121704294" scale="3.290829074117921" rotation="0"/></localToWorld></zInvisibleFrame><zInvisibleFrame><id><string value="6"/></id><width><double value="959.2234576117788"/></width><height><double value="581.4597793245148"/></height><styleClasses><array><token value="invisible"/></array></styleClasses><localToWorld><transform2D x="17426.45214122345" y="-2103.043615926673" scale="3.290829074117921" rotation="0"/></localToWorld></zInvisibleFrame><zInvisibleFrame><id><string value="7"/></id><width><double value="985.9589691162108"/></width><height><double value="614.5123962807751"/></height><styleClasses><array><token value="invisible"/></array></styleClasses><localToWorld><transform2D x="17972.711250895052" y="1638.3040136893037" scale="3.290829074117921" rotation="0"/></localToWorld></zInvisibleFrame><zInvisibleFrame><id><string value="8"/></id><width><double value="988.6717946973212"/></width><height><double value="591.7374684956446"/></height><styleClasses><array><token value="invisible"/></array></styleClasses><localToWorld><transform2D x="15437.090119949382" y="5682.574890998844" scale="3.290829074117921" rotation="0"/></localToWorld></zInvisibleFrame><zInvisibleFrame><id><string value="10"/></id><width><double value="1260.214488081049"/></width><height><double value="654.7039591147516"/></height><styleClasses><array><token value="invisible"/></array></styleClasses><localToWorld><transform2D x="-9628.010147077524" y="579.3117289566742" scale="18.047843610404932" rotation="0"/></localToWorld></zInvisibleFrame><zInvisibleFrame><id><string value="15"/></id><width><double value="1666.8998515870946"/></width><height><double value="1371.233374181919"/></height><styleClasses><array><token value="invisible"/></array></styleClasses><localToWorld><transform2D x="6505.963993972029" y="1469.1224393656887" scale="5.443560619594189" rotation="0"/></localToWorld></zInvisibleFrame><zInvisibleFrame><id><string value="12"/></id><width><double value="866.1522311466924"/></width><height><double value="791.4816004180143"/></height><styleClasses><array><token value="invisible"/></array></styleClasses><localToWorld><transform2D x="3736.957378212332" y="-387.76250510864446" scale="4.395949853476822" rotation="0"/></localToWorld></zInvisibleFrame><zInvisibleFrame><id><string value="13"/></id><width><double value="872.2316064834595"/></width><height><double value="800"/></height><styleClasses><array><token value="invisible"/></array></styleClasses><localToWorld><transform2D x="3723.5950636518833" y="3270.9774711095088" scale="4.395949853476822" rotation="0"/></localToWorld></zInvisibleFrame><zInvisibleFrame><id><string value="14"/></id><width><double value="1420.981489035653"/></width><height><double value="681.308957790226"/></height><styleClasses><array><token value="invisible"/></array></styleClasses><localToWorld><transform2D x="6470.998660970174" y="5514.645797464936" scale="4.906573390062261" rotation="0"/></localToWorld></zInvisibleFrame><zInvisibleFrame><id><string value="17"/></id><width><double value="847.4802688193672"/></width><height><double value="424.53631039541256"/></height><styleClasses><array><token value="invisible"/></array></styleClasses><localToWorld><transform2D x="8785.383956647545" y="1137.971728622701" scale="28.800664033512778" rotation="0"/></localToWorld></zInvisibleFrame><zImage><id><string value="18"/></id><onlineAssetId><string value="5112578535"/></onlineAssetId><onlineAssetUrl><string value="http://0103.static.prezi.com.s3.amazonaws.com/media/2/1/b/77313ab2cea9237b820fde192df87c3835fb4.png"/></onlineAssetUrl><assetSourceFilename><string value="gen3.png"/></assetSourceFilename><width><double value="13437"/></width><height><double value="4971"/></height><localToWorld><transform2D x="174.97993341408448" y="0" scale="3.0185712076932587" rotation="0"/></localToWorld></zImage><zInvisibleFrame><id><string value="19"/></id><width><double value="988.6717946973212"/></width><height><double value="591.7374684956446"/></height><styleClasses><array><token value="invisible"/></array></styleClasses><localToWorld><transform2D x="11582.13616590326" y="6115.024659671527" scale="3.290829074117921" rotation="0"/></localToWorld></zInvisibleFrame><zBracketFrame><id><string value="2_120686956"/></id><width><double value="1896.8058609542468"/></width><height><double value="872.660510089384"/></height><styleClasses><array><token value="bracket"/></array></styleClasses><localToWorld><transform2D x="12258.513183491408" y="3763.1324973247406" scale="0.6003399303142798" rotation="0"/></localToWorld></zBracketFrame><zLine><id><string value="0_120686956"/></id><startEndDistance><double value="42.267994703858946"/></startEndDistance><styleClasses><array><token value="line3"/></array></styleClasses><localToWorld><transform2D x="12141.828409718031" y="3728.0274075501216" scale="16.53683973810063" rotation="0"/></localToWorld></zLine><zText><id><string value="1_120686956"/></id><text><text><width>-193.453125</width><p><span><![CDATA[tokens and assets]]></span></p><p align="center"><span><![CDATA[held]]></span></p></text></text><styleClasses><array><token value="body"/></array></styleClasses><localToWorld><transform2D x="12258.423188824749" y="3742.2692696578993" scale="4.578655433856006" rotation="0"/></localToWorld></zText><zText><id><string value="3_120686956"/></id><text><text><width>-180</width><p><span><![CDATA[OFFER`S CARD]]></span></p></text></text><styleClasses><array><token value="body"/></array></styleClasses><localToWorld><transform2D x="13485.807635596764" y="3390.263438803214" scale="4.578655433856006" rotation="0"/></localToWorld></zText><zInvisibleFrame><id><string value="4_120686956"/></id><width><double value="988.6717946973212"/></width><height><double value="591.7374684956446"/></height><styleClasses><array><token value="invisible"/></array></styleClasses><localToWorld><transform2D x="19036.1" y="4343.25" scale="3.290829074117921" rotation="0"/></localToWorld></zInvisibleFrame><zVideo><id><string value="5_120686956"/></id><videoType><string value="video"/></videoType><onlineAssetId><string value="5112642459"/></onlineAssetId><onlineAssetUrl><string value="http://0103.static.prezi.com.s3.amazonaws.com/converted/d/f/7/83df2f07cbc57daaf5fd6dc1076aebe8a3d26.mp4"/></onlineAssetUrl><localToWorld><transform2D x="19036.15" y="4528.25" scale="3.808138135486495" rotation="0"/></localToWorld></zVideo><zText><id><string value="6_120686956"/></id><text><text><width>-145.34765625</width><p><span><![CDATA[how it works]]></span></p></text></text><styleClasses><array><token value="title"/></array></styleClasses><localToWorld><transform2D x="19035.95" y="3795.8906250000005" scale="8" rotation="0"/></localToWorld></zText></array></zObjects></prezi>