<prezi xsi:schemaLocation="http://prezi.com/schema/prezi/2 http://prezi.com/schema/prezi/2" xmlns:xsi="http://www.w3.org/2001/XMLSchema-instance" version="2" xmlns="http://prezi.com/schema/prezi/2"><xFields><xField name="preziType"><xEnum type="PreziType" value="converted-from-core"/></xField></xFields><documentStyle><documentStyle><fontClasses><array><fontClass><fontFamily><string value="Arimo"/></fontFamily><name><string value="body"/></name></fontClass><fontClass><fontFamily><string value="Arimo"/></fontFamily><fontWeight><fontWeight value="bold"/></fontWeight><name><string value="head"/></name></fontClass><fontClass><fontFamily><string value="Arimo"/></fontFamily><fontStyle><fontStyle value="italic"/></fontStyle><fontWeight><fontWeight value="bold"/></fontWeight><name><string value="strong"/></name></fontClass></array></fontClasses><fontFamilies><array><fontFamily><fontFaces><array><fontFace><fontSrc><string value="Arimo-Regular.keg"/></fontSrc></fontFace><fontFace><fontSrc><string value="Arimo-Bold.keg"/></fontSrc><fontWeight><fontWeight value="bold"/></fontWeight></fontFace><fontFace><fontSrc><string value="Arimo-BoldItalic.keg"/></fontSrc><fontStyle><fontStyle value="italic"/></fontStyle><fontWeight><fontWeight value="bold"/></fontWeight></fontFace><fontFace><fontSrc><string value="Arimo-Italic.keg"/></fontSrc><fontStyle><fontStyle value="italic"/></fontStyle></fontFace></array></fontFaces><name><string value="Arimo"/></name></fontFamily></array></fontFamilies><styleDeclarations><array><styleDeclaration><styleBlock><styleBlock><gradEndAlpha><double value="0.7"/></gradEndAlpha><gradStartAlpha><double value="0.5"/></gradStartAlpha></styleBlock></styleBlock><styleSelector><simpleSelector value="zCircle"/></styleSelector></styleDeclaration><styleDeclaration><styleBlock><styleBlock><color><color value="#C7C7C4"/></color><gradEndColor><color value="#C7C7C4"/></gradEndColor><gradStartColor><color value="#C7C7C4"/></gradStartColor><fillType><fillType value="linear"/></fillType></styleBlock></styleBlock><styleSelector><simpleSelector value="*.line1"/></styleSelector></styleDeclaration><styleDeclaration><styleBlock><styleBlock><color><color value="#555555"/></color><gradEndColor><color value="#555555"/></gradEndColor><gradStartColor><color value="#888888"/></gradStartColor><fillType><fillType value="linear"/></fillType></styleBlock></styleBlock><styleSelector><simpleSelector value="*.line2"/></styleSelector></styleDeclaration><styleDeclaration><styleBlock><styleBlock><color><color value="#5374EC"/></color><gradEndColor><color value="#5374EC"/></gradEndColor><gradStartColor><color value="#5374EC"/></gradStartColor><fillType><fillType value="linear"/></fillType></styleBlock></styleBlock><styleSelector><simpleSelector value="*.line3"/></styleSelector></styleDeclaration><styleDeclaration><styleBlock><styleBlock><color><color value="#66E186"/></color><gradEndColor><color value="#66E186"/></gradEndColor><gradStartColor><color value="#66E186"/></gradStartColor><fillType><fillType value="linear"/></fillType></styleBlock></styleBlock><styleSelector><simpleSelector value="*.line4"/></styleSelector></styleDeclaration><styleDeclaration><styleBlock><styleBlock><color><color value="#FA5151"/></color><gradEndColor><color value="#FA5151"/></gradEndColor><gradStartColor><color value="#FA5151"/></gradStartColor><fillType><fillType value="linear"/></fillType></styleBlock></styleBlock><styleSelector><simpleSelector value="*.line5"/></styleSelector></styleDeclaration><styleDeclaration><styleBlock><styleBlock><color><color value="#FFFFFF"/></color><gradEndColor><color value="#C7C7C4"/></gradEndColor><gradStartColor><color value="#C7C7C4"/></gradStartColor><fillType><fillType value="linear"/></fillType></styleBlock></styleBlock><styleSelector><simpleSelector value="*.poly1"/></styleSelector></styleDeclaration><styleDeclaration><styleBlock><styleBlock><color><color value="#FFFFFF"/></color><gradEndColor><color value="#000000"/></gradEndColor><gradStartColor><color value="#333333"/></gradStartColor><fillType><fillType value="linear"/></fillType></styleBlock></styleBlock><styleSelector><simpleSelector value="*.poly2"/></styleSelector></styleDeclaration><styleDeclaration><styleBlock><styleBlock><color><color value="#FFFFFF"/></color><gradEndColor><color value="#5374EC"/></gradEndColor><gradStartColor><color value="#5374EC"/></gradStartColor><fillType><fillType value="linear"/></fillType></styleBlock></styleBlock><styleSelector><simpleSelector value="*.poly3"/></styleSelector></styleDeclaration><styleDeclaration><styleBlock><styleBlock><color><color value="#FFFFFF"/></color><gradEndColor><color value="#66E186"/></gradEndColor><gradStartColor><color value="#66E186"/></gradStartColor><fillType><fillType value="linear"/></fillType></styleBlock></styleBlock><styleSelector><simpleSelector value="*.poly4"/></styleSelector></styleDeclaration><styleDeclaration><styleBlock><styleBlock><color><color value="#FFFFFF"/></color><gradEndColor><color value="#FA5151"/></gradEndColor><gradStartColor><color value="#FA5151"/></gradStartColor><fillType><fillType value="linear"/></fillType></styleBlock></styleBlock><styleSelector><simpleSelector value="*.poly5"/></styleSelector></styleDeclaration><styleDeclaration><styleBlock><styleBlock><gradEndColor><color value="#FFFFFF"/></gradEndColor><gradStartColor><color value="#FFFFFF"/></gradStartColor><fillType><fillType value="linear"/></fillType></styleBlock></styleBlock><styleSelector><simpleSelector value="background"/></styleSelector></styleDeclaration><styleDeclaration><styleBlock><styleBlock><gradEndAlpha><double value="1"/></gradEndAlpha><gradEndColor><color value="#FFFFFF"/></gradEndColor><gradStartAlpha><double value="1"/></gradStartAlpha><gradStartColor><color value="#FFFFFF"/></gradStartColor><fillType><fillType value="linear"/></fillType><borderAlpha><double value="0"/></borderAlpha><borderThickness><double value="0"/></borderThickness><thickness><double value="10"/></thickness></styleBlock></styleBlock><styleSelector><simpleSelector value="zArrow"/></styleSelector></styleDeclaration><styleDeclaration><styleBlock><styleBlock><gradEndAlpha><double value="1"/></gradEndAlpha><gradStartAlpha><double value="1"/></gradStartAlpha><borderAlpha><double value="0"/></borderAlpha><radius><double value="0"/></radius><thickness><double value="100"/></thickness></styleBlock></styleBlock><styleSelector><simpleSelector value="zCircle"/></styleSelector></styleDeclaration><styleDeclaration><styleBlock><styleBlock><color><color value="#FFFFFF"/></color></styleBlock></styleBlock><styleSelector><simpleSelector value="zPencil"/></styleSelector></styleDeclaration><styleDeclaration><styleBlock><styleBlock><gradEndAlpha><double value="1"/></gradEndAlpha><gradEndColor><color value="#318BFF"/></gradEndColor><gradStartAlpha><double value="1"/></gradStartAlpha><gradStartColor><color value="#318BFF"/></gradStartColor><fillType><fillType value="linear"/></fillType><borderAlpha><double value="0"/></borderAlpha><borderColor><color value="#318BFF"/></borderColor><borderThickness><double value="0"/></borderThickness><padding><double value="1.03"/></padding><thickness><double value="3"/></thickness></styleBlock></styleBlock><styleSelector><simpleSelector value="zBracketFrame"/></styleSelector></styleDeclaration><styleDeclaration><styleBlock><styleBlock><gradEndAlpha><double value="1"/></gradEndAlpha><gradEndColor><color value="#318BFF"/></gradEndColor><gradStartAlpha><double value="1"/></gradStartAlpha><gradStartColor><color value="#318BFF"/></gradStartColor><fillType><fillType value="linear"/></fillType><borderAlpha><double value="0"/></borderAlpha><borderColor><color value="#333333"/></borderColor><borderThickness><double value="3"/></borderThickness><padding><double value="1.03"/></padding><thickness><double value="3"/></thickness></styleBlock></styleBlock><styleSelector><simpleSelector value="zCircleFrame"/></styleSelector></styleDeclaration><styleDeclaration><styleBlock><styleBlock><gradEndAlpha><double value="0.2"/></gradEndAlpha><gradEndColor><color value="#318BFF"/></gradEndColor><gradStartAlpha><double value="0"/></gradStartAlpha><gradStartColor><color value="#318BFF"/></gradStartColor><fillType><fillType value="linear"/></fillType><borderAlpha><double value="1"/></borderAlpha><borderColor><color value="#318BFF"/></borderColor><borderThickness><double value="10"/></borderThickness><padding><double value="1.03"/></padding><radius><double value="1"/></radius><thickness><double value="3"/></thickness></styleBlock></styleBlock><styleSelector><simpleSelector value="zRectangleFrame"/></styleSelector></styleDeclaration><styleDeclaration><styleBlock><styleBlock><padding><double value="1.2"/></padding></styleBlock></styleBlock><styleSelector><simpleSelector value="zText"/></styleSelector></styleDeclaration><styleDeclaration><styleBlock><styleBlock><color><color value="#333333"/></color><fontClass><string value="body"/></fontClass></styleBlock></styleBlock><styleSelector><simpleSelector value="zText.body"/></styleSelector></styleDeclaration><styleDeclaration><styleBlock><styleBlock><backgroundAlpha><double value="0.9"/></backgroundAlpha><backgroundColor><color value="#E4E4DD"/></backgroundColor><backgroundPadding><double value="6"/></backgroundPadding></styleBlock></styleBlock><styleSelector><simpleSelector value="zText.body-background"/></styleSelector></styleDeclaration><styleDeclaration><styleBlock><styleBlock><color><color value="#333333"/></color><fontClass><string value="head"/></fontClass></styleBlock></styleBlock><styleSelector><simpleSelector value="zText.title"/></styleSelector></styleDeclaration><styleDeclaration><styleBlock><styleBlock><backgroundAlpha><double value="0.9"/></backgroundAlpha><backgroundColor><color value="#F6F1A6"/></backgroundColor><backgroundPadding><double value="6"/></backgroundPadding></styleBlock></styleBlock><styleSelector><simpleSelector value="zText.title-background"/></styleSelector></styleDeclaration><styleDeclaration><styleBlock><styleBlock><color><color value="#333333"/></color><fontClass><string value="strong"/></fontClass></styleBlock></styleBlock><styleSelector><simpleSelector value="zText.subtitle"/></styleSelector></styleDeclaration><styleDeclaration><styleBlock><styleBlock><backgroundAlpha><double value="0.9"/></backgroundAlpha><backgroundColor><color value="#D3E2EE"/></backgroundColor><backgroundPadding><double value="6"/></backgroundPadding></styleBlock></styleBlock><styleSelector><simpleSelector value="zText.subtitle-background"/></styleSelector></styleDeclaration><styleDeclaration><styleBlock><styleBlock><color><color value="#FFFFFF"/></color></styleBlock></styleBlock><styleSelector><simpleSelector value="zLine"/></styleSelector></styleDeclaration><styleDeclaration><styleBlock><styleBlock><color><color value="#F0EA82"/></color><alpha><double value="0.65"/></alpha></styleBlock></styleBlock><styleSelector><simpleSelector value="zMarker"/></styleSelector></styleDeclaration><styleDeclaration><styleBlock><styleBlock><gradEndAlpha><double value="1"/></gradEndAlpha><gradStartAlpha><double value="1"/></gradStartAlpha><borderAlpha><double value="0"/></borderAlpha><radius><double value="0"/></radius><thickness><double value="100"/></thickness></styleBlock></styleBlock><styleSelector><simpleSelector value="zTriangle"/></styleSelector></styleDeclaration><styleDeclaration><styleBlock><styleBlock><gradEndAlpha><double value="1"/></gradEndAlpha><gradStartAlpha><double value="1"/></gradStartAlpha><borderAlpha><double value="0"/></borderAlpha><radius><double value="0"/></radius><thickness><double value="100"/></thickness></styleBlock></styleBlock><styleSelector><simpleSelector value="zSquare"/></styleSelector></styleDeclaration></array></styleDeclarations></documentStyle></documentStyle><path><array><flyToObject><target><ref value="1"/></target></flyToObject><flyToObject><actions><array><fadeInObject><target><ref value="0"/></target></fadeInObject><fadeInObject><target><ref value="0_120686956"/></target></fadeInObject><fadeInObject><target><ref value="3_120686956"/></target></fadeInObject><fadeInObject><target><ref value="1_120686956"/></target></fadeInObject><fadeInObject><target><ref value="12_120686956"/></target></fadeInObject><fadeInObject><target><ref value="2_120686956"/></target></fadeInObject></array></actions><target><ref value="2"/></target></flyToObject><flyToObject><target><ref value="0"/></target></flyToObject><flyToObject><target><ref value="2"/></target></flyToObject><flyToObject><target><ref value="0_120686956"/></target></flyToObject><flyToObject><target><ref value="3_120686956"/></target></flyToObject><flyToObject><target><ref value="1_120686956"/></target></flyToObject><flyToObject><target><ref value="12_120686956"/></target></flyToObject><flyToObject><target><ref value="2_120686956"/></target></flyToObject><flyToObject><target><ref value="10_120686956"/></target></flyToObject><flyToObject><target><ref value="2"/></target></flyToObject></array></path><zObjects><array><zVideo><id><string value="1"/></id><videoType><string value="video"/></videoType><onlineAssetId><string value="5246032933"/></onlineAssetId><onlineAssetUrl><string value="http://0103.static.prezi.com.s3.amazonaws.com/converted/5/8/8/9ed35213ab2d37db67d8c4c52164bbc7ef0d1.mp4"/></onlineAssetUrl><localToWorld><transform2D x="0" y="0" scale="181.32938356205216" rotation="0"/></localToWorld></zVideo><zImage><id><string value="0"/></id><onlineAssetId><string value="5246032698"/></onlineAssetId><onlineAssetUrl><string value="http://0103.static.prezi.com.s3.amazonaws.com/media/8/b/6/b3aecdf2356e4b77e71499ca15d8ea751b029.png"/></onlineAssetUrl><assetSourceFilename><string value="Фон.png"/></assetSourceFilename><width><double value="1920"/></width><height><double value="1080"/></height><localToWorld><transform2D x="1.3099437673909273" y="-2.1832396128846923" scale="45.12880149875322" rotation="0"/></localToWorld></zImage><zInvisibleFrame><id><string value="2"/></id><width><double value="800.1404874910713"/></width><height><double value="448.9716560002949"/></height><styleClasses><array><token value="invisible"/></array></styleClasses><localToWorld><transform2D x="-56.375654663389106" y="-70.88732341892616" scale="108.39107487287318" rotation="0"/></localToWorld></zInvisibleFrame><zRectangleFrame><id><string value="0_120686956"/></id><width><double value="878.108917210807"/></width><height><double value="599.7138671875"/></height><styleClasses><array><token value="roundrect"/></array></styleClasses><localToWorld><transform2D x="-5641.0942236260935" y="-3698.7239081177063" scale="5.823693025059056" rotation="0"/></localToWorld></zRectangleFrame><zRectangleFrame><id><string value="1_120686956"/></id><width><double value="877.6244833946228"/></width><height><double value="599"/></height><styleClasses><array><token value="roundrect"/></array></styleClasses><localToWorld><transform2D x="25682.122698425133" y="17138.553916440374" scale="8.15680208267625" rotation="0"/></localToWorld></zRectangleFrame><zRectangleFrame><id><string value="2_120686956"/></id><width><double value="800"/></width><height><double value="600"/></height><styleClasses><array><token value="roundrect"/></array></styleClasses><localToWorld><transform2D x="36498.985716482224" y="3519.9370058267727" scale="7.550775023140409" rotation="0"/></localToWorld></zRectangleFrame><zRectangleFrame><id><string value="3_120686956"/></id><width><double value="800"/></width><height><double value="600"/></height><styleClasses><array><token value="roundrect"/></array></styleClasses><localToWorld><transform2D x="-20549.083886554814" y="19613.14523337013" scale="8.010176295559642" rotation="0"/></localToWorld></zRectangleFrame><zText><id><string value="4_120686956"/></id><text><text><width>-72</width><p align="center"><span color="16777215"><![CDATA[LINKS]]></span></p></text></text><styleClasses><array><token value="title"/></array></styleClasses><localToWorld><transform2D x="36459.49755716967" y="1738.120413681418" scale="17.96961832204518" rotation="0"/></localToWorld></zText><zImage><id><string value="5_120686956"/></id><onlineAssetId><string value="5246037502"/></onlineAssetId><onlineAssetUrl><string value="http://0103.static.prezi.com.s3.amazonaws.com/media/e/0/0/ddc46540673db9607a7605985b47d92c8d52f.png"/></onlineAssetUrl><assetSourceFilename><string value="Гит.png"/></assetSourceFilename><width><double value="1700"/></width><height><double value="1699"/></height><localToWorld><transform2D x="35182.02096466748" y="3779.034752896185" scale="1.176335914243007" rotation="0"/></localToWorld></zImage><zInvisibleFrame><id><string value="10_120686956"/></id><width><double value="800"/></width><height><double value="600"/></height><styleClasses><array><token value="invisible"/></array></styleClasses><localToWorld><transform2D x="37668.389451918134" y="4029.1264285433263" scale="4.553001014564841" rotation="0"/></localToWorld></zInvisibleFrame><zImage><id><string value="6_120686956"/></id><onlineAssetId><string value="5246037554"/></onlineAssetId><onlineAssetUrl><string value="http://0103.static.prezi.com.s3.amazonaws.com/media/9/c/0/790892655dab79af6e12774803d2aa83c92ae.png"/></onlineAssetUrl><assetSourceFilename><string value="Демо.png"/></assetSourceFilename><width><double value="1993"/></width><height><double value="1993"/></height><localToWorld><transform2D x="37668.389451918134" y="3779.034752896185" scale="1.0028072480516421" rotation="0"/></localToWorld></zImage><zText><id><string value="7_120686956"/></id><text><text><width>-91.9921875</width><p align="center"><span color="16777215"><![CDATA[GITHUB]]></span></p></text></text><styleClasses><array><token value="title"/></array></styleClasses><localToWorld><transform2D x="35181.371046830835" y="2382.277445548059" scale="13.855494495687273" rotation="0"/></localToWorld></zText><zText><id><string value="8_120686956"/></id><text><text><width>-49.34765625</width><p align="center"><span color="16777215"><![CDATA[APP]]></span></p></text></text><styleClasses><array><token value="title"/></array></styleClasses><localToWorld><transform2D x="37667.69667719338" y="2382.3846708232495" scale="13.855494495687273" rotation="0"/></localToWorld></zText><zText><id><string value="9_120686956"/></id><text><text><width>-149.390625</width><p align="center"><span color="16777215"><![CDATA[tensyteam.ru]]></span></p></text></text><styleClasses><array><token value="title"/></array></styleClasses><localToWorld><transform2D x="37667.69667719338" y="5116.073734822338" scale="13.855494495687273" rotation="0"/></localToWorld></zText><zImage><id><string value="16_120686956"/></id><onlineAssetId><string value="5246038323"/></onlineAssetId><onlineAssetUrl><string value="http://0103.static.prezi.com.s3.amazonaws.com/media/c/5/3/113842a93b4162bdc844d2a03096745c1430d.png"/></onlineAssetUrl><assetSourceFilename><string value="77_Монтажная область 1.png"/></assetSourceFilename><width><double value="300"/></width><height><double value="400"/></height><localToWorld><transform2D x="26505.560970248865" y="16549.002625648864" scale="4.781511565715456" rotation="0"/></localToWorld></zImage><zText><id><string value="11_120686956"/></id><text><text><width>-67.9921875</width><p><span color="16777215"><![CDATA[TEAM]]></span></p></text></text><styleClasses><array><token value="title"/></array></styleClasses><localToWorld><transform2D x="25716.49055871989" y="15247.971692503812" scale="19.33801598222905" rotation="0"/></localToWorld></zText><zImage><id><string value="19_120686956"/></id><onlineAssetId><string value="5246038325"/></onlineAssetId><onlineAssetUrl><string value="http://0103.static.prezi.com.s3.amazonaws.com/media/8/d/a/b5b4dcbd26eac89dcac9fcbe1a8c2c50776f7.png"/></onlineAssetUrl><assetSourceFilename><string value="66_Монтажная область 1.png"/></assetSourceFilename><width><double value="300"/></width><height><double value="400"/></height><localToWorld><transform2D x="24878.23314173043" y="17432.98317447371" scale="4.781511565715459" rotation="0"/></localToWorld></zImage><zImage><id><string value="18_120686956"/></id><onlineAssetId><string value="5246038327"/></onlineAssetId><onlineAssetUrl><string value="http://0103.static.prezi.com.s3.amazonaws.com/media/0/1/4/470e2902eb770bd575340acd3e78cfbc683fc.png"/></onlineAssetUrl><assetSourceFilename><string value="22_Монтажная область 1.png"/></assetSourceFilename><width><double value="300"/></width><height><double value="400"/></height><localToWorld><transform2D x="23187.86281325634" y="16549.002625648864" scale="4.781511565715456" rotation="0"/></localToWorld></zImage><zImage><id><string value="17_120686956"/></id><onlineAssetId><string value="5246038326"/></onlineAssetId><onlineAssetUrl><string value="http://0103.static.prezi.com.s3.amazonaws.com/media/4/6/0/2a61adba77395b4d7878b9c4e472b82fe1e8e.png"/></onlineAssetUrl><assetSourceFilename><string value="88_Монтажная область 1.png"/></assetSourceFilename><width><double value="300"/></width><height><double value="400"/></height><localToWorld><transform2D x="28107.948908675975" y="17433.675949198467" scale="4.781511565715455" rotation="0"/></localToWorld></zImage><zText><id><string value="20_120686956"/></id><text><text><width>190.6859375</width><p align="center"><span color="16777215"><![CDATA[Savva Antonyuk]]></span></p><p align="center"><span color="16777215"><![CDATA[busines]]></span></p></text></text><styleClasses><array><token value="title"/></array></styleClasses><localToWorld><transform2D x="23187.86281325634" y="17812.623723655557" scale="8.415552416999054" rotation="0"/></localToWorld></zText><zText><id><string value="21_120686956"/></id><text><text><width>-162.71484375</width><p align="center"><span color="16777215"><![CDATA[Mikhail Petrov]]></span></p><p align="center"><span color="16777215"><![CDATA[frontend]]></span></p></text></text><styleClasses><array><token value="title"/></array></styleClasses><localToWorld><transform2D x="24878.37690276739" y="18739.043382623193" scale="8.415552416999054" rotation="0"/></localToWorld></zText><zText><id><string value="22_120686956"/></id><text><text><width>-148.0546875</width><p align="center"><span color="16777215"><![CDATA[Alexey Poloz]]></span></p><p align="center"><span color="16777215"><![CDATA[backend]]></span></p></text></text><styleClasses><array><token value="title"/></array></styleClasses><localToWorld><transform2D x="26505.507371526208" y="17812.803575586593" scale="8.415552416999054" rotation="0"/></localToWorld></zText><zText><id><string value="23_120686956"/></id><text><text><width>-234.71484375</width><p align="center"><span color="16777215"><![CDATA[Leonid Romanychev]]></span></p><p align="center"><span color="16777215"><![CDATA[design]]></span></p></text></text><styleClasses><array><token value="title"/></array></styleClasses><localToWorld><transform2D x="28108.31000199275" y="18739.043382623193" scale="8.415552416999054" rotation="0"/></localToWorld></zText><zRectangleFrame><id><string value="12_120686956"/></id><width><double value="800"/></width><height><double value="600"/></height><styleClasses><array><token value="roundrect"/></array></styleClasses><localToWorld><transform2D x="36449.50000003552" y="-2036.4000000018966" scale="7.427071789062438" rotation="0"/></localToWorld></zRectangleFrame><zImage><id><string value="29_120686956"/></id><onlineAssetId><string value="5246076429"/></onlineAssetId><onlineAssetUrl><string value="http://0103.static.prezi.com.s3.amazonaws.com/media/9/1/1/ce73c5cf3e1a24bf033f3b75780c0e8a6cac9.png"/></onlineAssetUrl><assetSourceFilename><string value="круг.png"/></assetSourceFilename><width><double value="1056"/></width><height><double value="1056"/></height><localToWorld><transform2D x="34616.06701974041" y="-2641.0944167955204" scale="1.228554280360612" rotation="0"/></localToWorld></zImage><zImage><id><string value="25_120686956"/></id><onlineAssetId><string value="5246076251"/></onlineAssetId><onlineAssetUrl><string value="http://0103.static.prezi.com.s3.amazonaws.com/media/e/2/6/a6f3cf3557278272074e8dcacc8a46f9f414b.png"/></onlineAssetUrl><assetSourceFilename><string value="58482deccef1014c0b5e4a64.png"/></assetSourceFilename><width><double value="512"/></width><height><double value="512"/></height><localToWorld><transform2D x="34616.37415830921" y="-2641.0944167955204" scale="1.877393551451028" rotation="0"/></localToWorld></zImage><zImage><id><string value="30_120686956"/></id><onlineAssetId><string value="5246076429"/></onlineAssetId><onlineAssetUrl><string value="http://0103.static.prezi.com.s3.amazonaws.com/media/9/1/1/ce73c5cf3e1a24bf033f3b75780c0e8a6cac9.png"/></onlineAssetUrl><assetSourceFilename><string value="круг.png"/></assetSourceFilename><width><double value="1056"/></width><height><double value="1056"/></height><localToWorld><transform2D x="37254.51202208208" y="-2610.985119014837" scale="1.2285542803606118" rotation="0"/></localToWorld></zImage><zImage><id><string value="27_120686956"/></id><onlineAssetId><string value="5246076253"/></onlineAssetId><onlineAssetUrl><string value="http://0103.static.prezi.com.s3.amazonaws.com/media/b/8/2/5ce74231ac6eeb913cb6a768aa6a554bb5bc4.png"/></onlineAssetUrl><assetSourceFilename><string value="flask-logo-png-transparent-797x1024.png"/></assetSourceFilename><width><double value="797"/></width><height><double value="1024"/></height><localToWorld><transform2D x="37254.20488351199" y="-2610.923691300916" scale="0.7573324233506848" rotation="0"/></localToWorld></zImage><zImage><id><string value="31_120686956"/></id><onlineAssetId><string value="5246076429"/></onlineAssetId><onlineAssetUrl><string value="http://0103.static.prezi.com.s3.amazonaws.com/media/9/1/1/ce73c5cf3e1a24bf033f3b75780c0e8a6cac9.png"/></onlineAssetUrl><assetSourceFilename><string value="круг.png"/></assetSourceFilename><width><double value="1056"/></width><height><double value="1056"/></height><localToWorld><transform2D x="38451.48520341009" y="-1522.2670262562244" scale="1.228554280360612" rotation="0"/></localToWorld></zImage><zImage><id><string value="28_120686956"/></id><onlineAssetId><string value="5246076255"/></onlineAssetId><onlineAssetUrl><string value="http://0103.static.prezi.com.s3.amazonaws.com/media/9/f/c/705b2128ee3c077f81522fbfdfd17505e5753.png"/></onlineAssetUrl><assetSourceFilename><string value="react-logo-png-transparent.png"/></assetSourceFilename><width><double value="2400"/></width><height><double value="2156"/></height><localToWorld><transform2D x="38451.367772170335" y="-1522.3728890991094" scale="0.4458374296581281" rotation="0"/></localToWorld></zImage><zImage><id><string value="32_120686956"/></id><onlineAssetId><string value="5246076429"/></onlineAssetId><onlineAssetUrl><string value="http://0103.static.prezi.com.s3.amazonaws.com/media/9/1/1/ce73c5cf3e1a24bf033f3b75780c0e8a6cac9.png"/></onlineAssetUrl><assetSourceFilename><string value="круг.png"/></assetSourceFilename><width><double value="1056"/></width><height><double value="1056"/></height><localToWorld><transform2D x="35882.58362736429" y="-1503.5145808956008" scale="1.228554280360612" rotation="0"/></localToWorld></zImage><zImage><id><string value="26_120686956"/></id><onlineAssetId><string value="5246076252"/></onlineAssetId><onlineAssetUrl><string value="http://0103.static.prezi.com.s3.amazonaws.com/media/7/5/1/6cf1168b8437c1b1deaef2bb49e567006d9ec.png"/></onlineAssetUrl><assetSourceFilename><string value="nginx.png"/></assetSourceFilename><width><double value="2000"/></width><height><double value="417"/></height><localToWorld><transform2D x="35882.58362736429" y="-1503.5145808956008" scale="0.480612749171462" rotation="0"/></localToWorld></zImage><zText><id><string value="33_120686956"/></id><text><text><width>-319.55859375</width><p align="center"><span color="16777215"><![CDATA[STACK OF TECHNOLOGIES]]></span></p></text></text><styleClasses><array><token value="title"/></array></styleClasses><localToWorld><transform2D x="36465.28692253907" y="-3789.116964078517" scale="10.957819917165299" rotation="0"/></localToWorld></zText><zText><id><string value="38_120686956"/></id><text><text><width>-104.0390625</width><p><span color="16777215"><![CDATA[SocketIO]]></span></p></text></text><styleClasses><array><token value="title"/></array></styleClasses><localToWorld><transform2D x="34615.93889268891" y="-1684.9106203907093" scale="8.443674866075446" rotation="0"/></localToWorld></zText><zText><id><string value="39_120686956"/></id><text><text><width>-61.37109375</width><p><span color="16777215"><![CDATA[Flask]]></span></p></text></text><styleClasses><array><token value="title"/></array></styleClasses><localToWorld><transform2D x="37206.47739536544" y="-1684.9261756627805" scale="8.443674866075446" rotation="0"/></localToWorld></zText><zText><id><string value="40_120686956"/></id><text><text><width>-76.0078125</width><p><span color="16777215"><![CDATA[NGINX]]></span></p></text></text><styleClasses><array><token value="title"/></array></styleClasses><localToWorld><transform2D x="35882.729177386944" y="-583.5886910333356" scale="8.443674866075446" rotation="0"/></localToWorld></zText><zText><id><string value="41_120686956"/></id><text><text><width>-65.3671875</width><p><span color="16777215"><![CDATA[React]]></span></p></text></text><styleClasses><array><token value="title"/></array></styleClasses><localToWorld><transform2D x="38451.3661760339" y="-583.5886910331739" scale="8.443674866075446" rotation="0"/></localToWorld></zText><zText><id><string value="35_120686956"/></id><text><text><width>-48.03515625</width><p><span color="16777215"><![CDATA[15%]]></span></p></text></text><styleClasses><array><token value="title"/></array></styleClasses><localToWorld><transform2D x="-6495.614781426889" y="-4345.161174362599" scale="42.62103558766403" rotation="0"/></localToWorld></zText><zText><id><string value="36_120686956"/></id><text><text><width>-34.6875</width><p><span color="16777215"><![CDATA[5%]]></span></p></text></text><styleClasses><array><token value="title"/></array></styleClasses><localToWorld><transform2D x="-4511.943997335436" y="-3013.259989081655" scale="42.62103558766403" rotation="0"/></localToWorld></zText><zImage><id><string value="24_120686956"/></id><onlineAssetId><string value="5246096992"/></onlineAssetId><onlineAssetUrl><string value="http://0103.static.prezi.com.s3.amazonaws.com/media/8/c/5/a2f14bbbd0ec206521fe60cb56f23be7d4ab8.png"/></onlineAssetUrl><assetSourceFilename><string value="2.png"/></assetSourceFilename><width><double value="600"/></width><height><double value="1068"/></height><localToWorld><transform2D x="-20556" y="19936.350000000006" scale="3.1469471574708074" rotation="0"/></localToWorld></zImage><zImage><id><string value="37_120686956"/></id><onlineAssetId><string value="5246096994"/></onlineAssetId><onlineAssetUrl><string value="http://0103.static.prezi.com.s3.amazonaws.com/media/4/6/2/98e8e74b0a4c939a77eb1c7a847b34556e1fb.png"/></onlineAssetUrl><assetSourceFilename><string value="3.png"/></assetSourceFilename><width><double value="600"/></width><height><double value="1068"/></height><localToWorld><transform2D x="-18516.649999999994" y="19936.400000000005" scale="3.146947157470805" rotation="0"/></localToWorld></zImage><zImage><id><string value="34_120686956"/></id><onlineAssetId><string value="5246096993"/></onlineAssetId><onlineAssetUrl><string value="http://0103.static.prezi.com.s3.amazonaws.com/media/5/a/e/7c96f0980fb8a97e902b5768f44db902d9a19.png"/></onlineAssetUrl><assetSourceFilename><string value="1.png"/></assetSourceFilename><width><double value="600"/></width><height><double value="1045"/></height><localToWorld><transform2D x="-22622.849999999995" y="19936.399999999998" scale="3.216210109262033" rotation="0"/></localToWorld></zImage><zText><id><string value="42_120686956"/></id><text><text><width>-72</width><p><span color="16777215"><![CDATA[DEMO]]></span></p></text></text><styleClasses><array><token value="title"/></array></styleClasses><localToWorld><transform2D x="-23005.600000000002" y="17729.781250000004" scale="16" rotation="0"/></localToWorld></zText></array></zObjects></prezi>