<prezi xsi:schemaLocation="http://prezi.com/schema/prezi/2 http://prezi.com/schema/prezi/2" xmlns:xsi="http://www.w3.org/2001/XMLSchema-instance" version="2" xmlns="http://prezi.com/schema/prezi/2"><xFields><xField name="preziType"><xEnum type="PreziType" value="converted-from-core"/></xField></xFields><documentStyle><documentStyle><fontClasses><array><fontClass><fontFamily><string value="Arimo"/></fontFamily><name><string value="body"/></name></fontClass><fontClass><fontFamily><string value="Arimo"/></fontFamily><fontWeight><fontWeight value="bold"/></fontWeight><name><string value="head"/></name></fontClass><fontClass><fontFamily><string value="Arimo"/></fontFamily><fontStyle><fontStyle value="italic"/></fontStyle><fontWeight><fontWeight value="bold"/></fontWeight><name><string value="strong"/></name></fontClass></array></fontClasses><fontFamilies><array><fontFamily><fontFaces><array><fontFace><fontSrc><string value="Arimo-Regular.keg"/></fontSrc></fontFace><fontFace><fontSrc><string value="Arimo-Bold.keg"/></fontSrc><fontWeight><fontWeight value="bold"/></fontWeight></fontFace><fontFace><fontSrc><string value="Arimo-BoldItalic.keg"/></fontSrc><fontStyle><fontStyle value="italic"/></fontStyle><fontWeight><fontWeight value="bold"/></fontWeight></fontFace><fontFace><fontSrc><string value="Arimo-Italic.keg"/></fontSrc><fontStyle><fontStyle value="italic"/></fontStyle></fontFace></array></fontFaces><name><string value="Arimo"/></name></fontFamily></array></fontFamilies><styleDeclarations><array><styleDeclaration><styleBlock><styleBlock><gradEndAlpha><double value="0.7"/></gradEndAlpha><gradStartAlpha><double value="0.5"/></gradStartAlpha></styleBlock></styleBlock><styleSelector><simpleSelector value="zCircle"/></styleSelector></styleDeclaration><styleDeclaration><styleBlock><styleBlock><color><color value="#C7C7C4"/></color><gradEndColor><color value="#C7C7C4"/></gradEndColor><gradStartColor><color value="#C7C7C4"/></gradStartColor><fillType><fillType value="linear"/></fillType></styleBlock></styleBlock><styleSelector><simpleSelector value="*.line1"/></styleSelector></styleDeclaration><styleDeclaration><styleBlock><styleBlock><color><color value="#555555"/></color><gradEndColor><color value="#555555"/></gradEndColor><gradStartColor><color value="#888888"/></gradStartColor><fillType><fillType value="linear"/></fillType></styleBlock></styleBlock><styleSelector><simpleSelector value="*.line2"/></styleSelector></styleDeclaration><styleDeclaration><styleBlock><styleBlock><color><color value="#5374EC"/></color><gradEndColor><color value="#5374EC"/></gradEndColor><gradStartColor><color value="#5374EC"/></gradStartColor><fillType><fillType value="linear"/></fillType></styleBlock></styleBlock><styleSelector><simpleSelector value="*.line3"/></styleSelector></styleDeclaration><styleDeclaration><styleBlock><styleBlock><color><color value="#66E186"/></color><gradEndColor><color value="#66E186"/></gradEndColor><gradStartColor><color value="#66E186"/></gradStartColor><fillType><fillType value="linear"/></fillType></styleBlock></styleBlock><styleSelector><simpleSelector value="*.line4"/></styleSelector></styleDeclaration><styleDeclaration><styleBlock><styleBlock><color><color value="#FA5151"/></color><gradEndColor><color value="#FA5151"/></gradEndColor><gradStartColor><color value="#FA5151"/></gradStartColor><fillType><fillType value="linear"/></fillType></styleBlock></styleBlock><styleSelector><simpleSelector value="*.line5"/></styleSelector></styleDeclaration><styleDeclaration><styleBlock><styleBlock><color><color value="#FFFFFF"/></color><gradEndColor><color value="#C7C7C4"/></gradEndColor><gradStartColor><color value="#C7C7C4"/></gradStartColor><fillType><fillType value="linear"/></fillType></styleBlock></styleBlock><styleSelector><simpleSelector value="*.poly1"/></styleSelector></styleDeclaration><styleDeclaration><styleBlock><styleBlock><color><color value="#FFFFFF"/></color><gradEndColor><color value="#000000"/></gradEndColor><gradStartColor><color value="#333333"/></gradStartColor><fillType><fillType value="linear"/></fillType></styleBlock></styleBlock><styleSelector><simpleSelector value="*.poly2"/></styleSelector></styleDeclaration><styleDeclaration><styleBlock><styleBlock><color><color value="#FFFFFF"/></color><gradEndColor><color value="#5374EC"/></gradEndColor><gradStartColor><color value="#5374EC"/></gradStartColor><fillType><fillType value="linear"/></fillType></styleBlock></styleBlock><styleSelector><simpleSelector value="*.poly3"/></styleSelector></styleDeclaration><styleDeclaration><styleBlock><styleBlock><color><color value="#FFFFFF"/></color><gradEndColor><color value="#66E186"/></gradEndColor><gradStartColor><color value="#66E186"/></gradStartColor><fillType><fillType value="linear"/></fillType></styleBlock></styleBlock><styleSelector><simpleSelector value="*.poly4"/></styleSelector></styleDeclaration><styleDeclaration><styleBlock><styleBlock><color><color value="#FFFFFF"/></color><gradEndColor><color value="#FA5151"/></gradEndColor><gradStartColor><color value="#FA5151"/></gradStartColor><fillType><fillType value="linear"/></fillType></styleBlock></styleBlock><styleSelector><simpleSelector value="*.poly5"/></styleSelector></styleDeclaration><styleDeclaration><styleBlock><styleBlock><gradEndColor><color value="#FFFFFF"/></gradEndColor><gradStartColor><color value="#FFFFFF"/></gradStartColor><fillType><fillType value="linear"/></fillType></styleBlock></styleBlock><styleSelector><simpleSelector value="background"/></styleSelector></styleDeclaration><styleDeclaration><styleBlock><styleBlock><gradEndAlpha><double value="1"/></gradEndAlpha><gradEndColor><color value="#FFFFFF"/></gradEndColor><gradStartAlpha><double value="1"/></gradStartAlpha><gradStartColor><color value="#FFFFFF"/></gradStartColor><fillType><fillType value="linear"/></fillType><borderAlpha><double value="0"/></borderAlpha><borderThickness><double value="0"/></borderThickness><thickness><double value="10"/></thickness></styleBlock></styleBlock><styleSelector><simpleSelector value="zArrow"/></styleSelector></styleDeclaration><styleDeclaration><styleBlock><styleBlock><gradEndAlpha><double value="1"/></gradEndAlpha><gradStartAlpha><double value="1"/></gradStartAlpha><borderAlpha><double value="0"/></borderAlpha><radius><double value="0"/></radius><thickness><double value="100"/></thickness></styleBlock></styleBlock><styleSelector><simpleSelector value="zCircle"/></styleSelector></styleDeclaration><styleDeclaration><styleBlock><styleBlock><color><color value="#FFFFFF"/></color></styleBlock></styleBlock><styleSelector><simpleSelector value="zPencil"/></styleSelector></styleDeclaration><styleDeclaration><styleBlock><styleBlock><gradEndAlpha><double value="1"/></gradEndAlpha><gradEndColor><color value="#318BFF"/></gradEndColor><gradStartAlpha><double value="1"/></gradStartAlpha><gradStartColor><color value="#318BFF"/></gradStartColor><fillType><fillType value="linear"/></fillType><borderAlpha><double value="0"/></borderAlpha><borderColor><color value="#318BFF"/></borderColor><borderThickness><double value="0"/></borderThickness><padding><double value="1.03"/></padding><thickness><double value="3"/></thickness></styleBlock></styleBlock><styleSelector><simpleSelector value="zBracketFrame"/></styleSelector></styleDeclaration><styleDeclaration><styleBlock><styleBlock><gradEndAlpha><double value="1"/></gradEndAlpha><gradEndColor><color value="#318BFF"/></gradEndColor><gradStartAlpha><double value="1"/></gradStartAlpha><gradStartColor><color value="#318BFF"/></gradStartColor><fillType><fillType value="linear"/></fillType><borderAlpha><double value="0"/></borderAlpha><borderColor><color value="#333333"/></borderColor><borderThickness><double value="3"/></borderThickness><padding><double value="1.03"/></padding><thickness><double value="3"/></thickness></styleBlock></styleBlock><styleSelector><simpleSelector value="zCircleFrame"/></styleSelector></styleDeclaration><styleDeclaration><styleBlock><styleBlock><gradEndAlpha><double value="0.2"/></gradEndAlpha><gradEndColor><color value="#318BFF"/></gradEndColor><gradStartAlpha><double value="0"/></gradStartAlpha><gradStartColor><color value="#318BFF"/></gradStartColor><fillType><fillType value="linear"/></fillType><borderAlpha><double value="1"/></borderAlpha><borderColor><color value="#318BFF"/></borderColor><borderThickness><double value="10"/></borderThickness><padding><double value="1.03"/></padding><radius><double value="1"/></radius><thickness><double value="3"/></thickness></styleBlock></styleBlock><styleSelector><simpleSelector value="zRectangleFrame"/></styleSelector></styleDeclaration><styleDeclaration><styleBlock><styleBlock><padding><double value="1.2"/></padding></styleBlock></styleBlock><styleSelector><simpleSelector value="zText"/></styleSelector></styleDeclaration><styleDeclaration><styleBlock><styleBlock><color><color value="#333333"/></color><fontClass><string value="body"/></fontClass></styleBlock></styleBlock><styleSelector><simpleSelector value="zText.body"/></styleSelector></styleDeclaration><styleDeclaration><styleBlock><styleBlock><backgroundAlpha><double value="0.9"/></backgroundAlpha><backgroundColor><color value="#E4E4DD"/></backgroundColor><backgroundPadding><double value="6"/></backgroundPadding></styleBlock></styleBlock><styleSelector><simpleSelector value="zText.body-background"/></styleSelector></styleDeclaration><styleDeclaration><styleBlock><styleBlock><color><color value="#333333"/></color><fontClass><string value="head"/></fontClass></styleBlock></styleBlock><styleSelector><simpleSelector value="zText.title"/></styleSelector></styleDeclaration><styleDeclaration><styleBlock><styleBlock><backgroundAlpha><double value="0.9"/></backgroundAlpha><backgroundColor><color value="#F6F1A6"/></backgroundColor><backgroundPadding><double value="6"/></backgroundPadding></styleBlock></styleBlock><styleSelector><simpleSelector value="zText.title-background"/></styleSelector></styleDeclaration><styleDeclaration><styleBlock><styleBlock><color><color value="#333333"/></color><fontClass><string value="strong"/></fontClass></styleBlock></styleBlock><styleSelector><simpleSelector value="zText.subtitle"/></styleSelector></styleDeclaration><styleDeclaration><styleBlock><styleBlock><backgroundAlpha><double value="0.9"/></backgroundAlpha><backgroundColor><color value="#D3E2EE"/></backgroundColor><backgroundPadding><double value="6"/></backgroundPadding></styleBlock></styleBlock><styleSelector><simpleSelector value="zText.subtitle-background"/></styleSelector></styleDeclaration><styleDeclaration><styleBlock><styleBlock><color><color value="#FFFFFF"/></color></styleBlock></styleBlock><styleSelector><simpleSelector value="zLine"/></styleSelector></styleDeclaration><styleDeclaration><styleBlock><styleBlock><color><color value="#F0EA82"/></color><alpha><double value="0.65"/></alpha></styleBlock></styleBlock><styleSelector><simpleSelector value="zMarker"/></styleSelector></styleDeclaration><styleDeclaration><styleBlock><styleBlock><gradEndAlpha><double value="1"/></gradEndAlpha><gradStartAlpha><double value="1"/></gradStartAlpha><borderAlpha><double value="0"/></borderAlpha><radius><double value="0"/></radius><thickness><double value="100"/></thickness></styleBlock></styleBlock><styleSelector><simpleSelector value="zTriangle"/></styleSelector></styleDeclaration><styleDeclaration><styleBlock><styleBlock><gradEndAlpha><double value="1"/></gradEndAlpha><gradStartAlpha><double value="1"/></gradStartAlpha><borderAlpha><double value="0"/></borderAlpha><radius><double value="0"/></radius><thickness><double value="100"/></thickness></styleBlock></styleBlock><styleSelector><simpleSelector value="zSquare"/></styleSelector></styleDeclaration><styleDeclaration><styleBlock><styleBlock><borderColor><color value="#66E186"/></borderColor><thickness><double value="10"/></thickness></styleBlock></styleBlock><styleSelector><simpleSelector value="#37_120686956"/></styleSelector></styleDeclaration><styleDeclaration><styleBlock><styleBlock><borderColor><color value="#66E186"/></borderColor><thickness><double value="10"/></thickness></styleBlock></styleBlock><styleSelector><simpleSelector value="#38_120686956"/></styleSelector></styleDeclaration></array></styleDeclarations></documentStyle></documentStyle><path><array><flyToObject><target><ref value="2_120686956"/></target></flyToObject><flyToObject><target><ref value="3_120686956"/></target></flyToObject><flyToObject><target><ref value="4_120686956"/></target></flyToObject><flyToObject><target><ref value="5_120686956"/></target></flyToObject><flyToObject><target><ref value="6_120686956"/></target></flyToObject><flyToObject><target><ref value="7_120686956"/></target></flyToObject><flyToObject><target><ref value="19_120686956"/></target></flyToObject><flyToObject><target><ref value="0_120686956"/></target></flyToObject><flyToObject><target><ref value="2_120686956"/></target></flyToObject></array></path><zObjects><array><zImage><id><string value="1_120686956"/></id><onlineAssetId><string value="1456740089"/></onlineAssetId><onlineAssetUrl><string value="http://0103.static.prezi.com.s3.amazonaws.com/media/c/d/4/4/f/9a59ae44167857e456f068efcef.png"/></onlineAssetUrl><assetSourceFilename><string value="fon.png"/></assetSourceFilename><width><double value="8385"/></width><height><double value="4718"/></height><localToWorld><transform2D x="-1.92839841012832E-12" y="9.6419920506416E-13" scale="10.601482374604199" rotation="0"/></localToWorld></zImage><zImage><id><string value="28_120686956"/></id><onlineAssetId><string value="1456943842"/></onlineAssetId><onlineAssetUrl><string value="http://0103.static.prezi.com.s3.amazonaws.com/media/8/e/6/3/9/5d2f28341219555170160baa280.png"/></onlineAssetUrl><assetSourceFilename><string value="hfvrf2.png"/></assetSourceFilename><width><double value="1173"/></width><height><double value="1182"/></height><localToWorld><transform2D x="38964.90034926776" y="-8480.443795917136" scale="5.049287786276754" rotation="0"/></localToWorld></zImage><zInvisibleFrame><id><string value="2_120686956"/></id><width><double value="800"/></width><height><double value="500.30198743457345"/></height><styleClasses><array><token value="invisible"/></array></styleClasses><localToWorld><transform2D x="12381.96075570077" y="-253.9508765032104" scale="79.59975801724033" rotation="0"/></localToWorld></zInvisibleFrame><zInvisibleFrame><id><string value="3_120686956"/></id><width><double value="2187.158167862566"/></width><height><double value="1671.3789088350482"/></height><styleClasses><array><token value="invisible"/></array></styleClasses><localToWorld><transform2D x="-1140.4014590361744" y="-5548.709860044091" scale="9.549171508620065" rotation="0"/></localToWorld></zInvisibleFrame><zInvisibleFrame><id><string value="4_120686956"/></id><width><double value="2100.416506467006"/></width><height><double value="1714.7153830750972"/></height><styleClasses><array><token value="invisible"/></array></styleClasses><localToWorld><transform2D x="23781.755280943424" y="-6199.41213030419" scale="9.549171508620065" rotation="0"/></localToWorld></zInvisibleFrame><zInvisibleFrame><id><string value="5_120686956"/></id><width><double value="2340.4623584830706"/></width><height><double value="1714.7153830750972"/></height><styleClasses><array><token value="invisible"/></array></styleClasses><localToWorld><transform2D x="-3575.4559456590146" y="10952.179411556106" scale="6.729255692887263" rotation="0"/></localToWorld></zInvisibleFrame><zInvisibleFrame><id><string value="6_120686956"/></id><width><double value="1851.6007542384289"/></width><height><double value="1614.6446521170003"/></height><styleClasses><array><token value="invisible"/></array></styleClasses><localToWorld><transform2D x="14319.294339244201" y="9266.390272384968" scale="9.549171508620065" rotation="0"/></localToWorld></zInvisibleFrame><zInvisibleFrame><id><string value="7_120686956"/></id><width><double value="2003.8985617566816"/></width><height><double value="1714.7153830750972"/></height><styleClasses><array><token value="invisible"/></array></styleClasses><localToWorld><transform2D x="33137.89259961973" y="9265.16552128534" scale="9.343862315702461" rotation="0"/></localToWorld></zInvisibleFrame><zText><id><string value="8_120686956"/></id><text><text><width>-138.43359375</width><p><span color="16744448"><![CDATA[ПРОБЛЕМА]]></span></p></text></text><styleClasses><array><token value="title"/></array></styleClasses><localToWorld><transform2D x="293.55504695278796" y="-11838.993412191747" scale="53.00741187302099" rotation="0"/></localToWorld></zText><zText><id><string value="9_120686956"/></id><text><text><width>-67.60546875</width><p><span color="16744448"><![CDATA[ИДЕЯ]]></span></p></text></text><styleClasses><array><token value="title"/></array></styleClasses><localToWorld><transform2D x="25369.347322427846" y="-12581.203193237787" scale="62.40450141656811" rotation="0"/></localToWorld></zText><zText><id><string value="10_120686956"/></id><text><text><width>-71.765625</width><p><span color="0"><![CDATA[ДЕМО]]></span></p></text></text><styleClasses><array><token value="title"/></array></styleClasses><localToWorld><transform2D x="-3937.1785242805104" y="8658.614959075332" scale="33.924743598733436" rotation="0"/></localToWorld></zText><zText><id><string value="11_120686956"/></id><text><text><width>-147.71484375</width><p><span color="16744448"><![CDATA[ЦЕЛЕВАЯ]]></span></p><p><span color="16744448"><![CDATA[АУДИТОРИЯ]]></span></p></text></text><styleClasses><array><token value="title"/></array></styleClasses><localToWorld><transform2D x="19387.35487773368" y="5315.689277450291" scale="35.222932614768546" rotation="0"/></localToWorld></zText><zText><id><string value="12_120686956"/></id><text><text><width>254.84763251775487</width><p><span color="16744448"><![CDATA[БИЗНЕС-ЦЕННОСТЬ]]></span></p></text></text><styleClasses><array><token value="title"/></array></styleClasses><localToWorld><transform2D x="29845.0873069373" y="2682.4503115801476" scale="35.22293261476855" rotation="0"/></localToWorld></zText><zInvisibleFrame><id><string value="19_120686956"/></id><width><double value="3608.258937123421"/></width><height><double value="3507.562193648041"/></height><styleClasses><array><token value="invisible"/></array></styleClasses><localToWorld><transform2D x="39166.438480048295" y="-8294.243948601035" scale="1.3383169760811304" rotation="0"/></localToWorld></zInvisibleFrame><zImage><id><string value="16_120686956"/></id><onlineAssetId><string value="1456853268"/></onlineAssetId><onlineAssetUrl><string value="http://0103.static.prezi.com.s3.amazonaws.com/media/d/a/2/9/c/20b8cc2492e957a3c369e8557bd.png"/></onlineAssetUrl><assetSourceFilename><string value="77_Монтажная область 1.png"/></assetSourceFilename><width><double value="300"/></width><height><double value="400"/></height><localToWorld><transform2D x="37741.489283238436" y="-8868.776095298887" scale="3.2150316683973372" rotation="0"/></localToWorld></zImage><zImage><id><string value="17_120686956"/></id><onlineAssetId><string value="1456853285"/></onlineAssetId><onlineAssetUrl><string value="http://0103.static.prezi.com.s3.amazonaws.com/media/0/2/9/7/f/ff9621e4e3da2c4f42a83a1b254.png"/></onlineAssetUrl><assetSourceFilename><string value="66_Монтажная область 1.png"/></assetSourceFilename><width><double value="300"/></width><height><double value="400"/></height><localToWorld><transform2D x="39044.918393739" y="-8868.776095298887" scale="3.2150316683973386" rotation="0"/></localToWorld></zImage><zImage><id><string value="18_120686956"/></id><onlineAssetId><string value="1456853300"/></onlineAssetId><onlineAssetUrl><string value="http://0103.static.prezi.com.s3.amazonaws.com/media/7/c/b/b/4/1d3f5e84b8e9e46885c86c5c5cc.png"/></onlineAssetUrl><assetSourceFilename><string value="88_Монтажная область 1.png"/></assetSourceFilename><width><double value="300"/></width><height><double value="400"/></height><localToWorld><transform2D x="40309.38034401507" y="-8868.776095298887" scale="3.215031668397339" rotation="0"/></localToWorld></zImage><zText><id><string value="20_120686956"/></id><text><text><width>-199.546875</width><p><span color="0"><![CDATA[КОМАНДА ЖУРИ]]></span></p></text></text><styleClasses><array><token value="title"/></array></styleClasses><localToWorld><transform2D x="39044.60911730999" y="-10166.151655138645" scale="16.57983956891127" rotation="0"/></localToWorld></zText><zText><id><string value="21_120686956"/></id><text><text><width>-104.671875</width><p><span color="0"><![CDATA[МИХАИЛ]]></span></p><p align="center"><span color="0"><![CDATA[ПЕТРОВ]]></span></p></text></text><styleClasses><array><token value="title"/></array></styleClasses><localToWorld><transform2D x="39044.63296379833" y="-7869.242711692769" scale="7.172065026472461" rotation="0"/></localToWorld></zText><zText><id><string value="23_120686956"/></id><text><text><width>-104.671875</width><p><span color="0"><![CDATA[МИХАИЛ]]></span></p><p align="center"><span color="0"><![CDATA[ПЕТРОВ]]></span></p></text></text><styleClasses><array><token value="title"/></array></styleClasses><localToWorld><transform2D x="37741.489283238436" y="-7869.37435184495" scale="7.172065026472461" rotation="0"/></localToWorld></zText><zText><id><string value="24_120686956"/></id><text><text><width>-104.671875</width><p><span color="0"><![CDATA[МИХАИЛ]]></span></p><p align="center"><span color="0"><![CDATA[ПЕТРОВ]]></span></p></text></text><styleClasses><array><token value="title"/></array></styleClasses><localToWorld><transform2D x="40309.274329191314" y="-7869.2683370212035" scale="7.172065026472461" rotation="0"/></localToWorld></zText><zText><id><string value="25_120686956"/></id><text><text><width>-88.06640625</width><p align="center"><span color="0"><![CDATA[frontend]]></span></p></text></text><styleClasses><array><token value="body"/></array></styleClasses><localToWorld><transform2D x="37741.48928323845" y="-7364.425746342553" scale="7.172065026472461" rotation="0"/></localToWorld></zText><zText><id><string value="26_120686956"/></id><text><text><width>-70.72265625</width><p align="center"><span color="0"><![CDATA[design]]></span></p></text></text><styleClasses><array><token value="body"/></array></styleClasses><localToWorld><transform2D x="40309.572683075006" y="-7364.319731518806" scale="7.172065026472461" rotation="0"/></localToWorld></zText><zText><id><string value="27_120686956"/></id><text><text><width>-90.73828125</width><p align="center"><span color="0"><![CDATA[backend]]></span></p></text></text><styleClasses><array><token value="body"/></array></styleClasses><localToWorld><transform2D x="39044.906696348495" y="-7364.025746342553" scale="7.172065026472461" rotation="0"/></localToWorld></zText><zImage><id><string value="30_120686956"/></id><onlineAssetId><string value="1457019437"/></onlineAssetId><onlineAssetUrl><string value="http://0103.static.prezi.com.s3.amazonaws.com/media/0/5/5/e/d/723c7fb41a0bc410ac6ff2d3bcc.png"/></onlineAssetUrl><assetSourceFilename><string value="coronavirus_PNG46.png"/></assetSourceFilename><width><double value="1197"/></width><height><double value="1199"/></height><localToWorld><transform2D x="849.2847530295389" y="-7751.803912310588" scale="1.7043372120402063" rotation="0"/></localToWorld></zImage><zText><id><string value="29_120686956"/></id><text><text><width>594.4</width><p><span><![CDATA[Современные проблемы - современные решения]]></span></p></text></text><styleClasses><array><token value="body"/></array></styleClasses><localToWorld><transform2D x="1920.56631583147" y="-10082.91872764968" scale="23.39994756013828" rotation="0"/></localToWorld></zText><zImage><id><string value="31_120686956"/></id><onlineAssetId><string value="1457019437"/></onlineAssetId><onlineAssetUrl><string value="http://0103.static.prezi.com.s3.amazonaws.com/media/0/5/5/e/d/723c7fb41a0bc410ac6ff2d3bcc.png"/></onlineAssetUrl><assetSourceFilename><string value="coronavirus_PNG46.png"/></assetSourceFilename><width><double value="1197"/></width><height><double value="1199"/></height><localToWorld><transform2D x="-3280.4166911737784" y="-7007.6858644371205" scale="1.0801337490108807" rotation="0"/></localToWorld></zImage><zImage><id><string value="32_120686956"/></id><onlineAssetId><string value="1457019437"/></onlineAssetId><onlineAssetUrl><string value="http://0103.static.prezi.com.s3.amazonaws.com/media/0/5/5/e/d/723c7fb41a0bc410ac6ff2d3bcc.png"/></onlineAssetUrl><assetSourceFilename><string value="coronavirus_PNG46.png"/></assetSourceFilename><width><double value="1197"/></width><height><double value="1199"/></height><localToWorld><transform2D x="4567.7546959219635" y="-5423.930412494999" scale="1.0801337490108809" rotation="0"/></localToWorld></zImage><zImage><id><string value="34_120686956"/></id><onlineAssetId><string value="1457051712"/></onlineAssetId><onlineAssetUrl><string value="http://0103.static.prezi.com.s3.amazonaws.com/media/c/a/7/c/8/fac0a964c7495884510a64fa844.png"/></onlineAssetUrl><assetSourceFilename><string value="face-with-tears-of-joy_1f602.png"/></assetSourceFilename><width><double value="160"/></width><height><double value="160"/></height><localToWorld><transform2D x="21753.499728921597" y="-10391.14896429205" scale="11.02355520219403" rotation="0"/></localToWorld></zImage><zImage><id><string value="36_120686956"/></id><onlineAssetId><string value="1457058832"/></onlineAssetId><onlineAssetUrl><string value="http://0103.static.prezi.com.s3.amazonaws.com/media/0/8/7/2/f/331813f4d829ef80199bc05a4db.jpeg"/></onlineAssetUrl><assetSourceFilename><string value="tg_image_1267781284.jpeg"/></assetSourceFilename><width><double value="160"/></width><height><double value="160"/></height><localToWorld><transform2D x="30259.599112185268" y="-10803.864673135393" scale="8.037579888560858" rotation="0"/></localToWorld></zImage><zText><id><string value="33_120686956"/></id><text><text><width>-383.7890625</width><p><span><![CDATA[любой запрос, мысль, настроение]]></span></p></text></text><styleClasses><array><token value="body"/></array></styleClasses><localToWorld><transform2D x="26582.609707124433" y="-7181.274904575346" scale="29.673400106595693" rotation="0"/></localToWorld></zText><zImage><id><string value="35_120686956"/></id><onlineAssetId><string value="1457056349"/></onlineAssetId><onlineAssetUrl><string value="http://0103.static.prezi.com.s3.amazonaws.com/media/8/9/d/6/e/7c4a0ee433a86da2c37bb4da6ff.jpeg"/></onlineAssetUrl><assetSourceFilename><string value="tg_image_3789249971.jpeg"/></assetSourceFilename><width><double value="160"/></width><height><double value="160"/></height><localToWorld><transform2D x="26251.70870046615" y="-9445.920795772341" scale="14.442327607196626" rotation="0"/></localToWorld></zImage><zArrow><id><string value="37_120686956"/></id><startEndDistance><double value="-201.24348061027177"/></startEndDistance><arcHeight><double value="60.54242927305347"/></arcHeight><styleClasses><array><token value="line4"/></array></styleClasses><localToWorld><transform2D x="17875.09531692129" y="7724.219232468911" scale="16.962371799366718" rotation="-0.4429402518170045"/></localToWorld></zArrow><zArrow><id><string value="38_120686956"/></id><startEndDistance><double value="-505.5527882993528"/></startEndDistance><arcHeight><double value="-90.77409106529043"/></arcHeight><styleClasses><array><token value="line4"/></array></styleClasses><localToWorld><transform2D x="14092.903207274336" y="3009.9531973642484" scale="16.962371799366718" rotation="0.0730269911645686"/></localToWorld></zArrow><zText><id><string value="39_120686956"/></id><text><text><width>-402.6796875</width><p><span><![CDATA[Оценка рынка в России за 2018 год:]]></span></p><p indent="1" listType="bullet"><span><![CDATA[1050 рублей средний чек]]></span></p><p indent="1" listType="bullet"><span><![CDATA[18,1 млн заказов]]></span></p><p indent="1" listType="bullet"><span><![CDATA[18,9 млрд рублей]]></span></p><p/></text></text><styleClasses><array><token value="body"/></array></styleClasses><localToWorld><transform2D x="30227.370605766486" y="5632.35555597972" scale="24.19450543758317" rotation="0"/></localToWorld></zText><zInvisibleFrame><id><string value="0_120686956"/></id><width><double value="800"/></width><height><double value="600"/></height><styleClasses><array><token value="invisible"/></array></styleClasses><localToWorld><transform2D x="39207.75" y="-2403.55" scale="9.295317536686149" rotation="0"/></localToWorld></zInvisibleFrame><zText><id><string value="13_120686956"/></id><text><text><width>-307.34765625</width><p><span color="16744448"><![CDATA[СПАСИБО ЗА ВНИМАНИЕ]]></span></p></text></text><styleClasses><array><token value="title"/></array></styleClasses><localToWorld><transform2D x="39386.45000000001" y="-4657.21875" scale="16" rotation="0"/></localToWorld></zText><zText><id><string value="14_120686956"/></id><text><text><width>-240.984375</width><p><span><![CDATA[https://kosyachniy.com]]></span></p></text></text><styleClasses><array><token value="body"/></array></styleClasses><localToWorld><transform2D x="39202.59999999999" y="-2793.018750000001" scale="11.960686709696725" rotation="0"/></localToWorld></zText><zText><id><string value="15_120686956"/></id><text><text><width>366.60390625</width><p><span><![CDATA[Погрузись в новый мир книг:]]></span></p></text></text><styleClasses><array><token value="title"/></array></styleClasses><localToWorld><transform2D x="39510.899999999994" y="-3427.4187499999994" scale="16" rotation="0"/></localToWorld></zText><zText><id><string value="22_120686956"/></id><text><text><width>-87.97265625</width><p><span><![CDATA[GitHub:]]></span></p></text></text><styleClasses><array><token value="title"/></array></styleClasses><localToWorld><transform2D x="39202.299999999996" y="-1732.7187500000002" scale="16" rotation="0"/></localToWorld></zText><zText><id><string value="40_120686956"/></id><text><text><width>-438.87890625</width><p><span><![CDATA[https://github.com/kosyachniy/HackUni20]]></span></p></text></text><styleClasses><array><token value="body"/></array></styleClasses><localToWorld><transform2D x="39202.3908810353" y="-1259.25" scale="11.960686709696725" rotation="0"/></localToWorld></zText></array></zObjects></prezi>