<prezi xsi:schemaLocation="http://prezi.com/schema/prezi/2 http://prezi.com/schema/prezi/2" xmlns:xsi="http://www.w3.org/2001/XMLSchema-instance" version="2" xmlns="http://prezi.com/schema/prezi/2"><xFields><xField name="preziType"><xEnum type="PreziType" value="converted-from-core"/></xField></xFields><documentStyle><documentStyle><fontClasses><array><fontClass><fontFamily><string value="Arimo"/></fontFamily><name><string value="body"/></name></fontClass><fontClass><fontFamily><string value="Arimo"/></fontFamily><fontWeight><fontWeight value="bold"/></fontWeight><name><string value="head"/></name></fontClass><fontClass><fontFamily><string value="Arimo"/></fontFamily><fontStyle><fontStyle value="italic"/></fontStyle><fontWeight><fontWeight value="bold"/></fontWeight><name><string value="strong"/></name></fontClass></array></fontClasses><fontFamilies><array><fontFamily><fontFaces><array><fontFace><fontSrc><string value="Arimo-Regular.keg"/></fontSrc></fontFace><fontFace><fontSrc><string value="Arimo-Bold.keg"/></fontSrc><fontWeight><fontWeight value="bold"/></fontWeight></fontFace><fontFace><fontSrc><string value="Arimo-BoldItalic.keg"/></fontSrc><fontStyle><fontStyle value="italic"/></fontStyle><fontWeight><fontWeight value="bold"/></fontWeight></fontFace><fontFace><fontSrc><string value="Arimo-Italic.keg"/></fontSrc><fontStyle><fontStyle value="italic"/></fontStyle></fontFace></array></fontFaces><name><string value="Arimo"/></name></fontFamily></array></fontFamilies><styleDeclarations><array><styleDeclaration><styleBlock><styleBlock><gradEndAlpha><double value="0.7"/></gradEndAlpha><gradStartAlpha><double value="0.5"/></gradStartAlpha></styleBlock></styleBlock><styleSelector><simpleSelector value="zCircle"/></styleSelector></styleDeclaration><styleDeclaration><styleBlock><styleBlock><color><color value="#C7C7C4"/></color><gradEndColor><color value="#C7C7C4"/></gradEndColor><gradStartColor><color value="#C7C7C4"/></gradStartColor><fillType><fillType value="linear"/></fillType></styleBlock></styleBlock><styleSelector><simpleSelector value="*.line1"/></styleSelector></styleDeclaration><styleDeclaration><styleBlock><styleBlock><color><color value="#555555"/></color><gradEndColor><color value="#555555"/></gradEndColor><gradStartColor><color value="#888888"/></gradStartColor><fillType><fillType value="linear"/></fillType></styleBlock></styleBlock><styleSelector><simpleSelector value="*.line2"/></styleSelector></styleDeclaration><styleDeclaration><styleBlock><styleBlock><color><color value="#5374EC"/></color><gradEndColor><color value="#5374EC"/></gradEndColor><gradStartColor><color value="#5374EC"/></gradStartColor><fillType><fillType value="linear"/></fillType></styleBlock></styleBlock><styleSelector><simpleSelector value="*.line3"/></styleSelector></styleDeclaration><styleDeclaration><styleBlock><styleBlock><color><color value="#66E186"/></color><gradEndColor><color value="#66E186"/></gradEndColor><gradStartColor><color value="#66E186"/></gradStartColor><fillType><fillType value="linear"/></fillType></styleBlock></styleBlock><styleSelector><simpleSelector value="*.line4"/></styleSelector></styleDeclaration><styleDeclaration><styleBlock><styleBlock><color><color value="#FA5151"/></color><gradEndColor><color value="#FA5151"/></gradEndColor><gradStartColor><color value="#FA5151"/></gradStartColor><fillType><fillType value="linear"/></fillType></styleBlock></styleBlock><styleSelector><simpleSelector value="*.line5"/></styleSelector></styleDeclaration><styleDeclaration><styleBlock><styleBlock><color><color value="#FFFFFF"/></color><gradEndColor><color value="#C7C7C4"/></gradEndColor><gradStartColor><color value="#C7C7C4"/></gradStartColor><fillType><fillType value="linear"/></fillType></styleBlock></styleBlock><styleSelector><simpleSelector value="*.poly1"/></styleSelector></styleDeclaration><styleDeclaration><styleBlock><styleBlock><color><color value="#FFFFFF"/></color><gradEndColor><color value="#000000"/></gradEndColor><gradStartColor><color value="#333333"/></gradStartColor><fillType><fillType value="linear"/></fillType></styleBlock></styleBlock><styleSelector><simpleSelector value="*.poly2"/></styleSelector></styleDeclaration><styleDeclaration><styleBlock><styleBlock><color><color value="#FFFFFF"/></color><gradEndColor><color value="#5374EC"/></gradEndColor><gradStartColor><color value="#5374EC"/></gradStartColor><fillType><fillType value="linear"/></fillType></styleBlock></styleBlock><styleSelector><simpleSelector value="*.poly3"/></styleSelector></styleDeclaration><styleDeclaration><styleBlock><styleBlock><color><color value="#FFFFFF"/></color><gradEndColor><color value="#66E186"/></gradEndColor><gradStartColor><color value="#66E186"/></gradStartColor><fillType><fillType value="linear"/></fillType></styleBlock></styleBlock><styleSelector><simpleSelector value="*.poly4"/></styleSelector></styleDeclaration><styleDeclaration><styleBlock><styleBlock><color><color value="#FFFFFF"/></color><gradEndColor><color value="#FA5151"/></gradEndColor><gradStartColor><color value="#FA5151"/></gradStartColor><fillType><fillType value="linear"/></fillType></styleBlock></styleBlock><styleSelector><simpleSelector value="*.poly5"/></styleSelector></styleDeclaration><styleDeclaration><styleBlock><styleBlock><gradEndColor><color value="#FFFFFF"/></gradEndColor><gradStartColor><color value="#FFFFFF"/></gradStartColor><fillType><fillType value="linear"/></fillType></styleBlock></styleBlock><styleSelector><simpleSelector value="background"/></styleSelector></styleDeclaration><styleDeclaration><styleBlock><styleBlock><gradEndAlpha><double value="1"/></gradEndAlpha><gradEndColor><color value="#FFFFFF"/></gradEndColor><gradStartAlpha><double value="1"/></gradStartAlpha><gradStartColor><color value="#FFFFFF"/></gradStartColor><fillType><fillType value="linear"/></fillType><borderAlpha><double value="0"/></borderAlpha><borderThickness><double value="0"/></borderThickness><thickness><double value="10"/></thickness></styleBlock></styleBlock><styleSelector><simpleSelector value="zArrow"/></styleSelector></styleDeclaration><styleDeclaration><styleBlock><styleBlock><gradEndAlpha><double value="1"/></gradEndAlpha><gradStartAlpha><double value="1"/></gradStartAlpha><borderAlpha><double value="0"/></borderAlpha><radius><double value="0"/></radius><thickness><double value="100"/></thickness></styleBlock></styleBlock><styleSelector><simpleSelector value="zCircle"/></styleSelector></styleDeclaration><styleDeclaration><styleBlock><styleBlock><color><color value="#FFFFFF"/></color></styleBlock></styleBlock><styleSelector><simpleSelector value="zPencil"/></styleSelector></styleDeclaration><styleDeclaration><styleBlock><styleBlock><gradEndAlpha><double value="1"/></gradEndAlpha><gradEndColor><color value="#318BFF"/></gradEndColor><gradStartAlpha><double value="1"/></gradStartAlpha><gradStartColor><color value="#318BFF"/></gradStartColor><fillType><fillType value="linear"/></fillType><borderAlpha><double value="0"/></borderAlpha><borderColor><color value="#318BFF"/></borderColor><borderThickness><double value="0"/></borderThickness><padding><double value="1.03"/></padding><thickness><double value="3"/></thickness></styleBlock></styleBlock><styleSelector><simpleSelector value="zBracketFrame"/></styleSelector></styleDeclaration><styleDeclaration><styleBlock><styleBlock><gradEndAlpha><double value="1"/></gradEndAlpha><gradEndColor><color value="#318BFF"/></gradEndColor><gradStartAlpha><double value="1"/></gradStartAlpha><gradStartColor><color value="#318BFF"/></gradStartColor><fillType><fillType value="linear"/></fillType><borderAlpha><double value="0"/></borderAlpha><borderColor><color value="#333333"/></borderColor><borderThickness><double value="3"/></borderThickness><padding><double value="1.03"/></padding><thickness><double value="3"/></thickness></styleBlock></styleBlock><styleSelector><simpleSelector value="zCircleFrame"/></styleSelector></styleDeclaration><styleDeclaration><styleBlock><styleBlock><gradEndAlpha><double value="0.2"/></gradEndAlpha><gradEndColor><color value="#318BFF"/></gradEndColor><gradStartAlpha><double value="0"/></gradStartAlpha><gradStartColor><color value="#318BFF"/></gradStartColor><fillType><fillType value="linear"/></fillType><borderAlpha><double value="1"/></borderAlpha><borderColor><color value="#318BFF"/></borderColor><borderThickness><double value="10"/></borderThickness><padding><double value="1.03"/></padding><radius><double value="1"/></radius><thickness><double value="3"/></thickness></styleBlock></styleBlock><styleSelector><simpleSelector value="zRectangleFrame"/></styleSelector></styleDeclaration><styleDeclaration><styleBlock><styleBlock><padding><double value="1.2"/></padding></styleBlock></styleBlock><styleSelector><simpleSelector value="zText"/></styleSelector></styleDeclaration><styleDeclaration><styleBlock><styleBlock><color><color value="#333333"/></color><fontClass><string value="body"/></fontClass></styleBlock></styleBlock><styleSelector><simpleSelector value="zText.body"/></styleSelector></styleDeclaration><styleDeclaration><styleBlock><styleBlock><backgroundAlpha><double value="0.9"/></backgroundAlpha><backgroundColor><color value="#E4E4DD"/></backgroundColor><backgroundPadding><double value="6"/></backgroundPadding></styleBlock></styleBlock><styleSelector><simpleSelector value="zText.body-background"/></styleSelector></styleDeclaration><styleDeclaration><styleBlock><styleBlock><color><color value="#333333"/></color><fontClass><string value="head"/></fontClass></styleBlock></styleBlock><styleSelector><simpleSelector value="zText.title"/></styleSelector></styleDeclaration><styleDeclaration><styleBlock><styleBlock><backgroundAlpha><double value="0.9"/></backgroundAlpha><backgroundColor><color value="#F6F1A6"/></backgroundColor><backgroundPadding><double value="6"/></backgroundPadding></styleBlock></styleBlock><styleSelector><simpleSelector value="zText.title-background"/></styleSelector></styleDeclaration><styleDeclaration><styleBlock><styleBlock><color><color value="#333333"/></color><fontClass><string value="strong"/></fontClass></styleBlock></styleBlock><styleSelector><simpleSelector value="zText.subtitle"/></styleSelector></styleDeclaration><styleDeclaration><styleBlock><styleBlock><backgroundAlpha><double value="0.9"/></backgroundAlpha><backgroundColor><color value="#D3E2EE"/></backgroundColor><backgroundPadding><double value="6"/></backgroundPadding></styleBlock></styleBlock><styleSelector><simpleSelector value="zText.subtitle-background"/></styleSelector></styleDeclaration><styleDeclaration><styleBlock><styleBlock><color><color value="#FFFFFF"/></color></styleBlock></styleBlock><styleSelector><simpleSelector value="zLine"/></styleSelector></styleDeclaration><styleDeclaration><styleBlock><styleBlock><color><color value="#F0EA82"/></color><alpha><double value="0.65"/></alpha></styleBlock></styleBlock><styleSelector><simpleSelector value="zMarker"/></styleSelector></styleDeclaration><styleDeclaration><styleBlock><styleBlock><gradEndAlpha><double value="1"/></gradEndAlpha><gradStartAlpha><double value="1"/></gradStartAlpha><borderAlpha><double value="0"/></borderAlpha><radius><double value="0"/></radius><thickness><double value="100"/></thickness></styleBlock></styleBlock><styleSelector><simpleSelector value="zTriangle"/></styleSelector></styleDeclaration><styleDeclaration><styleBlock><styleBlock><gradEndAlpha><double value="1"/></gradEndAlpha><gradStartAlpha><double value="1"/></gradStartAlpha><borderAlpha><double value="0"/></borderAlpha><radius><double value="0"/></radius><thickness><double value="100"/></thickness></styleBlock></styleBlock><styleSelector><simpleSelector value="zSquare"/></styleSelector></styleDeclaration><styleDeclaration><styleBlock><styleBlock><color><color value="#175D66"/></color><gradEndAlpha><double value="1"/></gradEndAlpha><gradEndColor><color value="#175D66"/></gradEndColor><gradStartAlpha><double value="1"/></gradStartAlpha><gradStartColor><color value="#175D66"/></gradStartColor><fillType><fillType value="linear"/></fillType><borderColor><color value="#175D66"/></borderColor></styleBlock></styleBlock><styleSelector><simpleSelector value="#13_120686956"/></styleSelector></styleDeclaration><styleDeclaration><styleBlock><styleBlock><color><color value="#F0CF1C"/></color><gradEndAlpha><double value="1"/></gradEndAlpha><gradEndColor><color value="#F0CF1C"/></gradEndColor><gradStartAlpha><double value="1"/></gradStartAlpha><gradStartColor><color value="#F0CF1C"/></gradStartColor><fillType><fillType value="linear"/></fillType><borderColor><color value="#F0CF1C"/></borderColor></styleBlock></styleBlock><styleSelector><simpleSelector value="#74"/></styleSelector></styleDeclaration><styleDeclaration><styleBlock><styleBlock><color><color value="#F0CF1C"/></color><gradEndAlpha><double value="1"/></gradEndAlpha><gradEndColor><color value="#F0CF1C"/></gradEndColor><gradStartAlpha><double value="1"/></gradStartAlpha><gradStartColor><color value="#F0CF1C"/></gradStartColor><fillType><fillType value="linear"/></fillType><borderColor><color value="#F0CF1C"/></borderColor></styleBlock></styleBlock><styleSelector><simpleSelector value="#75"/></styleSelector></styleDeclaration><styleDeclaration><styleBlock><styleBlock><color><color value="#175D66"/></color><gradEndAlpha><double value="1"/></gradEndAlpha><gradEndColor><color value="#175D66"/></gradEndColor><gradStartAlpha><double value="1"/></gradStartAlpha><gradStartColor><color value="#175D66"/></gradStartColor><fillType><fillType value="linear"/></fillType><borderColor><color value="#175D66"/></borderColor></styleBlock></styleBlock><styleSelector><simpleSelector value="#79"/></styleSelector></styleDeclaration><styleDeclaration><styleBlock><styleBlock><color><color value="#175D66"/></color><gradEndAlpha><double value="1"/></gradEndAlpha><gradEndColor><color value="#175D66"/></gradEndColor><gradStartAlpha><double value="1"/></gradStartAlpha><gradStartColor><color value="#175D66"/></gradStartColor><fillType><fillType value="linear"/></fillType><borderColor><color value="#175D66"/></borderColor></styleBlock></styleBlock><styleSelector><simpleSelector value="#81"/></styleSelector></styleDeclaration><styleDeclaration><styleBlock><styleBlock><color><color value="#175D66"/></color><gradEndAlpha><double value="1"/></gradEndAlpha><gradEndColor><color value="#175D66"/></gradEndColor><gradStartAlpha><double value="1"/></gradStartAlpha><gradStartColor><color value="#175D66"/></gradStartColor><fillType><fillType value="linear"/></fillType><borderColor><color value="#175D66"/></borderColor></styleBlock></styleBlock><styleSelector><simpleSelector value="#83"/></styleSelector></styleDeclaration></array></styleDeclarations></documentStyle></documentStyle><path><array><flyToObject><target><ref value="91"/></target></flyToObject><flyToObject><target><ref value="7"/></target></flyToObject><flyToObject><target><ref value="81"/></target></flyToObject><flyToObject><target><ref value="92"/></target></flyToObject><flyToObject><target><ref value="0_120686956"/></target></flyToObject><flyToObject><target><ref value="3_120686956"/></target></flyToObject><flyToObject><target><ref value="18_120686956"/></target></flyToObject><flyToObject><target><ref value="4_120686956"/></target></flyToObject><flyToObject><target><ref value="56"/></target></flyToObject><flyToObject><target><ref value="59"/></target></flyToObject><flyToObject><target><ref value="60"/></target></flyToObject><flyToObject><target><ref value="83"/></target></flyToObject><flyToObject><target><ref value="19_120686956"/></target></flyToObject><flyToObject><target><ref value="6_120686956"/></target></flyToObject><flyToObject><target><ref value="20_120686956"/></target></flyToObject><flyToObject><target><ref value="5_120686956"/></target></flyToObject><flyToObject><target><ref value="21_120686956"/></target></flyToObject><flyToObject><target><ref value="7_120686956"/></target></flyToObject><flyToObject><target><ref value="65"/></target></flyToObject><flyToObject><target><ref value="13_120686956"/></target></flyToObject><flyToObject><target><ref value="70"/></target></flyToObject><flyToObject><target><ref value="76"/></target></flyToObject><flyToObject><target><ref value="79"/></target></flyToObject><flyToObject><target><ref value="74"/></target></flyToObject><flyToObject><target><ref value="75"/></target></flyToObject><flyToObject><target><ref value="11_120686956"/></target></flyToObject><flyToObject><target><ref value="91"/></target></flyToObject></array></path><zObjects><array><zImage><id><string value="91"/></id><onlineAssetId><string value="5052768136"/></onlineAssetId><onlineAssetUrl><string value="http://0103.static.prezi.com.s3.amazonaws.com/media/2/3/9/bd1c72ac98038db7a8975722a0232db07fef3.png"/></onlineAssetUrl><assetSourceFilename><string value="Безымянный-1-01-01.png"/></assetSourceFilename><width><double value="8000"/></width><height><double value="4500"/></height><localToWorld><transform2D x="0" y="0" scale="19.213173261658227" rotation="0"/></localToWorld></zImage><zImage><id><string value="7"/></id><onlineAssetId><string value="5052749172"/></onlineAssetId><onlineAssetUrl><string value="http://0103.static.prezi.com.s3.amazonaws.com/media/f/c/2/2ed78c2b18b25b0354a9e713678f0338ccac8.png"/></onlineAssetUrl><assetSourceFilename><string value="2.png"/></assetSourceFilename><width><double value="2957"/></width><height><double value="2957"/></height><localToWorld><transform2D x="28686.59415465539" y="-15526.223855553051" scale="15.256189304857084" rotation="0"/></localToWorld></zImage><zImage><id><string value="27"/></id><onlineAssetId><string value="5052749452"/></onlineAssetId><onlineAssetUrl><string value="http://0103.static.prezi.com.s3.amazonaws.com/media/6/9/6/98359f2777e52128d1384ac0a50669de0ecbe.png"/></onlineAssetUrl><assetSourceFilename><string value="4.png"/></assetSourceFilename><width><double value="348"/></width><height><double value="308"/></height><localToWorld><transform2D x="35694.52471184149" y="-6083.786890044378" scale="11.442141978642812" rotation="0"/></localToWorld></zImage><zImage><id><string value="29"/></id><onlineAssetId><string value="5052749454"/></onlineAssetId><onlineAssetUrl><string value="http://0103.static.prezi.com.s3.amazonaws.com/media/f/f/f/5198e8d243f191fe48d98c19cd95b293a355f.png"/></onlineAssetUrl><assetSourceFilename><string value="7.png"/></assetSourceFilename><width><double value="225"/></width><height><double value="346"/></height><localToWorld><transform2D x="39615.746767922385" y="-17920.301362217753" scale="14.21780986623473" rotation="0"/></localToWorld></zImage><zImage><id><string value="28"/></id><onlineAssetId><string value="5052749453"/></onlineAssetId><onlineAssetUrl><string value="http://0103.static.prezi.com.s3.amazonaws.com/media/1/5/5/7259f392df68689cc4bdb708eaf2b65fcea7b.png"/></onlineAssetUrl><assetSourceFilename><string value="5.png"/></assetSourceFilename><width><double value="218"/></width><height><double value="341"/></height><localToWorld><transform2D x="17257.419936921706" y="-13213.766961669342" scale="11.442141978642812" rotation="0"/></localToWorld></zImage><zImage><id><string value="30"/></id><onlineAssetId><string value="5052749455"/></onlineAssetId><onlineAssetUrl><string value="http://0103.static.prezi.com.s3.amazonaws.com/media/7/1/2/e64ff1a07d3160cd4c1833431d2234e899f25.png"/></onlineAssetUrl><assetSourceFilename><string value="13.png"/></assetSourceFilename><width><double value="373"/></width><height><double value="383"/></height><localToWorld><transform2D x="40410.21282597281" y="-7115.486691785345" scale="18.08606369852783" rotation="0"/></localToWorld></zImage><zImage><id><string value="34"/></id><onlineAssetId><string value="5052749460"/></onlineAssetId><onlineAssetUrl><string value="http://0103.static.prezi.com.s3.amazonaws.com/media/5/9/d/efc3cb74df804fe9531e41ab7b9041ecb970d.png"/></onlineAssetUrl><assetSourceFilename><string value="12.png"/></assetSourceFilename><width><double value="283"/></width><height><double value="276"/></height><localToWorld><transform2D x="23957.93827961494" y="-5028.439994880893" scale="12.768767135586902" rotation="0"/></localToWorld></zImage><zImage><id><string value="33"/></id><onlineAssetId><string value="5052749459"/></onlineAssetId><onlineAssetUrl><string value="http://0103.static.prezi.com.s3.amazonaws.com/media/5/5/0/458008cb34230c476c04bf8b47aead27beef5.png"/></onlineAssetUrl><assetSourceFilename><string value="6.png"/></assetSourceFilename><width><double value="558"/></width><height><double value="543"/></height><localToWorld><transform2D x="38809.83856789331" y="-25035.406649270462" scale="15.256189304857084" rotation="0"/></localToWorld></zImage><zImage><id><string value="38"/></id><onlineAssetId><string value="5052749464"/></onlineAssetId><onlineAssetUrl><string value="http://0103.static.prezi.com.s3.amazonaws.com/media/7/2/9/863e22ac6196b1d5ed460cd05a97ab3120bb2.png"/></onlineAssetUrl><assetSourceFilename><string value="9.png"/></assetSourceFilename><width><double value="212"/></width><height><double value="212"/></height><localToWorld><transform2D x="15346.96363122098" y="-26171.611347749706" scale="14.623566915487835" rotation="0"/></localToWorld></zImage><zImage><id><string value="37"/></id><onlineAssetId><string value="5052749463"/></onlineAssetId><onlineAssetUrl><string value="http://0103.static.prezi.com.s3.amazonaws.com/media/3/9/5/6892e78f1e180495d0a592e4c99e49f2a7b27.png"/></onlineAssetUrl><assetSourceFilename><string value="19.png"/></assetSourceFilename><width><double value="534"/></width><height><double value="528"/></height><localToWorld><transform2D x="19656.837109843105" y="-27486.313461095764" scale="15.689603773745086" rotation="0"/></localToWorld></zImage><zImage><id><string value="41"/></id><onlineAssetId><string value="5052749467"/></onlineAssetId><onlineAssetUrl><string value="http://0103.static.prezi.com.s3.amazonaws.com/media/c/8/3/c4c6051e151ab96692039ddb588507229baac.png"/></onlineAssetUrl><assetSourceFilename><string value="15.png"/></assetSourceFilename><width><double value="518"/></width><height><double value="502"/></height><localToWorld><transform2D x="18694.171564706623" y="-21402.907975784005" scale="11.452492214814372" rotation="0"/></localToWorld></zImage><zImage><id><string value="40"/></id><onlineAssetId><string value="5052749466"/></onlineAssetId><onlineAssetUrl><string value="http://0103.static.prezi.com.s3.amazonaws.com/media/d/6/2/cba4017adf011f717a2cbfffb7b124c618ff0.png"/></onlineAssetUrl><assetSourceFilename><string value="14.png"/></assetSourceFilename><width><double value="687"/></width><height><double value="418"/></height><localToWorld><transform2D x="16010.607865982262" y="-8452.310279623447" scale="13.753949980470844" rotation="0"/></localToWorld></zImage><zImage><id><string value="39"/></id><onlineAssetId><string value="5052749465"/></onlineAssetId><onlineAssetUrl><string value="http://0103.static.prezi.com.s3.amazonaws.com/media/8/b/a/3a827596d8d99f922375fe8290bab5fe5bf4f.png"/></onlineAssetUrl><assetSourceFilename><string value="20.png"/></assetSourceFilename><width><double value="477"/></width><height><double value="317"/></height><localToWorld><transform2D x="29526.447375887772" y="-3211.427848672409" scale="15.256189304857084" rotation="0"/></localToWorld></zImage><zImage><id><string value="42"/></id><onlineAssetId><string value="5052749469"/></onlineAssetId><onlineAssetUrl><string value="http://0103.static.prezi.com.s3.amazonaws.com/media/e/7/4/6f7f2b5840f14fb9ccef7b74e155af6ee4d9b.png"/></onlineAssetUrl><assetSourceFilename><string value="17.png"/></assetSourceFilename><width><double value="531"/></width><height><double value="459"/></height><localToWorld><transform2D x="26998.87821280558" y="-27486.69486582838" scale="11.442141978642812" rotation="0"/></localToWorld></zImage><zInvisibleFrame><id><string value="83"/></id><width><double value="800"/></width><height><double value="925.65723518953"/></height><styleClasses><array><token value="invisible"/></array></styleClasses><localToWorld><transform2D x="38566.759595307034" y="-29494.351239199543" scale="5.472835556844678" rotation="0.5566637658814764"/></localToWorld></zInvisibleFrame><zImage><id><string value="45"/></id><onlineAssetId><string value="5052750930"/></onlineAssetId><onlineAssetUrl><string value="http://0103.static.prezi.com.s3.amazonaws.com/media/e/b/9/dfe31b101d69bc92fb83ca0e23a56298392d8.png"/></onlineAssetUrl><assetSourceFilename><string value="22.png"/></assetSourceFilename><width><double value="1616"/></width><height><double value="2458"/></height><localToWorld><transform2D x="38820.26661058435" y="-29901.147716312855" scale="1.5073555638010758" rotation="0.5566637658814765"/></localToWorld></zImage><zImage><id><string value="46"/></id><onlineAssetId><string value="5052751778"/></onlineAssetId><onlineAssetUrl><string value="http://0103.static.prezi.com.s3.amazonaws.com/media/1/c/d/1a8c799c47cc944db3a3a7b53a9a87c96a953.png"/></onlineAssetUrl><assetSourceFilename><string value="23.png"/></assetSourceFilename><width><double value="1770"/></width><height><double value="2103"/></height><localToWorld><transform2D x="12284.66503300354" y="-11440.99776444495" scale="1.4153225474472766" rotation="-2.0046204037824076"/></localToWorld></zImage><zImage><id><string value="48"/></id><onlineAssetId><string value="5052751792"/></onlineAssetId><onlineAssetUrl><string value="http://0103.static.prezi.com.s3.amazonaws.com/media/7/7/a/4082b07b36d4e3b079428940cf38d260e1e88.png"/></onlineAssetUrl><assetSourceFilename><string value="23.png"/></assetSourceFilename><width><double value="1770"/></width><height><double value="2103"/></height><localToWorld><transform2D x="44141.49532520825" y="-16500.331542668173" scale="1.3932162133648092" rotation="1.453206985456504"/></localToWorld></zImage><zInvisibleFrame><id><string value="81"/></id><width><double value="1258.7608947753906"/></width><height><double value="746.2507467269897"/></height><styleClasses><array><token value="invisible"/></array></styleClasses><localToWorld><transform2D x="32863.313370968724" y="-26041.512713438693" scale="2.601285031586365" rotation="0.4218141246060227"/></localToWorld></zInvisibleFrame><zImage><id><string value="53"/></id><onlineAssetId><string value="5052753040"/></onlineAssetId><onlineAssetUrl><string value="http://0103.static.prezi.com.s3.amazonaws.com/media/3/a/7/59b0c210a38de430e4e79c75ddc54a2343200.png"/></onlineAssetUrl><assetSourceFilename><string value="24.png"/></assetSourceFilename><width><double value="3951"/></width><height><double value="2295"/></height><localToWorld><transform2D x="32843.905740228955" y="-26004.55607486153" scale="0.7266552133193515" rotation="0.4218141246060227"/></localToWorld></zImage><zImage><id><string value="55"/></id><onlineAssetId><string value="5052753271"/></onlineAssetId><onlineAssetUrl><string value="http://0103.static.prezi.com.s3.amazonaws.com/media/e/d/4/8f33a3bc4f84e51030ac5fa33ea9e5be8d855.png"/></onlineAssetUrl><assetSourceFilename><string value="25.png"/></assetSourceFilename><width><double value="3073"/></width><height><double value="2617"/></height><localToWorld><transform2D x="32646.478284154506" y="-26645.425586108435" scale="0.1394921436405548" rotation="0.4218141246060226"/></localToWorld></zImage><zImage><id><string value="56"/></id><onlineAssetId><string value="5052753271"/></onlineAssetId><onlineAssetUrl><string value="http://0103.static.prezi.com.s3.amazonaws.com/media/e/d/4/8f33a3bc4f84e51030ac5fa33ea9e5be8d855.png"/></onlineAssetUrl><assetSourceFilename><string value="25.png"/></assetSourceFilename><width><double value="3073"/></width><height><double value="2617"/></height><localToWorld><transform2D x="33218.96201036874" y="-26388.452212574804" scale="0.1394921436405548" rotation="0.4218141246060226"/></localToWorld></zImage><zImage><id><string value="57"/></id><onlineAssetId><string value="5052753271"/></onlineAssetId><onlineAssetUrl><string value="http://0103.static.prezi.com.s3.amazonaws.com/media/e/d/4/8f33a3bc4f84e51030ac5fa33ea9e5be8d855.png"/></onlineAssetUrl><assetSourceFilename><string value="25.png"/></assetSourceFilename><width><double value="3073"/></width><height><double value="2617"/></height><localToWorld><transform2D x="33787.50104873436" y="-26133.470874487575" scale="0.1394921436405548" rotation="0.4218141246060226"/></localToWorld></zImage><zImage><id><string value="58"/></id><onlineAssetId><string value="5052753271"/></onlineAssetId><onlineAssetUrl><string value="http://0103.static.prezi.com.s3.amazonaws.com/media/e/d/4/8f33a3bc4f84e51030ac5fa33ea9e5be8d855.png"/></onlineAssetUrl><assetSourceFilename><string value="25.png"/></assetSourceFilename><width><double value="3073"/></width><height><double value="2617"/></height><localToWorld><transform2D x="32417.11384442557" y="-26135.377898150677" scale="0.1394921436405548" rotation="0.4218141246060225"/></localToWorld></zImage><zImage><id><string value="59"/></id><onlineAssetId><string value="5052753271"/></onlineAssetId><onlineAssetUrl><string value="http://0103.static.prezi.com.s3.amazonaws.com/media/e/d/4/8f33a3bc4f84e51030ac5fa33ea9e5be8d855.png"/></onlineAssetUrl><assetSourceFilename><string value="25.png"/></assetSourceFilename><width><double value="3073"/></width><height><double value="2617"/></height><localToWorld><transform2D x="32989.98375282295" y="-25878.311108363825" scale="0.1394921436405548" rotation="0.4218141246060226"/></localToWorld></zImage><zImage><id><string value="60"/></id><onlineAssetId><string value="5052753271"/></onlineAssetId><onlineAssetUrl><string value="http://0103.static.prezi.com.s3.amazonaws.com/media/e/d/4/8f33a3bc4f84e51030ac5fa33ea9e5be8d855.png"/></onlineAssetUrl><assetSourceFilename><string value="25.png"/></assetSourceFilename><width><double value="3073"/></width><height><double value="2617"/></height><localToWorld><transform2D x="33558.276804428875" y="-25623.151342240104" scale="0.1394921436405548" rotation="0.4218141246060226"/></localToWorld></zImage><zImage><id><string value="65"/></id><onlineAssetId><string value="5052753978"/></onlineAssetId><onlineAssetUrl><string value="http://0103.static.prezi.com.s3.amazonaws.com/media/d/1/5/70b1705d91edc617d34b0f8de6ea388827264.png"/></onlineAssetUrl><assetSourceFilename><string value="26.png"/></assetSourceFilename><width><double value="6278"/></width><height><double value="3087"/></height><localToWorld><transform2D x="40266.80464650716" y="-12983.398503166" scale="0.8260783474628572" rotation="1.7785426486835452"/></localToWorld></zImage><zImage><id><string value="69"/></id><onlineAssetId><string value="5052754602"/></onlineAssetId><onlineAssetUrl><string value="http://0103.static.prezi.com.s3.amazonaws.com/media/9/7/7/2e5b5367618daf47136d0774261b24de0b7fd.png"/></onlineAssetUrl><assetSourceFilename><string value="29.png"/></assetSourceFilename><width><double value="2023"/></width><height><double value="2945"/></height><localToWorld><transform2D x="35331.4274063859" y="-1762.4712694436162" scale="0.19857471087681025" rotation="2.4252662664564975"/></localToWorld></zImage><zImage><id><string value="70"/></id><onlineAssetId><string value="5052754605"/></onlineAssetId><onlineAssetUrl><string value="http://0103.static.prezi.com.s3.amazonaws.com/media/4/8/e/b978df7b7d1ccf086c66c6e18dd87ce0fd609.png"/></onlineAssetUrl><assetSourceFilename><string value="28.png"/></assetSourceFilename><width><double value="4545"/></width><height><double value="2881"/></height><localToWorld><transform2D x="35959.21959628076" y="-715.1338736651759" scale="0.5381697234360536" rotation="2.4252662664564975"/></localToWorld></zImage><zImage><id><string value="71"/></id><onlineAssetId><string value="5052754602"/></onlineAssetId><onlineAssetUrl><string value="http://0103.static.prezi.com.s3.amazonaws.com/media/9/7/7/2e5b5367618daf47136d0774261b24de0b7fd.png"/></onlineAssetUrl><assetSourceFilename><string value="29.png"/></assetSourceFilename><width><double value="2023"/></width><height><double value="2945"/></height><localToWorld><transform2D x="34581.67371341596" y="-2091.743765566333" scale="0.19857471087681025" rotation="2.4252662664564975"/></localToWorld></zImage><zImage><id><string value="72"/></id><onlineAssetId><string value="5052754602"/></onlineAssetId><onlineAssetUrl><string value="http://0103.static.prezi.com.s3.amazonaws.com/media/9/7/7/2e5b5367618daf47136d0774261b24de0b7fd.png"/></onlineAssetUrl><assetSourceFilename><string value="29.png"/></assetSourceFilename><width><double value="2023"/></width><height><double value="2945"/></height><localToWorld><transform2D x="34843.887434891156" y="-1255.2224725198414" scale="0.19857471087681025" rotation="2.4252662664564975"/></localToWorld></zImage><zInvisibleFrame><id><string value="79"/></id><width><double value="800"/></width><height><double value="800"/></height><styleClasses><array><token value="invisible"/></array></styleClasses><localToWorld><transform2D x="14014.716900174337" y="-18006.117427057572" scale="11.366280408035886" rotation="-1.402557244610061"/></localToWorld></zInvisibleFrame><zImage><id><string value="73"/></id><onlineAssetId><string value="5052754949"/></onlineAssetId><onlineAssetUrl><string value="http://0103.static.prezi.com.s3.amazonaws.com/media/5/e/2/60bdd09f24263f22ea4ee234f47eab9c7fe2e.png"/></onlineAssetUrl><assetSourceFilename><string value="30.png"/></assetSourceFilename><width><double value="2884"/></width><height><double value="3951"/></height><localToWorld><transform2D x="14329.375804587013" y="-17624.33128970352" scale="1.982833465785378" rotation="-1.402557244610061"/></localToWorld></zImage><zCircleFrame><id><string value="74"/></id><width><double value="800"/></width><height><double value="800"/></height><styleClasses><array><token value="circle"/></array></styleClasses><localToWorld><transform2D x="10351.70584807815" y="-15770.704289163386" scale="1.116781902542936" rotation="-1.402557244610061"/></localToWorld></zCircleFrame><zCircleFrame><id><string value="75"/></id><width><double value="800"/></width><height><double value="800"/></height><styleClasses><array><token value="circle"/></array></styleClasses><localToWorld><transform2D x="11198.042949765097" y="-20752.99431139709" scale="1.116781902542936" rotation="-1.402557244610061"/></localToWorld></zCircleFrame><zImage><id><string value="76"/></id><onlineAssetId><string value="5052755166"/></onlineAssetId><onlineAssetUrl><string value="http://0103.static.prezi.com.s3.amazonaws.com/media/7/9/e/9c337f3d694ee3de2ec07236d4debf6b56fe4.png"/></onlineAssetUrl><assetSourceFilename><string value="27.png"/></assetSourceFilename><width><double value="6719"/></width><height><double value="2876"/></height><localToWorld><transform2D x="20845.29425669148" y="-7594.912440690475" scale="0.5229617225763119" rotation="-2.379302142881369"/></localToWorld></zImage><zImage><id><string value="80"/></id><onlineAssetId><string value="5052765096"/></onlineAssetId><onlineAssetUrl><string value="http://0103.static.prezi.com.s3.amazonaws.com/media/6/d/5/22f7a0e5907bdbfa2e19114cea02186a06b64.png"/></onlineAssetUrl><assetSourceFilename><string value="31.png"/></assetSourceFilename><width><double value="1988"/></width><height><double value="3480"/></height><localToWorld><transform2D x="31601.670526080943" y="-26125.079970369898" scale="0.24622368862376504" rotation="0.4218141246060225"/></localToWorld></zImage><zImage><id><string value="9_120686956"/></id><onlineAssetId><string value="5052817396"/></onlineAssetId><onlineAssetUrl><string value="http://0103.static.prezi.com.s3.amazonaws.com/media/7/7/3/f89d6a376e721a33cd58d415f1ae5af1b849c.jpg"/></onlineAssetUrl><assetSourceFilename><string value="photo_2018-12-09_14-57-35.jpg"/></assetSourceFilename><width><double value="818"/></width><height><double value="176"/></height><localToWorld><transform2D x="36070.6" y="-734.95" scale="1.905470433930344" rotation="2.4252662664564975"/></localToWorld></zImage><zImage><id><string value="2_120686956"/></id><onlineAssetId><string value="5052817393"/></onlineAssetId><onlineAssetUrl><string value="http://0103.static.prezi.com.s3.amazonaws.com/media/f/f/4/329f283896eef355d8f9fd2a61c0af1828e9a.jpg"/></onlineAssetUrl><assetSourceFilename><string value="photo_2018-12-09_14-57-39.jpg"/></assetSourceFilename><width><double value="688"/></width><height><double value="64"/></height><localToWorld><transform2D x="35637" y="-919.25" scale="2.5048028275137764" rotation="2.4252662664564975"/></localToWorld></zImage><zText><id><string value="86"/></id><text><text><width>-190.46484375</width><p><span><![CDATA[ЮРИДИЧЕСКИЕ]]></span></p><p align="center"><span><![CDATA[АСПЕКТЫ]]></span></p></text></text><styleClasses><array><token value="title"/></array></styleClasses><localToWorld><transform2D x="20397.525100593917" y="-7323.352271064022" scale="3.6009414536214233" rotation="-2.379302142881369"/></localToWorld></zText><zText><id><string value="87"/></id><text><text><width>-161.3203125</width><p><span><![CDATA[BLOCKCHAIN]]></span></p></text></text><styleClasses><array><token value="title"/></array></styleClasses><localToWorld><transform2D x="9956.189140349736" y="-18396.675873261913" scale="18.808932919757574" rotation="-1.402557244610061"/></localToWorld></zText><zImage><id><string value="92"/></id><onlineAssetId><string value="5052772022"/></onlineAssetId><onlineAssetUrl><string value="http://0103.static.prezi.com.s3.amazonaws.com/media/3/d/9/4ffd4817df8660ae1ee8c03bbfc4809c3185c.png"/></onlineAssetUrl><assetSourceFilename><string value="32.png"/></assetSourceFilename><width><double value="3917"/></width><height><double value="3336"/></height><localToWorld><transform2D x="32060.500419424523" y="-26914.206362163623" scale="0.10997266821189018" rotation="0.4218141246060227"/></localToWorld></zImage><zImage><id><string value="4_120686956"/></id><onlineAssetId><string value="5052779904"/></onlineAssetId><onlineAssetUrl><string value="http://0103.static.prezi.com.s3.amazonaws.com/media/5/0/e/7f53f282bd3073e33d7373ab6542f46bdc7eb.jpg"/></onlineAssetUrl><assetSourceFilename><string value="photo_2018-12-09_12-41-13.jpg"/></assetSourceFilename><width><double value="1000"/></width><height><double value="667"/></height><localToWorld><transform2D x="32372.050000000003" y="-26031.100000000002" scale="0.08791216320447279" rotation="0.4218141246060227"/></localToWorld></zImage><zImage><id><string value="3_120686956"/></id><onlineAssetId><string value="5052779902"/></onlineAssetId><onlineAssetUrl><string value="http://0103.static.prezi.com.s3.amazonaws.com/media/f/5/4/3f236f10d116196d38038e6b43cf87a60d1b2.jpg"/></onlineAssetUrl><assetSourceFilename><string value="photo_2018-12-09_12-41-16.jpg"/></assetSourceFilename><width><double value="760"/></width><height><double value="500"/></height><localToWorld><transform2D x="32437.75" y="-26178.25" scale="0.11518576921422366" rotation="0.42181412460602236"/></localToWorld></zImage><zImage><id><string value="8_120686956"/></id><onlineAssetId><string value="5052782592"/></onlineAssetId><onlineAssetUrl><string value="http://0103.static.prezi.com.s3.amazonaws.com/media/7/3/e/8411f264b3a1391b6f861fc43335fcf48658e.jpg"/></onlineAssetUrl><assetSourceFilename><string value="photo_2018-12-09_12-52-50.jpg"/></assetSourceFilename><width><double value="927"/></width><height><double value="631"/></height><localToWorld><transform2D x="32986.58873445278" y="-25873.2499560351" scale="0.3854610013657091" rotation="0.42181412460602274"/></localToWorld></zImage><zImage><id><string value="10_120686956"/></id><onlineAssetId><string value="5052792814"/></onlineAssetId><onlineAssetUrl><string value="http://0103.static.prezi.com.s3.amazonaws.com/media/7/7/8/bd67f434df4d05278e13b9160c1ef10c3e4d0.png"/></onlineAssetUrl><assetSourceFilename><string value="34.png"/></assetSourceFilename><width><double value="3045"/></width><height><double value="2921"/></height><localToWorld><transform2D x="33218.79907589855" y="-26386.97257012896" scale="0.11615008141966345" rotation="0.4218141246060225"/></localToWorld></zImage><zInvisibleFrame><id><string value="13_120686956"/></id><width><double value="1809.607744017674"/></width><height><double value="2021.010157865052"/></height><styleClasses><array><token value="invisible"/></array></styleClasses><localToWorld><transform2D x="39974.3028163329" y="-13104.14103516841" scale="0.701010912323669" rotation="1.7785426486835452"/></localToWorld></zInvisibleFrame><zText><id><string value="12_120686956"/></id><text><text><width>-254.66015625</width><p indent="1" listType="bullet"><span><![CDATA[Целевая аудитория]]></span></p><p indent="1" listType="bullet"><span><![CDATA[Монетизация]]></span></p></text></text><styleClasses><array><token value="body"/></array></styleClasses><localToWorld><transform2D x="40273.53698235335" y="-13047.203419797828" scale="3.1551374288066416" rotation="1.7785426486835452"/></localToWorld></zText><zImage><id><string value="14_120686956"/></id><onlineAssetId><string value="5052803874"/></onlineAssetId><onlineAssetUrl><string value="http://0103.static.prezi.com.s3.amazonaws.com/media/f/d/7/e4820c0dae288c033a57589c4371e8b6701e4.png"/></onlineAssetUrl><assetSourceFilename><string value="33.png"/></assetSourceFilename><width><double value="2893"/></width><height><double value="3815"/></height><localToWorld><transform2D x="39692.70408824212" y="-13090.189089351445" scale="0.21700939239645273" rotation="1.7785426486835452"/></localToWorld></zImage><zImage><id><string value="15_120686956"/></id><onlineAssetId><string value="5052804360"/></onlineAssetId><onlineAssetUrl><string value="http://0103.static.prezi.com.s3.amazonaws.com/media/e/2/7/b3eb7479b6a9f1541a23dd205a4afed069df0.png"/></onlineAssetUrl><assetSourceFilename><string value="screen.png"/></assetSourceFilename><width><double value="2928"/></width><height><double value="1856"/></height><localToWorld><transform2D x="10360.511346840474" y="-15760.827330618366" scale="0.2394739366374095" rotation="-1.402557244610061"/></localToWorld></zImage><zImage><id><string value="8"/></id><onlineAssetId><string value="5052749174"/></onlineAssetId><onlineAssetUrl><string value="http://0103.static.prezi.com.s3.amazonaws.com/media/d/c/7/8c6770ef9815bec5e379cc0e99d5535332ac4.png"/></onlineAssetUrl><assetSourceFilename><string value="1.png"/></assetSourceFilename><width><double value="1499"/></width><height><double value="1499"/></height><localToWorld><transform2D x="28598.489661419848" y="-15378.620224028564" scale="13.923878765369558" rotation="0"/></localToWorld></zImage><zImage><id><string value="6"/></id><onlineAssetId><string value="5052749168"/></onlineAssetId><onlineAssetUrl><string value="http://0103.static.prezi.com.s3.amazonaws.com/media/6/7/6/e92d6d374622924ac4e9766fa3b2319e7f7c3.png"/></onlineAssetUrl><assetSourceFilename><string value="logo.png"/></assetSourceFilename><width><double value="655"/></width><height><double value="872"/></height><localToWorld><transform2D x="28595.90963004751" y="-15378.079419878706" scale="15.256189304857084" rotation="0"/></localToWorld></zImage><zImage><id><string value="16_120686956"/></id><onlineAssetId><string value="5052806349"/></onlineAssetId><onlineAssetUrl><string value="http://0103.static.prezi.com.s3.amazonaws.com/media/3/4/4/104007880e6385116b4863cc7d6da34e15a68.jpg"/></onlineAssetUrl><assetSourceFilename><string value="photo_2018-12-09_14-28-06.jpg"/></assetSourceFilename><width><double value="941"/></width><height><double value="627"/></height><localToWorld><transform2D x="20879.45559003571" y="-7724.086189503983" scale="1.229090754223202" rotation="-2.379302142881369"/></localToWorld></zImage><zImage><id><string value="17_120686956"/></id><onlineAssetId><string value="5052807465"/></onlineAssetId><onlineAssetUrl><string value="http://0103.static.prezi.com.s3.amazonaws.com/media/4/4/0/6c09648537576a32889dec3f1709b2f0729ca.png"/></onlineAssetUrl><assetSourceFilename><string value="791534.png"/></assetSourceFilename><width><double value="4339"/></width><height><double value="2899"/></height><localToWorld><transform2D x="33604.617391606334" y="-25624.45942776151" scale="0.11344532070413917" rotation="0.4218141246060226"/></localToWorld></zImage><zImage><id><string value="18_120686956"/></id><onlineAssetId><string value="5052808127"/></onlineAssetId><onlineAssetUrl><string value="http://0103.static.prezi.com.s3.amazonaws.com/media/c/1/8/69fdb04613e58c02b203d7a9898ab7c5e13bc.jpg"/></onlineAssetUrl><assetSourceFilename><string value="photo_2018-12-09_12-41-16.jpg"/></assetSourceFilename><width><double value="380"/></width><height><double value="250"/></height><localToWorld><transform2D x="32405.25" y="-26103.7" scale="0.2320776174974738" rotation="0.4218141246060223"/></localToWorld></zImage><zCircleFrame><id><string value="19_120686956"/></id><width><double value="800"/></width><height><double value="800"/></height><styleClasses><array><token value="circle"/></array></styleClasses><localToWorld><transform2D x="36832.66572337057" y="-29004.010313238196" scale="1.1811350943592125" rotation="0.5566637658814764"/></localToWorld></zCircleFrame><zCircleFrame><id><string value="20_120686956"/></id><width><double value="800"/></width><height><double value="800"/></height><styleClasses><array><token value="circle"/></array></styleClasses><localToWorld><transform2D x="37536.13936449397" y="-27892.96234406152" scale="1.1811350943592125" rotation="0.5566637658814764"/></localToWorld></zCircleFrame><zCircleFrame><id><string value="21_120686956"/></id><width><double value="800"/></width><height><double value="800"/></height><styleClasses><array><token value="circle"/></array></styleClasses><localToWorld><transform2D x="38784.12739524859" y="-27595.834869004168" scale="1.1811350943592125" rotation="0.5566637658814764"/></localToWorld></zCircleFrame><zImage><id><string value="5_120686956"/></id><onlineAssetId><string value="5052814713"/></onlineAssetId><onlineAssetUrl><string value="http://0103.static.prezi.com.s3.amazonaws.com/media/3/a/e/6bdefbbf481d87a259a7fa3ad79ca8290d087.png"/></onlineAssetUrl><assetSourceFilename><string value="20181209_124620.png"/></assetSourceFilename><width><double value="16801"/></width><height><double value="8167"/></height><localToWorld><transform2D x="37622.600000000006" y="-27839.1" scale="0.06406425110417019" rotation="0.5566637658814764"/></localToWorld></zImage><zImage><id><string value="6_120686956"/></id><onlineAssetId><string value="5052815002"/></onlineAssetId><onlineAssetUrl><string value="http://0103.static.prezi.com.s3.amazonaws.com/media/9/4/d/e28e98a748489baa7d7dcfcca7893e269cabc.png"/></onlineAssetUrl><assetSourceFilename><string value="20181209_112942.png"/></assetSourceFilename><width><double value="16801"/></width><height><double value="8168"/></height><localToWorld><transform2D x="36912.850000000006" y="-28954" scale="0.06406243059965945" rotation="0.5566637658814764"/></localToWorld></zImage><zImage><id><string value="7_120686956"/></id><onlineAssetId><string value="5052815670"/></onlineAssetId><onlineAssetUrl><string value="http://0103.static.prezi.com.s3.amazonaws.com/media/a/0/1/6dd8756b0ba970c751d4eac645a2b31ae668b.png"/></onlineAssetUrl><assetSourceFilename><string value="20181209_113653.png"/></assetSourceFilename><width><double value="16800"/></width><height><double value="8168"/></height><localToWorld><transform2D x="38863.75" y="-27533.2" scale="0.07550911385822032" rotation="0.5566637658814766"/></localToWorld></zImage><zText><id><string value="85"/></id><text><text><width>-175.8515625</width><p><span><![CDATA[ФИНАНСОВАЯ]]></span></p><p align="center"><span><![CDATA[МОДЕЛЬ]]></span></p></text></text><styleClasses><array><token value="title"/></array></styleClasses><localToWorld><transform2D x="36571.95" y="-587.35" scale="4.073923332160515" rotation="2.4252662664564975"/></localToWorld></zText><zVideo><id><string value="11_120686956"/></id><videoType><string value="video"/></videoType><onlineAssetId><string value="5052818570"/></onlineAssetId><onlineAssetUrl><string value="http://0103.static.prezi.com.s3.amazonaws.com/converted/b/6/6/d361d19097e07c767c6f5102d890ca6abdad9.mp4"/></onlineAssetUrl><localToWorld><transform2D x="11198.1" y="-20753.7" scale="1.3776862577183413" rotation="-1.402557244610061"/></localToWorld></zVideo><zImage><id><string value="0_120686956"/></id><onlineAssetId><string value="5052822713"/></onlineAssetId><onlineAssetUrl><string value="http://0103.static.prezi.com.s3.amazonaws.com/media/f/c/e/c0561a11cfde402fc4483a84166932b186fce.jpg"/></onlineAssetUrl><assetSourceFilename><string value="photo_2018-12-09_15-20-55.jpg"/></assetSourceFilename><width><double value="450"/></width><height><double value="278"/></height><localToWorld><transform2D x="32468.05" y="-26247.15" scale="0.18768636092100457" rotation="0.4218141246060227"/></localToWorld></zImage></array></zObjects></prezi>