<prezi xsi:schemaLocation="http://prezi.com/schema/prezi/2 http://prezi.com/schema/prezi/2" xmlns:xsi="http://www.w3.org/2001/XMLSchema-instance" version="2" xmlns="http://prezi.com/schema/prezi/2"><xFields><xField name="preziType"><xEnum type="PreziType" value="converted-from-core"/></xField></xFields><documentStyle><documentStyle><fontClasses><array><fontClass><fontFamily><string value="Arimo"/></fontFamily><name><string value="body"/></name></fontClass><fontClass><fontFamily><string value="Arimo"/></fontFamily><fontWeight><fontWeight value="bold"/></fontWeight><name><string value="head"/></name></fontClass><fontClass><fontFamily><string value="Arimo"/></fontFamily><fontStyle><fontStyle value="italic"/></fontStyle><fontWeight><fontWeight value="bold"/></fontWeight><name><string value="strong"/></name></fontClass></array></fontClasses><fontFamilies><array><fontFamily><fontFaces><array><fontFace><fontSrc><string value="Arimo-Regular.keg"/></fontSrc></fontFace><fontFace><fontSrc><string value="Arimo-Bold.keg"/></fontSrc><fontWeight><fontWeight value="bold"/></fontWeight></fontFace><fontFace><fontSrc><string value="Arimo-BoldItalic.keg"/></fontSrc><fontStyle><fontStyle value="italic"/></fontStyle><fontWeight><fontWeight value="bold"/></fontWeight></fontFace><fontFace><fontSrc><string value="Arimo-Italic.keg"/></fontSrc><fontStyle><fontStyle value="italic"/></fontStyle></fontFace></array></fontFaces><name><string value="Arimo"/></name></fontFamily></array></fontFamilies><styleDeclarations><array><styleDeclaration><styleBlock><styleBlock><gradEndAlpha><double value="0.7"/></gradEndAlpha><gradStartAlpha><double value="0.5"/></gradStartAlpha></styleBlock></styleBlock><styleSelector><simpleSelector value="zCircle"/></styleSelector></styleDeclaration><styleDeclaration><styleBlock><styleBlock><color><color value="#C7C7C4"/></color><gradEndColor><color value="#C7C7C4"/></gradEndColor><gradStartColor><color value="#C7C7C4"/></gradStartColor><fillType><fillType value="linear"/></fillType></styleBlock></styleBlock><styleSelector><simpleSelector value="*.line1"/></styleSelector></styleDeclaration><styleDeclaration><styleBlock><styleBlock><color><color value="#555555"/></color><gradEndColor><color value="#555555"/></gradEndColor><gradStartColor><color value="#888888"/></gradStartColor><fillType><fillType value="linear"/></fillType></styleBlock></styleBlock><styleSelector><simpleSelector value="*.line2"/></styleSelector></styleDeclaration><styleDeclaration><styleBlock><styleBlock><color><color value="#5374EC"/></color><gradEndColor><color value="#5374EC"/></gradEndColor><gradStartColor><color value="#5374EC"/></gradStartColor><fillType><fillType value="linear"/></fillType></styleBlock></styleBlock><styleSelector><simpleSelector value="*.line3"/></styleSelector></styleDeclaration><styleDeclaration><styleBlock><styleBlock><color><color value="#66E186"/></color><gradEndColor><color value="#66E186"/></gradEndColor><gradStartColor><color value="#66E186"/></gradStartColor><fillType><fillType value="linear"/></fillType></styleBlock></styleBlock><styleSelector><simpleSelector value="*.line4"/></styleSelector></styleDeclaration><styleDeclaration><styleBlock><styleBlock><color><color value="#FA5151"/></color><gradEndColor><color value="#FA5151"/></gradEndColor><gradStartColor><color value="#FA5151"/></gradStartColor><fillType><fillType value="linear"/></fillType></styleBlock></styleBlock><styleSelector><simpleSelector value="*.line5"/></styleSelector></styleDeclaration><styleDeclaration><styleBlock><styleBlock><color><color value="#FFFFFF"/></color><gradEndColor><color value="#C7C7C4"/></gradEndColor><gradStartColor><color value="#C7C7C4"/></gradStartColor><fillType><fillType value="linear"/></fillType></styleBlock></styleBlock><styleSelector><simpleSelector value="*.poly1"/></styleSelector></styleDeclaration><styleDeclaration><styleBlock><styleBlock><color><color value="#FFFFFF"/></color><gradEndColor><color value="#000000"/></gradEndColor><gradStartColor><color value="#333333"/></gradStartColor><fillType><fillType value="linear"/></fillType></styleBlock></styleBlock><styleSelector><simpleSelector value="*.poly2"/></styleSelector></styleDeclaration><styleDeclaration><styleBlock><styleBlock><color><color value="#FFFFFF"/></color><gradEndColor><color value="#5374EC"/></gradEndColor><gradStartColor><color value="#5374EC"/></gradStartColor><fillType><fillType value="linear"/></fillType></styleBlock></styleBlock><styleSelector><simpleSelector value="*.poly3"/></styleSelector></styleDeclaration><styleDeclaration><styleBlock><styleBlock><color><color value="#FFFFFF"/></color><gradEndColor><color value="#66E186"/></gradEndColor><gradStartColor><color value="#66E186"/></gradStartColor><fillType><fillType value="linear"/></fillType></styleBlock></styleBlock><styleSelector><simpleSelector value="*.poly4"/></styleSelector></styleDeclaration><styleDeclaration><styleBlock><styleBlock><color><color value="#FFFFFF"/></color><gradEndColor><color value="#FA5151"/></gradEndColor><gradStartColor><color value="#FA5151"/></gradStartColor><fillType><fillType value="linear"/></fillType></styleBlock></styleBlock><styleSelector><simpleSelector value="*.poly5"/></styleSelector></styleDeclaration><styleDeclaration><styleBlock><styleBlock><gradEndColor><color value="#FFFFFF"/></gradEndColor><gradStartColor><color value="#FFFFFF"/></gradStartColor><fillType><fillType value="linear"/></fillType></styleBlock></styleBlock><styleSelector><simpleSelector value="background"/></styleSelector></styleDeclaration><styleDeclaration><styleBlock><styleBlock><gradEndAlpha><double value="1"/></gradEndAlpha><gradEndColor><color value="#FFFFFF"/></gradEndColor><gradStartAlpha><double value="1"/></gradStartAlpha><gradStartColor><color value="#FFFFFF"/></gradStartColor><fillType><fillType value="linear"/></fillType><borderAlpha><double value="0"/></borderAlpha><borderThickness><double value="0"/></borderThickness><thickness><double value="10"/></thickness></styleBlock></styleBlock><styleSelector><simpleSelector value="zArrow"/></styleSelector></styleDeclaration><styleDeclaration><styleBlock><styleBlock><gradEndAlpha><double value="1"/></gradEndAlpha><gradStartAlpha><double value="1"/></gradStartAlpha><borderAlpha><double value="0"/></borderAlpha><radius><double value="0"/></radius><thickness><double value="100"/></thickness></styleBlock></styleBlock><styleSelector><simpleSelector value="zCircle"/></styleSelector></styleDeclaration><styleDeclaration><styleBlock><styleBlock><color><color value="#FFFFFF"/></color></styleBlock></styleBlock><styleSelector><simpleSelector value="zPencil"/></styleSelector></styleDeclaration><styleDeclaration><styleBlock><styleBlock><gradEndAlpha><double value="1"/></gradEndAlpha><gradEndColor><color value="#318BFF"/></gradEndColor><gradStartAlpha><double value="1"/></gradStartAlpha><gradStartColor><color value="#318BFF"/></gradStartColor><fillType><fillType value="linear"/></fillType><borderAlpha><double value="0"/></borderAlpha><borderColor><color value="#318BFF"/></borderColor><borderThickness><double value="0"/></borderThickness><padding><double value="1.03"/></padding><thickness><double value="3"/></thickness></styleBlock></styleBlock><styleSelector><simpleSelector value="zBracketFrame"/></styleSelector></styleDeclaration><styleDeclaration><styleBlock><styleBlock><gradEndAlpha><double value="1"/></gradEndAlpha><gradEndColor><color value="#318BFF"/></gradEndColor><gradStartAlpha><double value="1"/></gradStartAlpha><gradStartColor><color value="#318BFF"/></gradStartColor><fillType><fillType value="linear"/></fillType><borderAlpha><double value="0"/></borderAlpha><borderColor><color value="#333333"/></borderColor><borderThickness><double value="3"/></borderThickness><padding><double value="1.03"/></padding><thickness><double value="3"/></thickness></styleBlock></styleBlock><styleSelector><simpleSelector value="zCircleFrame"/></styleSelector></styleDeclaration><styleDeclaration><styleBlock><styleBlock><gradEndAlpha><double value="0.2"/></gradEndAlpha><gradEndColor><color value="#318BFF"/></gradEndColor><gradStartAlpha><double value="0"/></gradStartAlpha><gradStartColor><color value="#318BFF"/></gradStartColor><fillType><fillType value="linear"/></fillType><borderAlpha><double value="1"/></borderAlpha><borderColor><color value="#318BFF"/></borderColor><borderThickness><double value="10"/></borderThickness><padding><double value="1.03"/></padding><radius><double value="1"/></radius><thickness><double value="3"/></thickness></styleBlock></styleBlock><styleSelector><simpleSelector value="zRectangleFrame"/></styleSelector></styleDeclaration><styleDeclaration><styleBlock><styleBlock><padding><double value="1.2"/></padding></styleBlock></styleBlock><styleSelector><simpleSelector value="zText"/></styleSelector></styleDeclaration><styleDeclaration><styleBlock><styleBlock><color><color value="#333333"/></color><fontClass><string value="body"/></fontClass></styleBlock></styleBlock><styleSelector><simpleSelector value="zText.body"/></styleSelector></styleDeclaration><styleDeclaration><styleBlock><styleBlock><backgroundAlpha><double value="0.9"/></backgroundAlpha><backgroundColor><color value="#E4E4DD"/></backgroundColor><backgroundPadding><double value="6"/></backgroundPadding></styleBlock></styleBlock><styleSelector><simpleSelector value="zText.body-background"/></styleSelector></styleDeclaration><styleDeclaration><styleBlock><styleBlock><color><color value="#333333"/></color><fontClass><string value="head"/></fontClass></styleBlock></styleBlock><styleSelector><simpleSelector value="zText.title"/></styleSelector></styleDeclaration><styleDeclaration><styleBlock><styleBlock><backgroundAlpha><double value="0.9"/></backgroundAlpha><backgroundColor><color value="#F6F1A6"/></backgroundColor><backgroundPadding><double value="6"/></backgroundPadding></styleBlock></styleBlock><styleSelector><simpleSelector value="zText.title-background"/></styleSelector></styleDeclaration><styleDeclaration><styleBlock><styleBlock><color><color value="#333333"/></color><fontClass><string value="strong"/></fontClass></styleBlock></styleBlock><styleSelector><simpleSelector value="zText.subtitle"/></styleSelector></styleDeclaration><styleDeclaration><styleBlock><styleBlock><backgroundAlpha><double value="0.9"/></backgroundAlpha><backgroundColor><color value="#D3E2EE"/></backgroundColor><backgroundPadding><double value="6"/></backgroundPadding></styleBlock></styleBlock><styleSelector><simpleSelector value="zText.subtitle-background"/></styleSelector></styleDeclaration><styleDeclaration><styleBlock><styleBlock><color><color value="#FFFFFF"/></color></styleBlock></styleBlock><styleSelector><simpleSelector value="zLine"/></styleSelector></styleDeclaration><styleDeclaration><styleBlock><styleBlock><color><color value="#F0EA82"/></color><alpha><double value="0.65"/></alpha></styleBlock></styleBlock><styleSelector><simpleSelector value="zMarker"/></styleSelector></styleDeclaration><styleDeclaration><styleBlock><styleBlock><gradEndAlpha><double value="1"/></gradEndAlpha><gradStartAlpha><double value="1"/></gradStartAlpha><borderAlpha><double value="0"/></borderAlpha><radius><double value="0"/></radius><thickness><double value="100"/></thickness></styleBlock></styleBlock><styleSelector><simpleSelector value="zTriangle"/></styleSelector></styleDeclaration><styleDeclaration><styleBlock><styleBlock><gradEndAlpha><double value="1"/></gradEndAlpha><gradStartAlpha><double value="1"/></gradStartAlpha><borderAlpha><double value="0"/></borderAlpha><radius><double value="0"/></radius><thickness><double value="100"/></thickness></styleBlock></styleBlock><styleSelector><simpleSelector value="zSquare"/></styleSelector></styleDeclaration></array></styleDeclarations></documentStyle></documentStyle><path><array><flyToObject><target><ref value="2_120686956"/></target></flyToObject><flyToObject><target><ref value="19_120686956"/></target></flyToObject><flyToObject><target><ref value="32_120686956"/></target></flyToObject><flyToObject><target><ref value="20_120686956"/></target></flyToObject><flyToObject><target><ref value="21_120686956"/></target></flyToObject><flyToObject><target><ref value="22_120686956"/></target></flyToObject><flyToObject><target><ref value="23_120686956"/></target></flyToObject><flyToObject><target><ref value="24_120686956"/></target></flyToObject><flyToObject><target><ref value="3_120686956"/></target></flyToObject><flyToObject><target><ref value="14_120686956"/></target></flyToObject><flyToObject><target><ref value="18_120686956"/></target></flyToObject><flyToObject><target><ref value="16_120686956"/></target></flyToObject><flyToObject><target><ref value="5_120686956"/></target></flyToObject><flyToObject><target><ref value="4_120686956"/></target></flyToObject><flyToObject><target><ref value="10_120686956"/></target></flyToObject><flyToObject><target><ref value="11_120686956"/></target></flyToObject><flyToObject><target><ref value="6_120686956"/></target></flyToObject><flyToObject><target><ref value="13_120686956"/></target></flyToObject><flyToObject><target><ref value="12_120686956"/></target></flyToObject><flyToObject><target><ref value="2_120686956"/></target></flyToObject></array></path><zObjects><array><zImage><id><string value="1_120686956"/></id><onlineAssetId><string value="5163539638"/></onlineAssetId><onlineAssetUrl><string value="http://0103.static.prezi.com.s3.amazonaws.com/media/b/5/3/e0209eb64c50566fb3ed50c2ef1db103bdfa1.png"/></onlineAssetUrl><assetSourceFilename><string value="first_background1.png"/></assetSourceFilename><width><double value="14154"/></width><height><double value="6148"/></height><localToWorld><transform2D x="1.8130841569492315E-12" y="1.3598131177119237E-12" scale="5.980521338106379" rotation="0"/></localToWorld></zImage><zInvisibleFrame><id><string value="2_120686956"/></id><width><double value="817.5946350097656"/></width><height><double value="442.3245070870316"/></height><styleClasses><array><token value="invisible"/></array></styleClasses><localToWorld><transform2D x="-12223.986029984862" y="-3936.6970408450024" scale="61.496790345630856" rotation="0"/></localToWorld></zInvisibleFrame><zInvisibleFrame><id><string value="3_120686956"/></id><width><double value="852.6568359375"/></width><height><double value="346.3029986816738"/></height><styleClasses><array><token value="invisible"/></array></styleClasses><localToWorld><transform2D x="-23203.521896920232" y="-6674.487666342327" scale="9.119959857754203" rotation="0"/></localToWorld></zInvisibleFrame><zInvisibleFrame><id><string value="4_120686956"/></id><width><double value="1332.657322288821"/></width><height><double value="1555.7393285156152"/></height><styleClasses><array><token value="invisible"/></array></styleClasses><localToWorld><transform2D x="-11086.186580191526" y="3942.2027458939265" scale="1.9935071127021262" rotation="0"/></localToWorld></zInvisibleFrame><zInvisibleFrame><id><string value="5_120686956"/></id><width><double value="760.6851619115125"/></width><height><double value="753.8614695113205"/></height><styleClasses><array><token value="invisible"/></array></styleClasses><localToWorld><transform2D x="-1998.5355307174952" y="5176.787739819307" scale="6.3968544545377695" rotation="0"/></localToWorld></zInvisibleFrame><zInvisibleFrame><id><string value="6_120686956"/></id><width><double value="719.432584270189"/></width><height><double value="418.60325761065263"/></height><styleClasses><array><token value="invisible"/></array></styleClasses><localToWorld><transform2D x="-3963.42074252577" y="-14576.2214124181" scale="9.119959857754203" rotation="0"/></localToWorld></zInvisibleFrame><zVideo><id><string value="10_120686956"/></id><videoType><string value="video"/></videoType><onlineAssetId><string value="5163541665"/></onlineAssetId><onlineAssetUrl><string value="http://0103.static.prezi.com.s3.amazonaws.com/converted/f/4/f/decf1c2b460fc18324b356df478bc4d0b27f7.mp4"/></onlineAssetUrl><localToWorld><transform2D x="-11907.716360947976" y="3561.3007814867146" scale="1.0823870447893233" rotation="0"/></localToWorld></zVideo><zVideo><id><string value="11_120686956"/></id><videoType><string value="video"/></videoType><onlineAssetId><string value="5163541791"/></onlineAssetId><onlineAssetUrl><string value="http://0103.static.prezi.com.s3.amazonaws.com/converted/5/6/7/dfed8e0fd253d9c4b97dff897b09d46206b41.mp4"/></onlineAssetUrl><localToWorld><transform2D x="-11871.035830074254" y="3939.369405410673" scale="1.2732449415643892" rotation="0"/></localToWorld></zVideo><zInvisibleFrame><id><string value="12_120686956"/></id><width><double value="719.432584270189"/></width><height><double value="418.60325761065263"/></height><styleClasses><array><token value="invisible"/></array></styleClasses><localToWorld><transform2D x="7134.861631716547" y="-13250.84177813103" scale="9.119959857754203" rotation="0"/></localToWorld></zInvisibleFrame><zInvisibleFrame><id><string value="13_120686956"/></id><width><double value="719.432584270189"/></width><height><double value="564.019750757191"/></height><styleClasses><array><token value="invisible"/></array></styleClasses><localToWorld><transform2D x="8310.731802143895" y="-753.6892149214902" scale="9.119959857754203" rotation="0"/></localToWorld></zInvisibleFrame><zInvisibleFrame><id><string value="14_120686956"/></id><width><double value="345.74899567089335"/></width><height><double value="438.34338439347783"/></height><styleClasses><array><token value="invisible"/></array></styleClasses><localToWorld><transform2D x="-17072.36133213675" y="-6037.521728507572" scale="9.119959857754203" rotation="0"/></localToWorld></zInvisibleFrame><zInvisibleFrame><id><string value="16_120686956"/></id><width><double value="1211.4759622286797"/></width><height><double value="767.5880214604417"/></height><styleClasses><array><token value="invisible"/></array></styleClasses><localToWorld><transform2D x="-7403.600618142219" y="-1381.7918719416039" scale="10.810859889906226" rotation="0"/></localToWorld></zInvisibleFrame><zImage><id><string value="17_120686956"/></id><onlineAssetId><string value="5163549665"/></onlineAssetId><onlineAssetUrl><string value="http://0103.static.prezi.com.s3.amazonaws.com/media/c/e/7/40939586076398d2e512a4bbd7ce9674320f4.png"/></onlineAssetUrl><assetSourceFilename><string value="111.png"/></assetSourceFilename><width><double value="3935"/></width><height><double value="3797"/></height><localToWorld><transform2D x="-24304.838718064322" y="-1055.4623408201392" scale="1.4221426366101266" rotation="0"/></localToWorld></zImage><zInvisibleFrame><id><string value="18_120686956"/></id><width><double value="790.4080714536527"/></width><height><double value="576.8935642257818"/></height><styleClasses><array><token value="invisible"/></array></styleClasses><localToWorld><transform2D x="-11953.866967858708" y="-6470.773041528479" scale="9.119959857754203" rotation="0"/></localToWorld></zInvisibleFrame><zInvisibleFrame><id><string value="19_120686956"/></id><width><double value="987.0805766417052"/></width><height><double value="697.4898452317066"/></height><styleClasses><array><token value="invisible"/></array></styleClasses><localToWorld><transform2D x="-29532.892026730482" y="-1475.2674388885225" scale="12.159946477005606" rotation="0"/></localToWorld></zInvisibleFrame><zInvisibleFrame><id><string value="20_120686956"/></id><width><double value="3323.0554139169544"/></width><height><double value="2762.0359230062004"/></height><styleClasses><array><token value="invisible"/></array></styleClasses><localToWorld><transform2D x="-25452.34326085158" y="-2691.1713280118684" scale="0.45230838700387266" rotation="0"/></localToWorld></zInvisibleFrame><zInvisibleFrame><id><string value="21_120686956"/></id><width><double value="579.8418778098031"/></width><height><double value="875.4324261063982"/></height><styleClasses><array><token value="invisible"/></array></styleClasses><localToWorld><transform2D x="-24076.22019516939" y="-2592.162311903302" scale="1.1358729054704384" rotation="0"/></localToWorld></zInvisibleFrame><zInvisibleFrame><id><string value="22_120686956"/></id><width><double value="2122.2920979701757"/></width><height><double value="1167.7289185666968"/></height><styleClasses><array><token value="invisible"/></array></styleClasses><localToWorld><transform2D x="-24903.857667126118" y="-2673.6733485936747" scale="1.1358729054704384" rotation="0"/></localToWorld></zInvisibleFrame><zInvisibleFrame><id><string value="23_120686956"/></id><width><double value="2285.0475215067218"/></width><height><double value="2306.1195187295334"/></height><styleClasses><array><token value="invisible"/></array></styleClasses><localToWorld><transform2D x="-24946.98141288305" y="-1922.0590427474215" scale="1.1358729054704384" rotation="0"/></localToWorld></zInvisibleFrame><zInvisibleFrame><id><string value="24_120686956"/></id><width><double value="1791.6666650704665"/></width><height><double value="893.6461626311069"/></height><styleClasses><array><token value="invisible"/></array></styleClasses><localToWorld><transform2D x="-23274.151468020686" y="-2586.1041072827134" scale="1.1358729054704384" rotation="0"/></localToWorld></zInvisibleFrame><zImage><id><string value="25_120686956"/></id><onlineAssetId><string value="5163557433"/></onlineAssetId><onlineAssetUrl><string value="http://0103.static.prezi.com.s3.amazonaws.com/media/7/0/e/23570f03354868a4066b7bfc5a4b8ad53ac58.png"/></onlineAssetUrl><assetSourceFilename><string value="Безымянный-2.png"/></assetSourceFilename><width><double value="1387"/></width><height><double value="830"/></height><localToWorld><transform2D x="-5612.121223679023" y="-14188.687199301747" scale="1.740172935562886" rotation="0"/></localToWorld></zImage><zImage><id><string value="27_120686956"/></id><onlineAssetId><string value="5163557433"/></onlineAssetId><onlineAssetUrl><string value="http://0103.static.prezi.com.s3.amazonaws.com/media/7/0/e/23570f03354868a4066b7bfc5a4b8ad53ac58.png"/></onlineAssetUrl><assetSourceFilename><string value="Безымянный-2.png"/></assetSourceFilename><width><double value="1387"/></width><height><double value="830"/></height><localToWorld><transform2D x="-3584.724490060961" y="-14188.986225368653" scale="1.740172935562886" rotation="0"/></localToWorld></zImage><zImage><id><string value="28_120686956"/></id><onlineAssetId><string value="5163557433"/></onlineAssetId><onlineAssetUrl><string value="http://0103.static.prezi.com.s3.amazonaws.com/media/7/0/e/23570f03354868a4066b7bfc5a4b8ad53ac58.png"/></onlineAssetUrl><assetSourceFilename><string value="Безымянный-2.png"/></assetSourceFilename><width><double value="1387"/></width><height><double value="830"/></height><localToWorld><transform2D x="-2428.7893907606326" y="-14428.306754248542" scale="1.740172935562886" rotation="0"/></localToWorld></zImage><zText><id><string value="26_120686956"/></id><text><text><width>-867.6328125</width><p><span color="15478355"><![CDATA[Include machine learning to optimize handing over and charge stations’ localiztion]]></span></p><p><span color="15478355"><![CDATA[Implement smart pricing mechanism to encourage optimal behavior]]></span></p><p><span color="15478355"><![CDATA[Develop a service for preparing private vehicles for rent]]></span></p><p/></text></text><styleClasses><array><token value="body"/></array></styleClasses><localToWorld><transform2D x="-4084.596398571019" y="-14214.204090344336" scale="6.407711833471522" rotation="0"/></localToWorld></zText><zImage><id><string value="30_120686956"/></id><onlineAssetId><string value="5163558773"/></onlineAssetId><onlineAssetUrl><string value="http://0103.static.prezi.com.s3.amazonaws.com/media/9/f/f/049af4705fee84a4f708c439cf51722ec634b.png"/></onlineAssetUrl><assetSourceFilename><string value="Безымянный-22.png"/></assetSourceFilename><width><double value="1387"/></width><height><double value="830"/></height><localToWorld><transform2D x="-1980.2502904026542" y="3360.0562384594355" scale="0.6584434373392035" rotation="0"/></localToWorld></zImage><zImage><id><string value="31_120686956"/></id><onlineAssetId><string value="5163558773"/></onlineAssetId><onlineAssetUrl><string value="http://0103.static.prezi.com.s3.amazonaws.com/media/9/f/f/049af4705fee84a4f708c439cf51722ec634b.png"/></onlineAssetUrl><assetSourceFilename><string value="Безымянный-22.png"/></assetSourceFilename><width><double value="1387"/></width><height><double value="830"/></height><localToWorld><transform2D x="-1377.4137395215319" y="3360.15591381507" scale="0.6584434373392035" rotation="0"/></localToWorld></zImage><zText><id><string value="29_120686956"/></id><text><text><width>-69.36328125</width><p><span color="16777215"><![CDATA[Issues]]></span></p></text></text><styleClasses><array><token value="body"/></array></styleClasses><localToWorld><transform2D x="-1673.9479225359732" y="3374.3908005417097" scale="15.94805690161701" rotation="0"/></localToWorld></zText><zInvisibleFrame><id><string value="32_120686956"/></id><width><double value="3595.14273510125"/></width><height><double value="2298.651285132242"/></height><styleClasses><array><token value="invisible"/></array></styleClasses><localToWorld><transform2D x="-24307.732534319603" y="-2056.8499526823794" scale="1.6072162282645457" rotation="0"/></localToWorld></zInvisibleFrame></array></zObjects></prezi>