<prezi xsi:schemaLocation="http://prezi.com/schema/prezi/2 http://prezi.com/schema/prezi/2" xmlns:xsi="http://www.w3.org/2001/XMLSchema-instance" version="2" xmlns="http://prezi.com/schema/prezi/2"><xFields><xField name="preziType"><xEnum type="PreziType" value="converted-from-core"/></xField></xFields><documentStyle><documentStyle><fontClasses><array><fontClass><fontFamily><string value="Arimo"/></fontFamily><name><string value="body"/></name></fontClass><fontClass><fontFamily><string value="Arimo"/></fontFamily><fontWeight><fontWeight value="bold"/></fontWeight><name><string value="head"/></name></fontClass><fontClass><fontFamily><string value="Arimo"/></fontFamily><fontStyle><fontStyle value="italic"/></fontStyle><fontWeight><fontWeight value="bold"/></fontWeight><name><string value="strong"/></name></fontClass></array></fontClasses><fontFamilies><array><fontFamily><fontFaces><array><fontFace><fontSrc><string value="Arimo-Regular.keg"/></fontSrc></fontFace><fontFace><fontSrc><string value="Arimo-Bold.keg"/></fontSrc><fontWeight><fontWeight value="bold"/></fontWeight></fontFace><fontFace><fontSrc><string value="Arimo-BoldItalic.keg"/></fontSrc><fontStyle><fontStyle value="italic"/></fontStyle><fontWeight><fontWeight value="bold"/></fontWeight></fontFace><fontFace><fontSrc><string value="Arimo-Italic.keg"/></fontSrc><fontStyle><fontStyle value="italic"/></fontStyle></fontFace></array></fontFaces><name><string value="Arimo"/></name></fontFamily></array></fontFamilies><styleDeclarations><array><styleDeclaration><styleBlock><styleBlock><gradEndAlpha><double value="0.7"/></gradEndAlpha><gradStartAlpha><double value="0.5"/></gradStartAlpha></styleBlock></styleBlock><styleSelector><simpleSelector value="zCircle"/></styleSelector></styleDeclaration><styleDeclaration><styleBlock><styleBlock><color><color value="#C7C7C4"/></color><gradEndColor><color value="#C7C7C4"/></gradEndColor><gradStartColor><color value="#C7C7C4"/></gradStartColor><fillType><fillType value="linear"/></fillType></styleBlock></styleBlock><styleSelector><simpleSelector value="*.line1"/></styleSelector></styleDeclaration><styleDeclaration><styleBlock><styleBlock><color><color value="#555555"/></color><gradEndColor><color value="#555555"/></gradEndColor><gradStartColor><color value="#888888"/></gradStartColor><fillType><fillType value="linear"/></fillType></styleBlock></styleBlock><styleSelector><simpleSelector value="*.line2"/></styleSelector></styleDeclaration><styleDeclaration><styleBlock><styleBlock><color><color value="#5374EC"/></color><gradEndColor><color value="#5374EC"/></gradEndColor><gradStartColor><color value="#5374EC"/></gradStartColor><fillType><fillType value="linear"/></fillType></styleBlock></styleBlock><styleSelector><simpleSelector value="*.line3"/></styleSelector></styleDeclaration><styleDeclaration><styleBlock><styleBlock><color><color value="#66E186"/></color><gradEndColor><color value="#66E186"/></gradEndColor><gradStartColor><color value="#66E186"/></gradStartColor><fillType><fillType value="linear"/></fillType></styleBlock></styleBlock><styleSelector><simpleSelector value="*.line4"/></styleSelector></styleDeclaration><styleDeclaration><styleBlock><styleBlock><color><color value="#FA5151"/></color><gradEndColor><color value="#FA5151"/></gradEndColor><gradStartColor><color value="#FA5151"/></gradStartColor><fillType><fillType value="linear"/></fillType></styleBlock></styleBlock><styleSelector><simpleSelector value="*.line5"/></styleSelector></styleDeclaration><styleDeclaration><styleBlock><styleBlock><color><color value="#FFFFFF"/></color><gradEndColor><color value="#C7C7C4"/></gradEndColor><gradStartColor><color value="#C7C7C4"/></gradStartColor><fillType><fillType value="linear"/></fillType></styleBlock></styleBlock><styleSelector><simpleSelector value="*.poly1"/></styleSelector></styleDeclaration><styleDeclaration><styleBlock><styleBlock><color><color value="#FFFFFF"/></color><gradEndColor><color value="#000000"/></gradEndColor><gradStartColor><color value="#333333"/></gradStartColor><fillType><fillType value="linear"/></fillType></styleBlock></styleBlock><styleSelector><simpleSelector value="*.poly2"/></styleSelector></styleDeclaration><styleDeclaration><styleBlock><styleBlock><color><color value="#FFFFFF"/></color><gradEndColor><color value="#5374EC"/></gradEndColor><gradStartColor><color value="#5374EC"/></gradStartColor><fillType><fillType value="linear"/></fillType></styleBlock></styleBlock><styleSelector><simpleSelector value="*.poly3"/></styleSelector></styleDeclaration><styleDeclaration><styleBlock><styleBlock><color><color value="#FFFFFF"/></color><gradEndColor><color value="#66E186"/></gradEndColor><gradStartColor><color value="#66E186"/></gradStartColor><fillType><fillType value="linear"/></fillType></styleBlock></styleBlock><styleSelector><simpleSelector value="*.poly4"/></styleSelector></styleDeclaration><styleDeclaration><styleBlock><styleBlock><color><color value="#FFFFFF"/></color><gradEndColor><color value="#FA5151"/></gradEndColor><gradStartColor><color value="#FA5151"/></gradStartColor><fillType><fillType value="linear"/></fillType></styleBlock></styleBlock><styleSelector><simpleSelector value="*.poly5"/></styleSelector></styleDeclaration><styleDeclaration><styleBlock><styleBlock><gradEndColor><color value="#FFFFFF"/></gradEndColor><gradStartColor><color value="#FFFFFF"/></gradStartColor><fillType><fillType value="linear"/></fillType></styleBlock></styleBlock><styleSelector><simpleSelector value="background"/></styleSelector></styleDeclaration><styleDeclaration><styleBlock><styleBlock><gradEndAlpha><double value="1"/></gradEndAlpha><gradEndColor><color value="#FFFFFF"/></gradEndColor><gradStartAlpha><double value="1"/></gradStartAlpha><gradStartColor><color value="#FFFFFF"/></gradStartColor><fillType><fillType value="linear"/></fillType><borderAlpha><double value="0"/></borderAlpha><borderThickness><double value="0"/></borderThickness><thickness><double value="10"/></thickness></styleBlock></styleBlock><styleSelector><simpleSelector value="zArrow"/></styleSelector></styleDeclaration><styleDeclaration><styleBlock><styleBlock><gradEndAlpha><double value="1"/></gradEndAlpha><gradStartAlpha><double value="1"/></gradStartAlpha><borderAlpha><double value="0"/></borderAlpha><radius><double value="0"/></radius><thickness><double value="100"/></thickness></styleBlock></styleBlock><styleSelector><simpleSelector value="zCircle"/></styleSelector></styleDeclaration><styleDeclaration><styleBlock><styleBlock><color><color value="#FFFFFF"/></color></styleBlock></styleBlock><styleSelector><simpleSelector value="zPencil"/></styleSelector></styleDeclaration><styleDeclaration><styleBlock><styleBlock><gradEndAlpha><double value="1"/></gradEndAlpha><gradEndColor><color value="#318BFF"/></gradEndColor><gradStartAlpha><double value="1"/></gradStartAlpha><gradStartColor><color value="#318BFF"/></gradStartColor><fillType><fillType value="linear"/></fillType><borderAlpha><double value="0"/></borderAlpha><borderColor><color value="#318BFF"/></borderColor><borderThickness><double value="0"/></borderThickness><padding><double value="1.03"/></padding><thickness><double value="3"/></thickness></styleBlock></styleBlock><styleSelector><simpleSelector value="zBracketFrame"/></styleSelector></styleDeclaration><styleDeclaration><styleBlock><styleBlock><gradEndAlpha><double value="1"/></gradEndAlpha><gradEndColor><color value="#318BFF"/></gradEndColor><gradStartAlpha><double value="1"/></gradStartAlpha><gradStartColor><color value="#318BFF"/></gradStartColor><fillType><fillType value="linear"/></fillType><borderAlpha><double value="0"/></borderAlpha><borderColor><color value="#333333"/></borderColor><borderThickness><double value="3"/></borderThickness><padding><double value="1.03"/></padding><thickness><double value="3"/></thickness></styleBlock></styleBlock><styleSelector><simpleSelector value="zCircleFrame"/></styleSelector></styleDeclaration><styleDeclaration><styleBlock><styleBlock><gradEndAlpha><double value="0.2"/></gradEndAlpha><gradEndColor><color value="#318BFF"/></gradEndColor><gradStartAlpha><double value="0"/></gradStartAlpha><gradStartColor><color value="#318BFF"/></gradStartColor><fillType><fillType value="linear"/></fillType><borderAlpha><double value="1"/></borderAlpha><borderColor><color value="#318BFF"/></borderColor><borderThickness><double value="10"/></borderThickness><padding><double value="1.03"/></padding><radius><double value="1"/></radius><thickness><double value="3"/></thickness></styleBlock></styleBlock><styleSelector><simpleSelector value="zRectangleFrame"/></styleSelector></styleDeclaration><styleDeclaration><styleBlock><styleBlock><padding><double value="1.2"/></padding></styleBlock></styleBlock><styleSelector><simpleSelector value="zText"/></styleSelector></styleDeclaration><styleDeclaration><styleBlock><styleBlock><color><color value="#333333"/></color><fontClass><string value="body"/></fontClass></styleBlock></styleBlock><styleSelector><simpleSelector value="zText.body"/></styleSelector></styleDeclaration><styleDeclaration><styleBlock><styleBlock><backgroundAlpha><double value="0.9"/></backgroundAlpha><backgroundColor><color value="#E4E4DD"/></backgroundColor><backgroundPadding><double value="6"/></backgroundPadding></styleBlock></styleBlock><styleSelector><simpleSelector value="zText.body-background"/></styleSelector></styleDeclaration><styleDeclaration><styleBlock><styleBlock><color><color value="#333333"/></color><fontClass><string value="head"/></fontClass></styleBlock></styleBlock><styleSelector><simpleSelector value="zText.title"/></styleSelector></styleDeclaration><styleDeclaration><styleBlock><styleBlock><backgroundAlpha><double value="0.9"/></backgroundAlpha><backgroundColor><color value="#F6F1A6"/></backgroundColor><backgroundPadding><double value="6"/></backgroundPadding></styleBlock></styleBlock><styleSelector><simpleSelector value="zText.title-background"/></styleSelector></styleDeclaration><styleDeclaration><styleBlock><styleBlock><color><color value="#333333"/></color><fontClass><string value="strong"/></fontClass></styleBlock></styleBlock><styleSelector><simpleSelector value="zText.subtitle"/></styleSelector></styleDeclaration><styleDeclaration><styleBlock><styleBlock><backgroundAlpha><double value="0.9"/></backgroundAlpha><backgroundColor><color value="#D3E2EE"/></backgroundColor><backgroundPadding><double value="6"/></backgroundPadding></styleBlock></styleBlock><styleSelector><simpleSelector value="zText.subtitle-background"/></styleSelector></styleDeclaration><styleDeclaration><styleBlock><styleBlock><color><color value="#FFFFFF"/></color></styleBlock></styleBlock><styleSelector><simpleSelector value="zLine"/></styleSelector></styleDeclaration><styleDeclaration><styleBlock><styleBlock><color><color value="#F0EA82"/></color><alpha><double value="0.65"/></alpha></styleBlock></styleBlock><styleSelector><simpleSelector value="zMarker"/></styleSelector></styleDeclaration><styleDeclaration><styleBlock><styleBlock><gradEndAlpha><double value="1"/></gradEndAlpha><gradStartAlpha><double value="1"/></gradStartAlpha><borderAlpha><double value="0"/></borderAlpha><radius><double value="0"/></radius><thickness><double value="100"/></thickness></styleBlock></styleBlock><styleSelector><simpleSelector value="zTriangle"/></styleSelector></styleDeclaration><styleDeclaration><styleBlock><styleBlock><gradEndAlpha><double value="1"/></gradEndAlpha><gradStartAlpha><double value="1"/></gradStartAlpha><borderAlpha><double value="0"/></borderAlpha><radius><double value="0"/></radius><thickness><double value="100"/></thickness></styleBlock></styleBlock><styleSelector><simpleSelector value="zSquare"/></styleSelector></styleDeclaration></array></styleDeclarations></documentStyle></documentStyle><path><array><flyToObject><target><ref value="0"/></target></flyToObject><flyToObject><target><ref value="16"/></target></flyToObject><flyToObject><target><ref value="20"/></target></flyToObject><flyToObject><target><ref value="18_120686956"/></target></flyToObject><flyToObject><target><ref value="17"/></target></flyToObject><flyToObject><target><ref value="21"/></target></flyToObject><flyToObject><target><ref value="0_120686956"/></target></flyToObject><flyToObject><target><ref value="18"/></target></flyToObject><flyToObject><target><ref value="73"/></target></flyToObject><flyToObject><target><ref value="8_120686956"/></target></flyToObject><flyToObject><target><ref value="7_120686956"/></target></flyToObject><flyToObject><target><ref value="19"/></target></flyToObject><flyToObject><target><ref value="0"/></target></flyToObject></array></path><zObjects><array><zImage><id><string value="0"/></id><onlineAssetId><string value="3078070072"/></onlineAssetId><onlineAssetUrl><string value="http://0103.static.prezi.com.s3.amazonaws.com/media/f/c/8/f/9/629fc1946abafa0e3ffac7d23fd.png"/></onlineAssetUrl><assetSourceFilename><string value="7.png"/></assetSourceFilename><width><double value="6069"/></width><height><double value="3414"/></height><localToWorld><transform2D x="0" y="-1.9633780035198907E-12" scale="18.19527216257953" rotation="0"/></localToWorld></zImage><zInvisibleFrame><id><string value="19"/></id><width><double value="2074.732591423355"/></width><height><double value="1593.258566938341"/></height><styleClasses><array><token value="invisible"/></array></styleClasses><localToWorld><transform2D x="41349.694019449875" y="-2922.669068715243" scale="6.814179096004542" rotation="0"/></localToWorld></zInvisibleFrame><zImage><id><string value="5"/></id><onlineAssetId><string value="3078081161"/></onlineAssetId><onlineAssetUrl><string value="http://0103.static.prezi.com.s3.amazonaws.com/media/5/9/1/7/5/3f30f70477da92592461ab636c3.png"/></onlineAssetUrl><assetSourceFilename><string value="1.png"/></assetSourceFilename><width><double value="1450"/></width><height><double value="1369"/></height><localToWorld><transform2D x="41350.55752222771" y="-2922.3812344559637" scale="8.264351905884459" rotation="0"/></localToWorld></zImage><zInvisibleFrame><id><string value="18"/></id><width><double value="2074.732591423355"/></width><height><double value="1593.258566938341"/></height><styleClasses><array><token value="invisible"/></array></styleClasses><localToWorld><transform2D x="-2.0148398149485995" y="14059.264394464832" scale="15.590416801496916" rotation="0"/></localToWorld></zInvisibleFrame><zImage><id><string value="4"/></id><onlineAssetId><string value="3078081160"/></onlineAssetId><onlineAssetUrl><string value="http://0103.static.prezi.com.s3.amazonaws.com/media/6/4/5/e/4/ebe49874d97a60eedddf18b89a2.png"/></onlineAssetUrl><assetSourceFilename><string value="5.png"/></assetSourceFilename><width><double value="1556"/></width><height><double value="1992"/></height><localToWorld><transform2D x="-2286.5553557094604" y="14062.718405576175" scale="10.720046652581503" rotation="0"/></localToWorld></zImage><zInvisibleFrame><id><string value="17"/></id><width><double value="2074.732591423355"/></width><height><double value="1593.258566938341"/></height><styleClasses><array><token value="invisible"/></array></styleClasses><localToWorld><transform2D x="-31651.406487315613" y="14059.264394464832" scale="15.532150760433591" rotation="0"/></localToWorld></zInvisibleFrame><zImage><id><string value="7"/></id><onlineAssetId><string value="3078081203"/></onlineAssetId><onlineAssetUrl><string value="http://0103.static.prezi.com.s3.amazonaws.com/media/5/d/9/8/3/4cb0a334abeaf9cd8b9477a22f0.png"/></onlineAssetUrl><assetSourceFilename><string value="4.png"/></assetSourceFilename><width><double value="1963"/></width><height><double value="1992"/></height><localToWorld><transform2D x="-31650.830818797058" y="14062.718405576175" scale="10.720046652581503" rotation="0"/></localToWorld></zImage><zImage><id><string value="8"/></id><onlineAssetId><string value="3078081352"/></onlineAssetId><onlineAssetUrl><string value="http://0103.static.prezi.com.s3.amazonaws.com/media/c/c/a/d/7/4b8fe1d4284815f1301afa1a69f.png"/></onlineAssetUrl><assetSourceFilename><string value="6.png"/></assetSourceFilename><width><double value="2501"/></width><height><double value="2166"/></height><localToWorld><transform2D x="25498.949195234814" y="15910.32651588572" scale="7.848621015986102" rotation="0"/></localToWorld></zImage><zImage><id><string value="11"/></id><onlineAssetId><string value="3078081794"/></onlineAssetId><onlineAssetUrl><string value="http://0103.static.prezi.com.s3.amazonaws.com/media/e/2/7/3/9/568a72f4503b6fe2b71b89ebacb.png"/></onlineAssetUrl><assetSourceFilename><string value="3.png"/></assetSourceFilename><width><double value="2041"/></width><height><double value="1581"/></height><localToWorld><transform2D x="14510.012844495173" y="-12863.313047162117" scale="11.45761566354086" rotation="0"/></localToWorld></zImage><zImage><id><string value="12"/></id><onlineAssetId><string value="3078081977"/></onlineAssetId><onlineAssetUrl><string value="http://0103.static.prezi.com.s3.amazonaws.com/media/2/f/e/4/9/fda36514917b184e401df9e02bf.png"/></onlineAssetUrl><assetSourceFilename><string value="2.png"/></assetSourceFilename><width><double value="2377"/></width><height><double value="1728"/></height><localToWorld><transform2D x="-21732.925746833196" y="-12379.463657314736" scale="9.83802842628813" rotation="0"/></localToWorld></zImage><zImage><id><string value="13"/></id><onlineAssetId><string value="3078089646"/></onlineAssetId><onlineAssetUrl><string value="http://0103.static.prezi.com.s3.amazonaws.com/media/3/8/6/4/4/ec77a8b499bb00f07e4c6d4fd8e.png"/></onlineAssetUrl><assetSourceFilename><string value="8.png"/></assetSourceFilename><width><double value="560"/></width><height><double value="1507"/></height><localToWorld><transform2D x="10602.950609047008" y="17703.246116932325" scale="9.062972442747654" rotation="0"/></localToWorld></zImage><zImage><id><string value="14"/></id><onlineAssetId><string value="3078089646"/></onlineAssetId><onlineAssetUrl><string value="http://0103.static.prezi.com.s3.amazonaws.com/media/3/8/6/4/4/ec77a8b499bb00f07e4c6d4fd8e.png"/></onlineAssetUrl><assetSourceFilename><string value="8.png"/></assetSourceFilename><width><double value="560"/></width><height><double value="1507"/></height><localToWorld><transform2D x="-42647.538694537216" y="-10883.876846102956" scale="9.062972442747654" rotation="0"/></localToWorld></zImage><zText><id><string value="15"/></id><text><text><width>-105.36328125</width><p><span color="1657497"><![CDATA[mokuteki]]></span></p></text></text><styleClasses><array><token value="title"/></array></styleClasses><localToWorld><transform2D x="36736.57434599123" y="-23606.151106218545" scale="248.6762065684103" rotation="0"/></localToWorld></zText><zInvisibleFrame><id><string value="16"/></id><width><double value="2074.732591423355"/></width><height><double value="1593.258566938341"/></height><styleClasses><array><token value="invisible"/></array></styleClasses><localToWorld><transform2D x="-24221.35503731341" y="-14448.13930324495" scale="15.532150760433591" rotation="0"/></localToWorld></zInvisibleFrame><zInvisibleFrame><id><string value="20"/></id><width><double value="2074.732591423355"/></width><height><double value="1230.5638179491443"/></height><styleClasses><array><token value="invisible"/></array></styleClasses><localToWorld><transform2D x="-17037.773309480126" y="-18908.11846897149" scale="2.5026818954587875" rotation="0"/></localToWorld></zInvisibleFrame><zInvisibleFrame><id><string value="21"/></id><width><double value="2074.732591423355"/></width><height><double value="1593.258566938341"/></height><styleClasses><array><token value="invisible"/></array></styleClasses><localToWorld><transform2D x="-31688.249272503286" y="11190.132497975419" scale="2.259553501947433" rotation="0"/></localToWorld></zInvisibleFrame><zText><id><string value="22"/></id><text><text><width>-122.66015625</width><p><span color="1657497"><![CDATA[What`s the]]></span></p></text></text><styleClasses><array><token value="title"/></array></styleClasses><localToWorld><transform2D x="-32604.2227101209" y="-24240.115533113727" scale="86.26200265520727" rotation="0"/></localToWorld></zText><zText><id><string value="23"/></id><text><text><width>-54.703125</width><p><span color="1657497"><![CDATA[key?]]></span></p></text></text><styleClasses><array><token value="title"/></array></styleClasses><localToWorld><transform2D x="-27173.086152321546" y="-21032.95492736373" scale="129.41441763706712" rotation="0"/></localToWorld></zText><zImage><id><string value="30"/></id><onlineAssetId><string value="3078477819"/></onlineAssetId><onlineAssetUrl><string value="http://0103.static.prezi.com.s3.amazonaws.com/media/a/b/c/5/6/01a9cc744b5bd6412339f30c962.png"/></onlineAssetUrl><assetSourceFilename><string value="10.png"/></assetSourceFilename><width><double value="634"/></width><height><double value="1436"/></height><localToWorld><transform2D x="-8169.321266000949" y="8388.325317674477" scale="3.6892011982671082" rotation="0"/></localToWorld></zImage><zImage><id><string value="32"/></id><onlineAssetId><string value="3078477874"/></onlineAssetId><onlineAssetUrl><string value="http://0103.static.prezi.com.s3.amazonaws.com/media/5/1/9/f/a/ef4cdaa484282ad4c76a5738fc9.png"/></onlineAssetUrl><assetSourceFilename><string value="13.png"/></assetSourceFilename><width><double value="634"/></width><height><double value="820"/></height><localToWorld><transform2D x="-2222.3776350451176" y="7266.635209265642" scale="3.6892017563974018" rotation="0"/></localToWorld></zImage><zImage><id><string value="31"/></id><onlineAssetId><string value="3078477873"/></onlineAssetId><onlineAssetUrl><string value="http://0103.static.prezi.com.s3.amazonaws.com/media/a/2/5/f/6/5fff7344fcf89f40664c080a33e.png"/></onlineAssetUrl><assetSourceFilename><string value="15.png"/></assetSourceFilename><width><double value="1726"/></width><height><double value="635"/></height><localToWorld><transform2D x="-6545.936043669464" y="12409.0820855377" scale="3.2145675936689497" rotation="0"/></localToWorld></zImage><zImage><id><string value="34"/></id><onlineAssetId><string value="3078477918"/></onlineAssetId><onlineAssetUrl><string value="http://0103.static.prezi.com.s3.amazonaws.com/media/c/d/2/8/1/c8f1108484fab698f9c63b844f2.png"/></onlineAssetUrl><assetSourceFilename><string value="11.png"/></assetSourceFilename><width><double value="634"/></width><height><double value="674"/></height><localToWorld><transform2D x="-5229.382141728992" y="6990.602154617433" scale="3.689201477332243" rotation="0"/></localToWorld></zImage><zImage><id><string value="33"/></id><onlineAssetId><string value="3078477875"/></onlineAssetId><onlineAssetUrl><string value="http://0103.static.prezi.com.s3.amazonaws.com/media/3/c/c/9/2/124a1f940388990edd3656ac40d.png"/></onlineAssetUrl><assetSourceFilename><string value="12.png"/></assetSourceFilename><width><double value="634"/></width><height><double value="689"/></height><localToWorld><transform2D x="-5233.699655618179" y="9778.564789990272" scale="3.6892023145277872" rotation="0"/></localToWorld></zImage><zImage><id><string value="35"/></id><onlineAssetId><string value="3078477984"/></onlineAssetId><onlineAssetUrl><string value="http://0103.static.prezi.com.s3.amazonaws.com/media/e/e/7/4/4/59667a643548b88c9b54f08366b.png"/></onlineAssetUrl><assetSourceFilename><string value="14.png"/></assetSourceFilename><width><double value="501"/></width><height><double value="502"/></height><localToWorld><transform2D x="-2222.3776350451176" y="10378.411386326949" scale="4.066235592772688" rotation="0"/></localToWorld></zImage><zImage><id><string value="37"/></id><onlineAssetId><string value="3078477819"/></onlineAssetId><onlineAssetUrl><string value="http://0103.static.prezi.com.s3.amazonaws.com/media/a/b/c/5/6/01a9cc744b5bd6412339f30c962.png"/></onlineAssetUrl><assetSourceFilename><string value="10.png"/></assetSourceFilename><width><double value="634"/></width><height><double value="1436"/></height><localToWorld><transform2D x="3706.144603316891" y="8412.79122971316" scale="3.6892009192019892" rotation="0"/></localToWorld></zImage><zImage><id><string value="39"/></id><onlineAssetId><string value="3078477873"/></onlineAssetId><onlineAssetUrl><string value="http://0103.static.prezi.com.s3.amazonaws.com/media/a/2/5/f/6/5fff7344fcf89f40664c080a33e.png"/></onlineAssetUrl><assetSourceFilename><string value="15.png"/></assetSourceFilename><width><double value="1726"/></width><height><double value="635"/></height><localToWorld><transform2D x="2129.676365247819" y="12440.74385405835" scale="3.2145671073448927" rotation="0"/></localToWorld></zImage><zImage><id><string value="40"/></id><onlineAssetId><string value="3078477918"/></onlineAssetId><onlineAssetUrl><string value="http://0103.static.prezi.com.s3.amazonaws.com/media/c/d/2/8/1/c8f1108484fab698f9c63b844f2.png"/></onlineAssetUrl><assetSourceFilename><string value="11.png"/></assetSourceFilename><width><double value="634"/></width><height><double value="674"/></height><localToWorld><transform2D x="781.7485290459745" y="6989.16298332104" scale="3.6892020354625856" rotation="0"/></localToWorld></zImage><zImage><id><string value="41"/></id><onlineAssetId><string value="3078477875"/></onlineAssetId><onlineAssetUrl><string value="http://0103.static.prezi.com.s3.amazonaws.com/media/3/c/c/9/2/124a1f940388990edd3656ac40d.png"/></onlineAssetUrl><assetSourceFilename><string value="12.png"/></assetSourceFilename><width><double value="634"/></width><height><double value="689"/></height><localToWorld><transform2D x="781.7485290459745" y="9779.140458508831" scale="3.689202593593007" rotation="0"/></localToWorld></zImage><zInvisibleFrame><id><string value="73"/></id><width><double value="2587.6772261687547"/></width><height><double value="1616.714614642233"/></height><styleClasses><array><token value="invisible"/></array></styleClasses><localToWorld><transform2D x="-2177.128460179832" y="9205.217164365338" scale="5.781931913321508" rotation="0"/></localToWorld></zInvisibleFrame><zText><id><string value="42"/></id><text><text><width>-154.72265625</width><p align="center"><span><![CDATA[Key partners:]]></span></p></text></text><styleClasses><array><token value="title"/></array></styleClasses><localToWorld><transform2D x="-8123.546299620863" y="6070.986704474023" scale="11.513370371145324" rotation="0"/></localToWorld></zText><zText><id><string value="43"/></id><text><text><width>-161.4140625</width><p align="center"><span><![CDATA[Key activities:]]></span></p></text></text><styleClasses><array><token value="title"/></array></styleClasses><localToWorld><transform2D x="-5229.372822574207" y="6070.698870214744" scale="11.513370371145324" rotation="0"/></localToWorld></zText><zText><id><string value="44"/></id><text><text><width>-173.42578125</width><p align="center"><span><![CDATA[Key resources:]]></span></p></text></text><styleClasses><array><token value="title"/></array></styleClasses><localToWorld><transform2D x="-5233.690336463389" y="8767.993713914815" scale="11.513370371145324" rotation="0"/></localToWorld></zText><zText><id><string value="45"/></id><text><text><width>-153.31640625</width><p align="center"><span><![CDATA[Value]]></span></p><p align="center"><span><![CDATA[propositions:]]></span></p></text></text><styleClasses><array><token value="title"/></array></styleClasses><localToWorld><transform2D x="-2239.350537187763" y="6229.583381336549" scale="11.513370371145324" rotation="0"/></localToWorld></zText><zText><id><string value="46"/></id><text><text><width>-116.015625</width><p align="center"><span><![CDATA[Customer]]></span></p><p align="center"><span><![CDATA[Relations:]]></span></p></text></text><styleClasses><array><token value="title"/></array></styleClasses><localToWorld><transform2D x="781.7578482007673" y="6229.596873567455" scale="11.513370371145324" rotation="0"/></localToWorld></zText><zText><id><string value="47"/></id><text><text><width>-112.03125</width><p align="center"><span><![CDATA[Delivery]]></span></p><p align="center"><span><![CDATA[channels:]]></span></p></text></text><styleClasses><array><token value="title"/></array></styleClasses><localToWorld><transform2D x="736.5678694940224" y="8940.118600963438" scale="11.513370371145324" rotation="0"/></localToWorld></zText><zText><id><string value="48"/></id><text><text><width>-120.03515625</width><p align="center"><span><![CDATA[Consumer]]></span></p><p align="center"><span><![CDATA[segments:]]></span></p></text></text><styleClasses><array><token value="title"/></array></styleClasses><localToWorld><transform2D x="3700.3972372861044" y="6229.295547077271" scale="11.513370371145324" rotation="0"/></localToWorld></zText><zText><id><string value="49"/></id><text><text><width>-172.01953125</width><p><span><![CDATA[Cost structure:]]></span></p></text></text><styleClasses><array><token value="title"/></array></styleClasses><localToWorld><transform2D x="-7930.409511644895" y="11700.174805417153" scale="11.513370371145324" rotation="0"/></localToWorld></zText><zText><id><string value="50"/></id><text><text><width>-222.71484375</width><p><span><![CDATA[Sources of income:]]></span></p></text></text><styleClasses><array><token value="title"/></array></styleClasses><localToWorld><transform2D x="1115.3577547047034" y="11699.009976149133" scale="11.513370371145324" rotation="0"/></localToWorld></zText><zText><id><string value="51"/></id><text><text><width>178.36605466940085</width><p indent="1" listType="bullet"><span><![CDATA[Offices and coworking spaces]]></span></p><p indent="1" listType="bullet"><span><![CDATA[Workflow management software: Trello, Wrike, Slack]]></span></p><p/></text></text><styleClasses><array><token value="body"/></array></styleClasses><localToWorld><transform2D x="-8253.647384814822" y="7895.855908300558" scale="11.513370371145324" rotation="0"/></localToWorld></zText><zText><id><string value="52"/></id><text><text><width>288.1766995060727</width><p indent="1" listType="bullet"><span><![CDATA[Adding new integrations with other services]]></span></p><p indent="1" listType="bullet"><span><![CDATA[Maintaining existing solutions and partners, collecting feedback]]></span></p><p/></text></text><styleClasses><array><token value="body"/></array></styleClasses><localToWorld><transform2D x="-5259.990509344411" y="7134.835618998756" scale="7.550683783533627" rotation="0"/></localToWorld></zText><zText><id><string value="53"/></id><text><text><width>271.9568327329657</width><p indent="1" listType="bullet"><span><![CDATA[UX/UI Designer]]></span></p><p indent="1" listType="bullet"><span><![CDATA[Frontend & Backend Developer]]></span></p><p indent="1" listType="bullet"><span><![CDATA[Tester]]></span></p><p indent="1" listType="bullet"><span><![CDATA[Marketers & PR ]]></span></p><p indent="1" listType="bullet"><span><![CDATA[Business developer]]></span></p><p indent="1" listType="bullet"><span><![CDATA[Managers]]></span></p><p indent="1" listType="bullet"><span><![CDATA[Ambassadors]]></span></p><p/></text></text><styleClasses><array><token value="body"/></array></styleClasses><localToWorld><transform2D x="-5250.357992703624" y="10027.569924749014" scale="7.550683783533627" rotation="0"/></localToWorld></zText><zText><id><string value="54"/></id><text><text><width>295.4078992148682</width><p indent="1" listType="bullet"><span><![CDATA[Organization of the workflow directly in the browser ]]></span></p><p indent="1" listType="bullet"><span><![CDATA[Informing about needing for assistance and stages of work ]]></span></p><p indent="1" listType="bullet"><span><![CDATA[Interactive interaction and Help]]></span></p><p/></text></text><styleClasses><array><token value="body"/></array></styleClasses><localToWorld><transform2D x="-2291.2282349643447" y="7616.958003290466" scale="7.550683783533627" rotation="0"/></localToWorld></zText><zText><id><string value="55"/></id><text><text><width>235.8483510574082</width><p><span><![CDATA[Searching for remote working departments and implementation, maintenance and expansion]]></span></p></text></text><styleClasses><array><token value="body"/></array></styleClasses><localToWorld><transform2D x="832.9923463523672" y="7400.506640312933" scale="8.709866985859145" rotation="0"/></localToWorld></zText><zText><id><string value="56"/></id><text><text><width>232.9747332569711</width><p><span><![CDATA[Google Ads, Specialized resources (McKinsey, Forbes, legal source)]]></span></p></text></text><styleClasses><array><token value="body"/></array></styleClasses><localToWorld><transform2D x="847.2200064389856" y="9936.732854790582" scale="8.709866985859145" rotation="0"/></localToWorld></zText><zText><id><string value="57"/></id><text><text><width>177.04296875</width><p><span><![CDATA[People working remotely]]></span></p></text></text><styleClasses><array><token value="body"/></array></styleClasses><localToWorld><transform2D x="3768.901790994418" y="7050.774523058492" scale="10.58408061661722" rotation="0"/></localToWorld></zText><zInvisibleFrame><id><string value="7_120686956"/></id><width><double value="800"/></width><height><double value="600"/></height><styleClasses><array><token value="invisible"/></array></styleClasses><localToWorld><transform2D x="2129.373846386453" y="15151.428694273161" scale="4.840734074886929" rotation="0"/></localToWorld></zInvisibleFrame><zImage><id><string value="74"/></id><onlineAssetId><string value="3079234042"/></onlineAssetId><onlineAssetUrl><string value="http://0103.static.prezi.com.s3.amazonaws.com/media/a/f/0/4/c/cabddb4498eb94685aa1ab837eb.png"/></onlineAssetUrl><assetSourceFilename><string value="16.png"/></assetSourceFilename><width><double value="783"/></width><height><double value="784"/></height><localToWorld><transform2D x="2151.733151637891" y="15419.244736459445" scale="2.603635789767953" rotation="0"/></localToWorld></zImage><zText><id><string value="58"/></id><text><text><width>583.61015625</width><p indent="1" listType="bullet"><span><![CDATA[Subscription (Interactive interactions, large teams, unlimited spaces)]]></span></p><p indent="1" listType="bullet"><span><![CDATA[Personal - 8$]]></span></p><p indent="1" listType="bullet"><span><![CDATA[Enterprise - 15$]]></span></p><p indent="1" listType="bullet"><span><![CDATA[Advertising]]></span></p><p/></text></text><styleClasses><array><token value="body"/></array></styleClasses><localToWorld><transform2D x="2061.4773964453016" y="12659.526391592837" scale="8.709866985859145" rotation="0"/></localToWorld></zText><zText><id><string value="59"/></id><text><text><width>-274.7578125</width><p align="center"><span><![CDATA[Business Model Canvas]]></span></p></text></text><styleClasses><array><token value="title"/></array></styleClasses><localToWorld><transform2D x="-2240.0344999629283" y="5022.890816720963" scale="28.527960575834076" rotation="0"/></localToWorld></zText><zText><id><string value="60"/></id><text><text><width>566.5525372111631</width><p indent="1" listType="bullet"><span><![CDATA[UX/UI Designer 2200$/month]]></span></p><p indent="1" listType="bullet"><span><![CDATA[Frontend & Backend Developer 4000$/month]]></span></p><p indent="1" listType="bullet"><span><![CDATA[Tester 1700$]]></span></p><p indent="1" listType="bullet"><span><![CDATA[Marketers & PR 1600$/month]]></span></p><p indent="1" listType="bullet"><span><![CDATA[Business developer 2100$/month]]></span></p><p indent="1" listType="bullet"><span><![CDATA[Managers 5500$/month]]></span></p><p/></text></text><styleClasses><array><token value="body"/></array></styleClasses><localToWorld><transform2D x="-7053.954192141463" y="12655.496711962938" scale="7.550683783533627" rotation="0"/></localToWorld></zText><zImage><id><string value="64"/></id><onlineAssetId><string value="3078982401"/></onlineAssetId><onlineAssetUrl><string value="http://0103.static.prezi.com.s3.amazonaws.com/media/2/4/3/e/a/cdef45041b3817d91cf4ee30595.png"/></onlineAssetUrl><assetSourceFilename><string value="77_Монтажная область 1.png"/></assetSourceFilename><width><double value="300"/></width><height><double value="400"/></height><localToWorld><transform2D x="41089.77968332126" y="-3135.090752062874" scale="8.718993321538562" rotation="0"/></localToWorld></zImage><zImage><id><string value="65"/></id><onlineAssetId><string value="3078982441"/></onlineAssetId><onlineAssetUrl><string value="http://0103.static.prezi.com.s3.amazonaws.com/media/3/b/c/e/b/e87fa51418a84628d3813c99792.png"/></onlineAssetUrl><assetSourceFilename><string value="66_Монтажная область 1.png"/></assetSourceFilename><width><double value="300"/></width><height><double value="400"/></height><localToWorld><transform2D x="37850.49292939954" y="-3135.666420581432" scale="8.718993321538562" rotation="0"/></localToWorld></zImage><zImage><id><string value="66"/></id><onlineAssetId><string value="3078982592"/></onlineAssetId><onlineAssetUrl><string value="http://0103.static.prezi.com.s3.amazonaws.com/media/3/f/c/3/b/86fea834e42b727100cac3aceb9.png"/></onlineAssetUrl><assetSourceFilename><string value="88_Монтажная область 1.png"/></assetSourceFilename><width><double value="300"/></width><height><double value="400"/></height><localToWorld><transform2D x="44316.9773983533" y="-3135.666420581432" scale="8.718993321538562" rotation="0"/></localToWorld></zImage><zText><id><string value="67"/></id><text><text><width>-74.6953125</width><p align="center"><span color="16777215"><![CDATA[Mike]]></span></p><p align="center"><span color="16777215"><![CDATA[Petrov]]></span></p></text></text><styleClasses><array><token value="title"/></array></styleClasses><localToWorld><transform2D x="37849.917260880975" y="-730.5233500491739" scale="18.304248534022427" rotation="0"/></localToWorld></zText><zText><id><string value="68"/></id><text><text><width>-77.390625</width><p align="center"><span color="16777215"><![CDATA[Alexey]]></span></p><p align="center"><span color="16777215"><![CDATA[Poloz]]></span></p></text></text><styleClasses><array><token value="title"/></array></styleClasses><localToWorld><transform2D x="41088.916180543434" y="-730.811184308453" scale="18.304248534022427" rotation="0"/></localToWorld></zText><zText><id><string value="69"/></id><text><text><width>-149.390625</width><p align="center"><span color="16777215"><![CDATA[Leonid]]></span></p><p align="center"><span color="16777215"><![CDATA[Romanychev]]></span></p></text></text><styleClasses><array><token value="title"/></array></styleClasses><localToWorld><transform2D x="44315.8260613162" y="-731.1260030295384" scale="18.304248534022427" rotation="0"/></localToWorld></zText><zText><id><string value="70"/></id><text><text><width>-180.09375</width><p><span color="16777215"><![CDATA[Business analyst]]></span></p></text></text><styleClasses><array><token value="body"/></array></styleClasses><localToWorld><transform2D x="37850.49058982166" y="218.13759683517196" scale="14.588312311678813" rotation="0"/></localToWorld></zText><zText><id><string value="71"/></id><text><text><width>-118.74609375</width><p align="center"><span color="16777215"><![CDATA[Idea owner]]></span></p><p align="center"><span color="16777215"><![CDATA[Leader]]></span></p></text></text><styleClasses><array><token value="body"/></array></styleClasses><localToWorld><transform2D x="41089.556968397155" y="419.36586826335656" scale="14.588312311678813" rotation="0"/></localToWorld></zText><zText><id><string value="72"/></id><text><text><width>-233.42578125</width><p align="center"><span color="16777215"><![CDATA[Designer]]></span></p><p align="center"><span color="16777215"><![CDATA[Frontend programmer]]></span></p></text></text><styleClasses><array><token value="body"/></array></styleClasses><localToWorld><transform2D x="44316.9393803929" y="419.4563067363397" scale="14.588312311678813" rotation="0"/></localToWorld></zText><zText><id><string value="1_120686956"/></id><text><text><width>-117.3984375</width><p><span color="16777215"><![CDATA[documents]]></span></p></text></text><styleClasses><array><token value="body"/></array></styleClasses><localToWorld><transform2D x="-15360.884197701955" y="-19909.67655193842" scale="7.235077838645837" rotation="0"/></localToWorld></zText><zText><id><string value="2_120686956"/></id><text><text><width>-56.015625</width><p><span color="16777215"><![CDATA[tasks]]></span></p></text></text><styleClasses><array><token value="body"/></array></styleClasses><localToWorld><transform2D x="-18368.50605522704" y="-19909.85742888439" scale="7.235077838645837" rotation="0"/></localToWorld></zText><zText><id><string value="3_120686956"/></id><text><text><width>-102.73828125</width><p><span color="16777215"><![CDATA[videochat]]></span></p></text></text><styleClasses><array><token value="body"/></array></styleClasses><localToWorld><transform2D x="-17368.98005181811" y="-19909.67655193842" scale="7.235077838645837" rotation="0"/></localToWorld></zText><zText><id><string value="4_120686956"/></id><text><text><width>-118.72265625</width><p><span color="16777215"><![CDATA[useful links]]></span></p></text></text><styleClasses><array><token value="body"/></array></styleClasses><localToWorld><transform2D x="-16356.340469826642" y="-19909.766990411405" scale="7.235077838645837" rotation="0"/></localToWorld></zText><zImage><id><string value="5_120686956"/></id><onlineAssetId><string value="3080524262"/></onlineAssetId><onlineAssetUrl><string value="http://0103.static.prezi.com.s3.amazonaws.com/media/e/3/c/b/2/94090ed4829a024423397caafba.png"/></onlineAssetUrl><assetSourceFilename><string value="17.png"/></assetSourceFilename><width><double value="2671"/></width><height><double value="1361"/></height><localToWorld><transform2D x="-17061.308366729696" y="-18646.333044231033" scale="1.6153833804450992" rotation="0"/></localToWorld></zImage><zText><id><string value="6_120686956"/></id><text><text><width>-33.328125</width><p><span><![CDATA[Git]]></span></p></text></text><styleClasses><array><token value="title"/></array></styleClasses><localToWorld><transform2D x="2129.3749380225668" y="14021.461034682292" scale="11.513370371145324" rotation="0"/></localToWorld></zText><zVideo><id><string value="0_120686956"/></id><videoType><string value="video"/></videoType><onlineAssetId><string value="3089675275"/></onlineAssetId><onlineAssetUrl><string value="http://0103.static.prezi.com.s3.amazonaws.com/media/6/4/6/e/b/cc3c4e14169b590d0904681667b.mp4"/></onlineAssetUrl><localToWorld><transform2D x="-31818.606195742625" y="11190.0427006686" scale="8.716492104796735" rotation="0"/></localToWorld></zVideo><zInvisibleFrame><id><string value="8_120686956"/></id><width><double value="800"/></width><height><double value="411.09025511155585"/></height><styleClasses><array><token value="invisible"/></array></styleClasses><localToWorld><transform2D x="-6316.797503784133" y="15366.237146073034" scale="6.83953309523937" rotation="0"/></localToWorld></zInvisibleFrame><zText><id><string value="9_120686956"/></id><text><text><width>-248.05078125</width><p><span><![CDATA[Stack of technologies]]></span></p></text></text><styleClasses><array><token value="title"/></array></styleClasses><localToWorld><transform2D x="-6299.65" y="14210.940625" scale="9.024907286046126" rotation="0"/></localToWorld></zText><zImage><id><string value="15_120686956"/></id><onlineAssetId><string value="3097201324"/></onlineAssetId><onlineAssetUrl><string value="http://0103.static.prezi.com.s3.amazonaws.com/media/d/7/8/0/6/22c53284b9aacae8ef63c8e3880.png"/></onlineAssetUrl><assetSourceFilename><string value="log2.png"/></assetSourceFilename><width><double value="630"/></width><height><double value="562"/></height><localToWorld><transform2D x="-7486.099999999999" y="14928.45" scale="1.2418423325213122" rotation="0"/></localToWorld></zImage><zImage><id><string value="14_120686956"/></id><onlineAssetId><string value="3097201328"/></onlineAssetId><onlineAssetUrl><string value="http://0103.static.prezi.com.s3.amazonaws.com/media/c/5/d/3/c/6375a6842f88c252de630cf15e7.png"/></onlineAssetUrl><assetSourceFilename><string value="log6.png"/></assetSourceFilename><width><double value="1296"/></width><height><double value="383"/></height><localToWorld><transform2D x="-7374.85" y="16075.5" scale="1.2587308669589237" rotation="0"/></localToWorld></zImage><zImage><id><string value="13_120686956"/></id><onlineAssetId><string value="3097201325"/></onlineAssetId><onlineAssetUrl><string value="http://0103.static.prezi.com.s3.amazonaws.com/media/f/7/6/3/b/7a6df0a4259be2fb3ac5162dc5b.png"/></onlineAssetUrl><assetSourceFilename><string value="log4.png"/></assetSourceFilename><width><double value="1226"/></width><height><double value="334"/></height><localToWorld><transform2D x="-5610.35" y="14880.85" scale="1.4433949761834324" rotation="0"/></localToWorld></zImage><zImage><id><string value="16_120686956"/></id><onlineAssetId><string value="3097211067"/></onlineAssetId><onlineAssetUrl><string value="http://0103.static.prezi.com.s3.amazonaws.com/media/6/3/3/2/0/3847e1148fda516efbc477e454f.png"/></onlineAssetUrl><assetSourceFilename><string value="flask-logo-png-transparent-797x1024.png"/></assetSourceFilename><width><double value="797"/></width><height><double value="1024"/></height><localToWorld><transform2D x="-5461.2" y="15760.25" scale="0.8142729863789021" rotation="0"/></localToWorld></zImage><zText><id><string value="17_120686956"/></id><text><text><width>552</width><p><span color="1657497"><![CDATA[Extension for real-time interaction in common workspace and online tracking of activity.]]></span></p></text></text><styleClasses><array><token value="body"/></array></styleClasses><localToWorld><transform2D x="38572.6" y="-18161.45" scale="51.78676978374512" rotation="0"/></localToWorld></zText><zInvisibleFrame><id><string value="18_120686956"/></id><width><double value="1890.8174702109968"/></width><height><double value="1221.0085839572007"/></height><styleClasses><array><token value="invisible"/></array></styleClasses><localToWorld><transform2D x="7712.673740301063" y="-16755.563816903727" scale="14.513705411926757" rotation="0"/></localToWorld></zInvisibleFrame><zText><id><string value="19_120686956"/></id><text><text><width>-66.6796875</width><p><span><![CDATA[Demo]]></span></p></text></text><styleClasses><array><token value="title"/></array></styleClasses><localToWorld><transform2D x="-23744.4324868905" y="4627.354923876138" scale="75.40893432761256" rotation="0"/></localToWorld></zText><zText><id><string value="20_120686956"/></id><text><text><width>-220.078125</width><p><span><![CDATA[Realistic Capability]]></span></p></text></text><styleClasses><array><token value="title"/></array></styleClasses><localToWorld><transform2D x="1851.1" y="-22901.85" scale="51.786769783745136" rotation="0"/></localToWorld></zText></array></zObjects></prezi>