<prezi xsi:schemaLocation="http://prezi.com/schema/prezi/2 http://prezi.com/schema/prezi/2" xmlns:xsi="http://www.w3.org/2001/XMLSchema-instance" version="2" xmlns="http://prezi.com/schema/prezi/2"><xFields><xField name="preziType"><xEnum type="PreziType" value="converted-from-core"/></xField></xFields><documentStyle><documentStyle><fontClasses><array><fontClass><fontFamily><string value="Arimo"/></fontFamily><name><string value="body"/></name></fontClass><fontClass><fontFamily><string value="Arimo"/></fontFamily><fontWeight><fontWeight value="bold"/></fontWeight><name><string value="head"/></name></fontClass><fontClass><fontFamily><string value="Arimo"/></fontFamily><fontStyle><fontStyle value="italic"/></fontStyle><fontWeight><fontWeight value="bold"/></fontWeight><name><string value="strong"/></name></fontClass></array></fontClasses><fontFamilies><array><fontFamily><fontFaces><array><fontFace><fontSrc><string value="Arimo-Regular.keg"/></fontSrc></fontFace><fontFace><fontSrc><string value="Arimo-Bold.keg"/></fontSrc><fontWeight><fontWeight value="bold"/></fontWeight></fontFace><fontFace><fontSrc><string value="Arimo-BoldItalic.keg"/></fontSrc><fontStyle><fontStyle value="italic"/></fontStyle><fontWeight><fontWeight value="bold"/></fontWeight></fontFace><fontFace><fontSrc><string value="Arimo-Italic.keg"/></fontSrc><fontStyle><fontStyle value="italic"/></fontStyle></fontFace></array></fontFaces><name><string value="Arimo"/></name></fontFamily></array></fontFamilies><styleDeclarations><array><styleDeclaration><styleBlock><styleBlock><gradEndAlpha><double value="0.7"/></gradEndAlpha><gradStartAlpha><double value="0.5"/></gradStartAlpha></styleBlock></styleBlock><styleSelector><simpleSelector value="zCircle"/></styleSelector></styleDeclaration><styleDeclaration><styleBlock><styleBlock><color><color value="#C7C7C4"/></color><gradEndColor><color value="#C7C7C4"/></gradEndColor><gradStartColor><color value="#C7C7C4"/></gradStartColor><fillType><fillType value="linear"/></fillType></styleBlock></styleBlock><styleSelector><simpleSelector value="*.line1"/></styleSelector></styleDeclaration><styleDeclaration><styleBlock><styleBlock><color><color value="#555555"/></color><gradEndColor><color value="#555555"/></gradEndColor><gradStartColor><color value="#888888"/></gradStartColor><fillType><fillType value="linear"/></fillType></styleBlock></styleBlock><styleSelector><simpleSelector value="*.line2"/></styleSelector></styleDeclaration><styleDeclaration><styleBlock><styleBlock><color><color value="#5374EC"/></color><gradEndColor><color value="#5374EC"/></gradEndColor><gradStartColor><color value="#5374EC"/></gradStartColor><fillType><fillType value="linear"/></fillType></styleBlock></styleBlock><styleSelector><simpleSelector value="*.line3"/></styleSelector></styleDeclaration><styleDeclaration><styleBlock><styleBlock><color><color value="#66E186"/></color><gradEndColor><color value="#66E186"/></gradEndColor><gradStartColor><color value="#66E186"/></gradStartColor><fillType><fillType value="linear"/></fillType></styleBlock></styleBlock><styleSelector><simpleSelector value="*.line4"/></styleSelector></styleDeclaration><styleDeclaration><styleBlock><styleBlock><color><color value="#FA5151"/></color><gradEndColor><color value="#FA5151"/></gradEndColor><gradStartColor><color value="#FA5151"/></gradStartColor><fillType><fillType value="linear"/></fillType></styleBlock></styleBlock><styleSelector><simpleSelector value="*.line5"/></styleSelector></styleDeclaration><styleDeclaration><styleBlock><styleBlock><color><color value="#FFFFFF"/></color><gradEndColor><color value="#C7C7C4"/></gradEndColor><gradStartColor><color value="#C7C7C4"/></gradStartColor><fillType><fillType value="linear"/></fillType></styleBlock></styleBlock><styleSelector><simpleSelector value="*.poly1"/></styleSelector></styleDeclaration><styleDeclaration><styleBlock><styleBlock><color><color value="#FFFFFF"/></color><gradEndColor><color value="#000000"/></gradEndColor><gradStartColor><color value="#333333"/></gradStartColor><fillType><fillType value="linear"/></fillType></styleBlock></styleBlock><styleSelector><simpleSelector value="*.poly2"/></styleSelector></styleDeclaration><styleDeclaration><styleBlock><styleBlock><color><color value="#FFFFFF"/></color><gradEndColor><color value="#5374EC"/></gradEndColor><gradStartColor><color value="#5374EC"/></gradStartColor><fillType><fillType value="linear"/></fillType></styleBlock></styleBlock><styleSelector><simpleSelector value="*.poly3"/></styleSelector></styleDeclaration><styleDeclaration><styleBlock><styleBlock><color><color value="#FFFFFF"/></color><gradEndColor><color value="#66E186"/></gradEndColor><gradStartColor><color value="#66E186"/></gradStartColor><fillType><fillType value="linear"/></fillType></styleBlock></styleBlock><styleSelector><simpleSelector value="*.poly4"/></styleSelector></styleDeclaration><styleDeclaration><styleBlock><styleBlock><color><color value="#FFFFFF"/></color><gradEndColor><color value="#FA5151"/></gradEndColor><gradStartColor><color value="#FA5151"/></gradStartColor><fillType><fillType value="linear"/></fillType></styleBlock></styleBlock><styleSelector><simpleSelector value="*.poly5"/></styleSelector></styleDeclaration><styleDeclaration><styleBlock><styleBlock><gradEndColor><color value="#FFFFFF"/></gradEndColor><gradStartColor><color value="#FFFFFF"/></gradStartColor><fillType><fillType value="linear"/></fillType></styleBlock></styleBlock><styleSelector><simpleSelector value="background"/></styleSelector></styleDeclaration><styleDeclaration><styleBlock><styleBlock><gradEndAlpha><double value="1"/></gradEndAlpha><gradEndColor><color value="#FFFFFF"/></gradEndColor><gradStartAlpha><double value="1"/></gradStartAlpha><gradStartColor><color value="#FFFFFF"/></gradStartColor><fillType><fillType value="linear"/></fillType><borderAlpha><double value="0"/></borderAlpha><borderThickness><double value="0"/></borderThickness><thickness><double value="10"/></thickness></styleBlock></styleBlock><styleSelector><simpleSelector value="zArrow"/></styleSelector></styleDeclaration><styleDeclaration><styleBlock><styleBlock><gradEndAlpha><double value="1"/></gradEndAlpha><gradStartAlpha><double value="1"/></gradStartAlpha><borderAlpha><double value="0"/></borderAlpha><radius><double value="0"/></radius><thickness><double value="100"/></thickness></styleBlock></styleBlock><styleSelector><simpleSelector value="zCircle"/></styleSelector></styleDeclaration><styleDeclaration><styleBlock><styleBlock><color><color value="#FFFFFF"/></color></styleBlock></styleBlock><styleSelector><simpleSelector value="zPencil"/></styleSelector></styleDeclaration><styleDeclaration><styleBlock><styleBlock><gradEndAlpha><double value="1"/></gradEndAlpha><gradEndColor><color value="#318BFF"/></gradEndColor><gradStartAlpha><double value="1"/></gradStartAlpha><gradStartColor><color value="#318BFF"/></gradStartColor><fillType><fillType value="linear"/></fillType><borderAlpha><double value="0"/></borderAlpha><borderColor><color value="#318BFF"/></borderColor><borderThickness><double value="0"/></borderThickness><padding><double value="1.03"/></padding><thickness><double value="3"/></thickness></styleBlock></styleBlock><styleSelector><simpleSelector value="zBracketFrame"/></styleSelector></styleDeclaration><styleDeclaration><styleBlock><styleBlock><gradEndAlpha><double value="1"/></gradEndAlpha><gradEndColor><color value="#318BFF"/></gradEndColor><gradStartAlpha><double value="1"/></gradStartAlpha><gradStartColor><color value="#318BFF"/></gradStartColor><fillType><fillType value="linear"/></fillType><borderAlpha><double value="0"/></borderAlpha><borderColor><color value="#333333"/></borderColor><borderThickness><double value="3"/></borderThickness><padding><double value="1.03"/></padding><thickness><double value="3"/></thickness></styleBlock></styleBlock><styleSelector><simpleSelector value="zCircleFrame"/></styleSelector></styleDeclaration><styleDeclaration><styleBlock><styleBlock><gradEndAlpha><double value="0.2"/></gradEndAlpha><gradEndColor><color value="#318BFF"/></gradEndColor><gradStartAlpha><double value="0"/></gradStartAlpha><gradStartColor><color value="#318BFF"/></gradStartColor><fillType><fillType value="linear"/></fillType><borderAlpha><double value="1"/></borderAlpha><borderColor><color value="#318BFF"/></borderColor><borderThickness><double value="10"/></borderThickness><padding><double value="1.03"/></padding><radius><double value="1"/></radius><thickness><double value="3"/></thickness></styleBlock></styleBlock><styleSelector><simpleSelector value="zRectangleFrame"/></styleSelector></styleDeclaration><styleDeclaration><styleBlock><styleBlock><padding><double value="1.2"/></padding></styleBlock></styleBlock><styleSelector><simpleSelector value="zText"/></styleSelector></styleDeclaration><styleDeclaration><styleBlock><styleBlock><color><color value="#333333"/></color><fontClass><string value="body"/></fontClass></styleBlock></styleBlock><styleSelector><simpleSelector value="zText.body"/></styleSelector></styleDeclaration><styleDeclaration><styleBlock><styleBlock><backgroundAlpha><double value="0.9"/></backgroundAlpha><backgroundColor><color value="#E4E4DD"/></backgroundColor><backgroundPadding><double value="6"/></backgroundPadding></styleBlock></styleBlock><styleSelector><simpleSelector value="zText.body-background"/></styleSelector></styleDeclaration><styleDeclaration><styleBlock><styleBlock><color><color value="#333333"/></color><fontClass><string value="head"/></fontClass></styleBlock></styleBlock><styleSelector><simpleSelector value="zText.title"/></styleSelector></styleDeclaration><styleDeclaration><styleBlock><styleBlock><backgroundAlpha><double value="0.9"/></backgroundAlpha><backgroundColor><color value="#F6F1A6"/></backgroundColor><backgroundPadding><double value="6"/></backgroundPadding></styleBlock></styleBlock><styleSelector><simpleSelector value="zText.title-background"/></styleSelector></styleDeclaration><styleDeclaration><styleBlock><styleBlock><color><color value="#333333"/></color><fontClass><string value="strong"/></fontClass></styleBlock></styleBlock><styleSelector><simpleSelector value="zText.subtitle"/></styleSelector></styleDeclaration><styleDeclaration><styleBlock><styleBlock><backgroundAlpha><double value="0.9"/></backgroundAlpha><backgroundColor><color value="#D3E2EE"/></backgroundColor><backgroundPadding><double value="6"/></backgroundPadding></styleBlock></styleBlock><styleSelector><simpleSelector value="zText.subtitle-background"/></styleSelector></styleDeclaration><styleDeclaration><styleBlock><styleBlock><color><color value="#FFFFFF"/></color></styleBlock></styleBlock><styleSelector><simpleSelector value="zLine"/></styleSelector></styleDeclaration><styleDeclaration><styleBlock><styleBlock><color><color value="#F0EA82"/></color><alpha><double value="0.65"/></alpha></styleBlock></styleBlock><styleSelector><simpleSelector value="zMarker"/></styleSelector></styleDeclaration><styleDeclaration><styleBlock><styleBlock><gradEndAlpha><double value="1"/></gradEndAlpha><gradStartAlpha><double value="1"/></gradStartAlpha><borderAlpha><double value="0"/></borderAlpha><radius><double value="0"/></radius><thickness><double value="100"/></thickness></styleBlock></styleBlock><styleSelector><simpleSelector value="zTriangle"/></styleSelector></styleDeclaration><styleDeclaration><styleBlock><styleBlock><gradEndAlpha><double value="1"/></gradEndAlpha><gradStartAlpha><double value="1"/></gradStartAlpha><borderAlpha><double value="0"/></borderAlpha><radius><double value="0"/></radius><thickness><double value="100"/></thickness></styleBlock></styleBlock><styleSelector><simpleSelector value="zSquare"/></styleSelector></styleDeclaration></array></styleDeclarations></documentStyle></documentStyle><path><array><flyToObject><target><ref value="0_120686956"/></target></flyToObject><flyToObject><actions><array><fadeInObject><target><ref value="55_120686956"/></target></fadeInObject></array></actions><target><ref value="6_120686956"/></target></flyToObject><flyToObject><target><ref value="1_120686956"/></target></flyToObject><flyToObject><target><ref value="40_120686956"/></target></flyToObject><flyToObject><target><ref value="56_120686956"/></target></flyToObject><flyToObject><target><ref value="4"/></target></flyToObject><flyToObject><target><ref value="73_120686956"/></target></flyToObject><flyToObject><target><ref value="27_120686956"/></target></flyToObject><flyToObject><target><ref value="19_120686956"/></target></flyToObject><flyToObject><target><ref value="61_120686956"/></target></flyToObject><flyToObject><target><ref value="78_120686956"/></target></flyToObject><flyToObject><target><ref value="57_120686956"/></target></flyToObject></array></path><zObjects><array><zImage><id><string value="1"/></id><onlineAssetId><string value="5230885577"/></onlineAssetId><onlineAssetUrl><string value="http://0103.static.prezi.com.s3.amazonaws.com/media/2/2/4/9e1747cd750fb1727f7d9d82b0636821db881.png"/></onlineAssetUrl><assetSourceFilename><string value="Фон2.png"/></assetSourceFilename><width><double value="6384"/></width><height><double value="3592"/></height><localToWorld><transform2D x="1.8323053629530935E-12" y="0" scale="10.744752278417335" rotation="0"/></localToWorld></zImage><zInvisibleFrame><id><string value="56_120686956"/></id><width><double value="3518.7501232434306"/></width><height><double value="2299.6373390595027"/></height><styleClasses><array><token value="invisible"/></array></styleClasses><localToWorld><transform2D x="-1816.9549199343353" y="257.86487141451704" scale="7.945600364590488" rotation="-1.516227539164629"/></localToWorld></zInvisibleFrame><zInvisibleFrame><id><string value="3"/></id><width><double value="835.4189453125"/></width><height><double value="800.3105964472343"/></height><styleClasses><array><token value="invisible"/></array></styleClasses><localToWorld><transform2D x="-1562.9974313845137" y="290.791083524247" scale="11.075262677279987" rotation="-0.5396033112339407"/></localToWorld></zInvisibleFrame><zInvisibleFrame><id><string value="4"/></id><width><double value="548.1803471789435"/></width><height><double value="325.1176658749032"/></height><styleClasses><array><token value="invisible"/></array></styleClasses><localToWorld><transform2D x="-6778.387790723049" y="-4640.438264901521" scale="85.01695106468243" rotation="0"/></localToWorld></zInvisibleFrame><zImage><id><string value="0_120686956"/></id><onlineAssetId><string value="5230889581"/></onlineAssetId><onlineAssetUrl><string value="http://0103.static.prezi.com.s3.amazonaws.com/media/e/f/b/bdfa94286665676dfb89bbc811f4c37e8799e.png"/></onlineAssetUrl><assetSourceFilename><string value="мем.png"/></assetSourceFilename><width><double value="770"/></width><height><double value="537"/></height><localToWorld><transform2D x="-2325.164393049505" y="1589.6860995918416" scale="2.4216630234270973" rotation="-0.5396033112339415"/></localToWorld></zImage><zInvisibleFrame><id><string value="6_120686956"/></id><width><double value="3019.0611841735745"/></width><height><double value="1843.843533080506"/></height><styleClasses><array><token value="invisible"/></array></styleClasses><localToWorld><transform2D x="171.2861557795917" y="236.34506827231527" scale="0.953488471219179" rotation="-0.5396033112339412"/></localToWorld></zInvisibleFrame><zImage><id><string value="4_120686956"/></id><onlineAssetId><string value="5230891517"/></onlineAssetId><onlineAssetUrl><string value="http://0103.static.prezi.com.s3.amazonaws.com/media/a/6/4/d528bc4cf221ef58d30bfe06e2a71700df7b1.png"/></onlineAssetUrl><assetSourceFilename><string value="ind.png"/></assetSourceFilename><width><double value="1117"/></width><height><double value="160"/></height><localToWorld><transform2D x="-117.38641864171623" y="-248.47239643839845" scale="2.102264129610583" rotation="-0.5396033112339412"/></localToWorld></zImage><zInvisibleFrame><id><string value="19_120686956"/></id><width><double value="1016.526611328125"/></width><height><double value="650.973876953125"/></height><styleClasses><array><token value="invisible"/></array></styleClasses><localToWorld><transform2D x="25230.33603460898" y="780.0378024106442" scale="10.83418693428575" rotation="0"/></localToWorld></zInvisibleFrame><zImage><id><string value="14_120686956"/></id><onlineAssetId><string value="5230892078"/></onlineAssetId><onlineAssetUrl><string value="http://0103.static.prezi.com.s3.amazonaws.com/media/3/a/5/cf1944fc3dcedd1059b682aff3116b01efbbf.png"/></onlineAssetUrl><assetSourceFilename><string value="55_Монтажная область 1.png"/></assetSourceFilename><width><double value="300"/></width><height><double value="400"/></height><localToWorld><transform2D x="21790.083902981893" y="-751.9012032967454" scale="5.269933897797745" rotation="0"/></localToWorld></zImage><zImage><id><string value="12_120686956"/></id><onlineAssetId><string value="5230892076"/></onlineAssetId><onlineAssetUrl><string value="http://0103.static.prezi.com.s3.amazonaws.com/media/c/3/d/c47bb3e1a7730fdbe8d9ec875394a9eaf5fce.png"/></onlineAssetUrl><assetSourceFilename><string value="88_Монтажная область 1.png"/></assetSourceFilename><width><double value="300"/></width><height><double value="400"/></height><localToWorld><transform2D x="23584.62502671883" y="2002.9628920179775" scale="5.269933897797745" rotation="0"/></localToWorld></zImage><zImage><id><string value="16_120686956"/></id><onlineAssetId><string value="5230892082"/></onlineAssetId><onlineAssetUrl><string value="http://0103.static.prezi.com.s3.amazonaws.com/media/2/e/9/ba1ee7f36547794f0ee5387c54c417b39485e.png"/></onlineAssetUrl><assetSourceFilename><string value="77_Монтажная область 1.png"/></assetSourceFilename><width><double value="300"/></width><height><double value="400"/></height><localToWorld><transform2D x="28719.30371307674" y="-752.1185354572051" scale="5.269933897797745" rotation="0"/></localToWorld></zImage><zImage><id><string value="13_120686956"/></id><onlineAssetId><string value="5230892077"/></onlineAssetId><onlineAssetUrl><string value="http://0103.static.prezi.com.s3.amazonaws.com/media/a/d/e/7e3d9a429307b294aa9fb281db10be1a79dcd.png"/></onlineAssetUrl><assetSourceFilename><string value="22_Монтажная область 1.png"/></assetSourceFilename><width><double value="300"/></width><height><double value="400"/></height><localToWorld><transform2D x="25361.76179755185" y="-751.9012032967448" scale="5.269933897797745" rotation="0"/></localToWorld></zImage><zImage><id><string value="15_120686956"/></id><onlineAssetId><string value="5230892081"/></onlineAssetId><onlineAssetUrl><string value="http://0103.static.prezi.com.s3.amazonaws.com/media/3/3/9/5ef5d9306b169bd6e817f257d3274c22bb985.png"/></onlineAssetUrl><assetSourceFilename><string value="66_Монтажная область 1.png"/></assetSourceFilename><width><double value="300"/></width><height><double value="400"/></height><localToWorld><transform2D x="27103.617763112845" y="2002.973121913724" scale="5.269933897797745" rotation="0"/></localToWorld></zImage><zText><id><string value="20_120686956"/></id><text><text><width>-67.9921875</width><p align="center"><span color="16777215"><![CDATA[TEAM]]></span></p></text></text><styleClasses><array><token value="title"/></array></styleClasses><localToWorld><transform2D x="25360.892797023556" y="-2146.1257018145493" scale="16.568181177028805" rotation="0"/></localToWorld></zText><zText><id><string value="21_120686956"/></id><text><text><width>-148.078125</width><p><span color="16777215"><![CDATA[Aichel Sergey]]></span></p><p align="center"><span color="16777215"><![CDATA[product]]></span></p></text></text><styleClasses><array><token value="body"/></array></styleClasses><localToWorld><transform2D x="21789.41424205028" y="774.4498510035221" scale="12.426135882771607" rotation="0"/></localToWorld></zText><zText><id><string value="22_120686956"/></id><text><text><width>-172.11328125</width><p align="center"><span color="16777215"><![CDATA[Savva Antonyuk]]></span></p><p align="center"><span color="16777215"><![CDATA[business]]></span></p></text></text><styleClasses><array><token value="body"/></array></styleClasses><localToWorld><transform2D x="25361.721206082413" y="774.4304351662075" scale="12.426135882771607" rotation="0"/></localToWorld></zText><zText><id><string value="23_120686956"/></id><text><text><width>-137.4140625</width><p align="center"><span color="16777215"><![CDATA[Poloz Alexey]]></span></p><p align="center"><span color="16777215"><![CDATA[backend]]></span></p></text></text><styleClasses><array><token value="body"/></array></styleClasses><localToWorld><transform2D x="28719.26312160731" y="774.223332901494" scale="12.426135882771607" rotation="0"/></localToWorld></zText><zText><id><string value="24_120686956"/></id><text><text><width>-218.80078125</width><p align="center"><span color="16777215"><![CDATA[Romanychev Leonid]]></span></p><p align="center"><span color="16777215"><![CDATA[designer]]></span></p></text></text><styleClasses><array><token value="body"/></array></styleClasses><localToWorld><transform2D x="23584.783774846062" y="3563.062429524873" scale="12.426135882771607" rotation="0"/></localToWorld></zText><zText><id><string value="25_120686956"/></id><text><text><width>-158.73046875</width><p align="center"><span color="16777215"><![CDATA[Petrov Michael]]></span></p><p align="center"><span color="16777215"><![CDATA[frontend]]></span></p></text></text><styleClasses><array><token value="body"/></array></styleClasses><localToWorld><transform2D x="27103.037047788137" y="3563.269531789579" scale="12.426135882771607" rotation="0"/></localToWorld></zText><zInvisibleFrame><id><string value="27_120686956"/></id><width><double value="1016.526611328125"/></width><height><double value="650.973876953125"/></height><styleClasses><array><token value="invisible"/></array></styleClasses><localToWorld><transform2D x="25226.48342722492" y="-7111.383082468057" scale="10.83418693428575" rotation="0"/></localToWorld></zInvisibleFrame><zText><id><string value="33_120686956"/></id><text><text><width>-319.55859375</width><p align="center"><span color="16777215"><![CDATA[STACK OF TECHNOLOGIES]]></span></p></text></text><styleClasses><array><token value="title"/></array></styleClasses><localToWorld><transform2D x="25225.73735381152" y="-9983.492895603187" scale="16.568181177028812" rotation="0"/></localToWorld></zText><zImage><id><string value="40_120686956"/></id><onlineAssetId><string value="5230895726"/></onlineAssetId><onlineAssetUrl><string value="http://0103.static.prezi.com.s3.amazonaws.com/media/d/9/4/cbffc04573d5ebdc791181cda340f70211b19.png"/></onlineAssetUrl><assetSourceFilename><string value="users2.png"/></assetSourceFilename><width><double value="2433"/></width><height><double value="1726"/></height><localToWorld><transform2D x="-2419.718213099575" y="-1057.0150053893096" scale="1.0586914080545868" rotation="-0.5396033112339407"/></localToWorld></zImage><zImage><id><string value="49_120686956"/></id><onlineAssetId><string value="5230898164"/></onlineAssetId><onlineAssetUrl><string value="http://0103.static.prezi.com.s3.amazonaws.com/media/e/3/0/561b3db0c4a9c5045d5de52f3d1c0557cc8ae.png"/></onlineAssetUrl><assetSourceFilename><string value="around.png"/></assetSourceFilename><width><double value="592"/></width><height><double value="592"/></height><localToWorld><transform2D x="21983.88326861565" y="-7813.045555315227" scale="3.1603833013905764" rotation="0"/></localToWorld></zImage><zImage><id><string value="48_120686956"/></id><onlineAssetId><string value="5230897864"/></onlineAssetId><onlineAssetUrl><string value="http://0103.static.prezi.com.s3.amazonaws.com/media/b/1/1/00b454b4c36b320b964cec868c3998a7367be.png"/></onlineAssetUrl><assetSourceFilename><string value="logo-mongodb-png-mongodb-logo-anything-but-the-simplest-of-web-applications-requires-a-database-to-store-and-serve-content-from-choosing-the-right-database-and-structuring-413.png"/></assetSourceFilename><width><double value="413"/></width><height><double value="484"/></height><localToWorld><transform2D x="21984.297473145085" y="-7812.631350785798" scale="3.8655931033429174" rotation="0"/></localToWorld></zImage><zImage><id><string value="50_120686956"/></id><onlineAssetId><string value="5230898164"/></onlineAssetId><onlineAssetUrl><string value="http://0103.static.prezi.com.s3.amazonaws.com/media/e/3/0/561b3db0c4a9c5045d5de52f3d1c0557cc8ae.png"/></onlineAssetUrl><assetSourceFilename><string value="around.png"/></assetSourceFilename><width><double value="592"/></width><height><double value="592"/></height><localToWorld><transform2D x="25216.33541625397" y="-7812.631350785797" scale="3.1603833013905764" rotation="0"/></localToWorld></zImage><zImage><id><string value="42_120686956"/></id><onlineAssetId><string value="5230896690"/></onlineAssetId><onlineAssetUrl><string value="http://0103.static.prezi.com.s3.amazonaws.com/media/f/2/6/d59d4ea84b9c14a7a8c460f8be3d85fed4e02.png"/></onlineAssetUrl><assetSourceFilename><string value="react-logo-png-transparent.png"/></assetSourceFilename><width><double value="1800"/></width><height><double value="1617"/></height><localToWorld><transform2D x="25216.128313989248" y="-7813.045555315225" scale="0.970473467701468" rotation="0"/></localToWorld></zImage><zImage><id><string value="51_120686956"/></id><onlineAssetId><string value="5230898164"/></onlineAssetId><onlineAssetUrl><string value="http://0103.static.prezi.com.s3.amazonaws.com/media/e/3/0/561b3db0c4a9c5045d5de52f3d1c0557cc8ae.png"/></onlineAssetUrl><assetSourceFilename><string value="around.png"/></assetSourceFilename><width><double value="592"/></width><height><double value="592"/></height><localToWorld><transform2D x="28345.23643153588" y="-7812.838453050514" scale="3.1603833013905764" rotation="0"/></localToWorld></zImage><zImage><id><string value="52_120686956"/></id><onlineAssetId><string value="5230898164"/></onlineAssetId><onlineAssetUrl><string value="http://0103.static.prezi.com.s3.amazonaws.com/media/e/3/0/561b3db0c4a9c5045d5de52f3d1c0557cc8ae.png"/></onlineAssetUrl><assetSourceFilename><string value="around.png"/></assetSourceFilename><width><double value="592"/></width><height><double value="592"/></height><localToWorld><transform2D x="21979.11991652726" y="-5365.096786409213" scale="3.1603833013905764" rotation="0"/></localToWorld></zImage><zImage><id><string value="41_120686956"/></id><onlineAssetId><string value="5230896366"/></onlineAssetId><onlineAssetUrl><string value="http://0103.static.prezi.com.s3.amazonaws.com/media/0/c/c/97db9344b989308423996403dfc9a2b110d17.png"/></onlineAssetUrl><assetSourceFilename><string value="le_logo3.png"/></assetSourceFilename><width><double value="518"/></width><height><double value="518"/></height><localToWorld><transform2D x="21979.11991652726" y="-5364.889684144499" scale="3.611867200024578" rotation="0"/></localToWorld></zImage><zImage><id><string value="53_120686956"/></id><onlineAssetId><string value="5230898164"/></onlineAssetId><onlineAssetUrl><string value="http://0103.static.prezi.com.s3.amazonaws.com/media/e/3/0/561b3db0c4a9c5045d5de52f3d1c0557cc8ae.png"/></onlineAssetUrl><assetSourceFilename><string value="around.png"/></assetSourceFilename><width><double value="592"/></width><height><double value="592"/></height><localToWorld><transform2D x="25216.33541625397" y="-5365.303888673929" scale="3.1603833013905764" rotation="0"/></localToWorld></zImage><zImage><id><string value="54_120686956"/></id><onlineAssetId><string value="5230898164"/></onlineAssetId><onlineAssetUrl><string value="http://0103.static.prezi.com.s3.amazonaws.com/media/e/3/0/561b3db0c4a9c5045d5de52f3d1c0557cc8ae.png"/></onlineAssetUrl><assetSourceFilename><string value="around.png"/></assetSourceFilename><width><double value="592"/></width><height><double value="592"/></height><localToWorld><transform2D x="28345.6506360653" y="-5444.831158323668" scale="3.1603833013905764" rotation="0"/></localToWorld></zImage><zImage><id><string value="47_120686956"/></id><onlineAssetId><string value="5230897453"/></onlineAssetId><onlineAssetUrl><string value="http://0103.static.prezi.com.s3.amazonaws.com/media/6/3/f/cd630da5505f875c086cdf07791bd8892bf85.png"/></onlineAssetUrl><assetSourceFilename><string value="flask-logo-png-transparent-797x1024.png"/></assetSourceFilename><width><double value="797"/></width><height><double value="1024"/></height><localToWorld><transform2D x="25216.128313989266" y="-5444.624056058955" scale="1.158913275342697" rotation="0"/></localToWorld></zImage><zImage><id><string value="46_120686956"/></id><onlineAssetId><string value="5230897450"/></onlineAssetId><onlineAssetUrl><string value="http://0103.static.prezi.com.s3.amazonaws.com/media/6/d/2/fad54b4e93839c9c08fe572bd28e88beea5d4.png"/></onlineAssetUrl><assetSourceFilename><string value="58482deccef1014c0b5e4a64.png"/></assetSourceFilename><width><double value="512"/></width><height><double value="512"/></height><localToWorld><transform2D x="28345.857738330007" y="-7813.045555315225" scale="2.577159264643215" rotation="0"/></localToWorld></zImage><zImage><id><string value="45_120686956"/></id><onlineAssetId><string value="5230897448"/></onlineAssetId><onlineAssetUrl><string value="http://0103.static.prezi.com.s3.amazonaws.com/media/9/4/a/9d3bd0e6ab88a4df581dd1ca42ac467da6706.png"/></onlineAssetUrl><assetSourceFilename><string value="Webrtc.png"/></assetSourceFilename><width><double value="300"/></width><height><double value="210"/></height><localToWorld><transform2D x="28345.857738330014" y="-5444.624056058955" scale="7.472646290801339" rotation="0"/></localToWorld></zImage><zImage><id><string value="55_120686956"/></id><onlineAssetId><string value="5230905119"/></onlineAssetId><onlineAssetUrl><string value="http://0103.static.prezi.com.s3.amazonaws.com/media/2/b/e/93acef6b3f3f789d07df476b8e817e96fa6d5.png"/></onlineAssetUrl><assetSourceFilename><string value="My+iss.png"/></assetSourceFilename><width><double value="568"/></width><height><double value="597"/></height><localToWorld><transform2D x="204.95614971080812" y="456.6519718327355" scale="2.011946777073358" rotation="-0.5396033112339412"/></localToWorld></zImage><zInvisibleFrame><id><string value="57_120686956"/></id><width><double value="800"/></width><height><double value="447.061918654417"/></height><styleClasses><array><token value="invisible"/></array></styleClasses><localToWorld><transform2D x="-28.763903040870584" y="-104.99365490686216" scale="84.8844064869865" rotation="0"/></localToWorld></zInvisibleFrame><zImage><id><string value="58_120686956"/></id><onlineAssetId><string value="5230909377"/></onlineAssetId><onlineAssetUrl><string value="http://0103.static.prezi.com.s3.amazonaws.com/media/6/3/f/7554619fda61ed3e990b657b46120454adfa0.png"/></onlineAssetUrl><assetSourceFilename><string value="planet.png"/></assetSourceFilename><width><double value="1852"/></width><height><double value="1770"/></height><localToWorld><transform2D x="-16648.187798986775" y="-14328.664400883436" scale="2.4060394893876613" rotation="0"/></localToWorld></zImage><zText><id><string value="59_120686956"/></id><text><text><width>-185.33203125</width><p><span><![CDATA[FUTURE PLANS]]></span></p></text></text><styleClasses><array><token value="title"/></array></styleClasses><localToWorld><transform2D x="-16577.80967156314" y="-15207.866347571511" scale="10.744752278417335" rotation="0"/></localToWorld></zText><zText><id><string value="60_120686956"/></id><text><text><width>482.98023591689815</width><p indent="1" listType="bullet" align="center"><span weight="bold"><![CDATA[Accumulating history of lessons]]></span></p><p indent="1" listType="bullet" align="center"><span weight="bold"><![CDATA[Infrastructure for classes and schools]]></span></p><p indent="1" listType="bullet" align="center"><span weight="bold"><![CDATA[Recommendation system]]></span></p><p indent="1" listType="bullet" align="center"><span weight="bold"><![CDATA[Shared whiteboard]]></span></p></text></text><styleClasses><array><token value="body"/></array></styleClasses><localToWorld><transform2D x="-16744.49385425243" y="-13874.5483983469" scale="9.235051777739434" rotation="0"/></localToWorld></zText><zInvisibleFrame><id><string value="61_120686956"/></id><width><double value="1016.526611328125"/></width><height><double value="650.973876953125"/></height><styleClasses><array><token value="invisible"/></array></styleClasses><localToWorld><transform2D x="25246.13857217634" y="8729.305369793203" scale="10.83418693428575" rotation="0"/></localToWorld></zInvisibleFrame><zText><id><string value="67_120686956"/></id><text><text><width>-72</width><p align="center"><span color="16777215"><![CDATA[LINKS]]></span></p></text></text><styleClasses><array><token value="title"/></array></styleClasses><localToWorld><transform2D x="25222.231498356858" y="5998.526578233438" scale="25.549112250068415" rotation="0"/></localToWorld></zText><zInvisibleFrame><id><string value="73_120686956"/></id><width><double value="816.3153457641602"/></width><height><double value="421.5263482644792"/></height><styleClasses><array><token value="invisible"/></array></styleClasses><localToWorld><transform2D x="-16677.80461668312" y="-14342.647390125929" scale="5.797968042677241" rotation="0"/></localToWorld></zInvisibleFrame><zImage><id><string value="74_120686956"/></id><onlineAssetId><string value="5230912912"/></onlineAssetId><onlineAssetUrl><string value="http://0103.static.prezi.com.s3.amazonaws.com/media/1/c/c/dc6d335c1a6c4028619218c4e7643aac1e6ea.png"/></onlineAssetUrl><assetSourceFilename><string value="tensy.png"/></assetSourceFilename><width><double value="251"/></width><height><double value="251"/></height><localToWorld><transform2D x="27647.049999999996" y="9119.949999999999" scale="10.959748346485224" rotation="0"/></localToWorld></zImage><zInvisibleFrame><id><string value="78_120686956"/></id><width><double value="2197.032539588882"/></width><height><double value="2096.8915409273136"/></height><styleClasses><array><token value="invisible"/></array></styleClasses><localToWorld><transform2D x="27579.630201571366" y="9119.783577821732" scale="1.9824519422019655" rotation="0"/></localToWorld></zInvisibleFrame><zImage><id><string value="75_120686956"/></id><onlineAssetId><string value="5230913773"/></onlineAssetId><onlineAssetUrl><string value="http://0103.static.prezi.com.s3.amazonaws.com/media/a/6/6/c89fde00981a1fa82d686de8a5457c8bb97da.png"/></onlineAssetUrl><assetSourceFilename><string value="Git.png"/></assetSourceFilename><width><double value="290"/></width><height><double value="291"/></height><localToWorld><transform2D x="22792.25" y="9119.949999999999" scale="9.453253728411655" rotation="0"/></localToWorld></zImage><zText><id><string value="76_120686956"/></id><text><text><width>-39.99609375</width><p><span color="16777215"><![CDATA[GIT]]></span></p></text></text><styleClasses><array><token value="title"/></array></styleClasses><localToWorld><transform2D x="22790.962676557974" y="7415.326864832079" scale="21.48950455683467" rotation="0"/></localToWorld></zText><zText><id><string value="77_120686956"/></id><text><text><width>-49.34765625</width><p><span color="16777215"><![CDATA[APP]]></span></p></text></text><styleClasses><array><token value="title"/></array></styleClasses><localToWorld><transform2D x="27646.19125238408" y="7404.726864832079" scale="21.48950455683467" rotation="0"/></localToWorld></zText><zVideo><id><string value="1_120686956"/></id><videoType><string value="video"/></videoType><onlineAssetId><string value="5231001121"/></onlineAssetId><onlineAssetUrl><string value="http://0103.static.prezi.com.s3.amazonaws.com/converted/f/5/4/8c21ad92108965f267669824801b02ee568ec.mp4"/></onlineAssetUrl><localToWorld><transform2D x="-2571.15" y="-1008.9" scale="0.6779844450506538" rotation="-0.5396033112339412"/></localToWorld></zVideo><zText><id><string value="2_120686956"/></id><text><text><width>-138.7265625</width><p><span color="16777215"><![CDATA[tensyteam.ru]]></span></p></text></text><styleClasses><array><token value="body"/></array></styleClasses><localToWorld><transform2D x="27646.749999999996" y="10807.4" scale="19.305371523430495" rotation="0"/></localToWorld></zText></array></zObjects></prezi>