<prezi xsi:schemaLocation="http://prezi.com/schema/prezi/2 http://prezi.com/schema/prezi/2" xmlns:xsi="http://www.w3.org/2001/XMLSchema-instance" version="2" xmlns="http://prezi.com/schema/prezi/2"><xFields><xField name="preziType"><xEnum type="PreziType" value="converted-from-core"/></xField></xFields><documentStyle><documentStyle><fontClasses><array><fontClass><fontFamily><string value="Arimo"/></fontFamily><name><string value="body"/></name></fontClass><fontClass><fontFamily><string value="Arimo"/></fontFamily><fontWeight><fontWeight value="bold"/></fontWeight><name><string value="head"/></name></fontClass><fontClass><fontFamily><string value="Arimo"/></fontFamily><fontStyle><fontStyle value="italic"/></fontStyle><fontWeight><fontWeight value="bold"/></fontWeight><name><string value="strong"/></name></fontClass></array></fontClasses><fontFamilies><array><fontFamily><fontFaces><array><fontFace><fontSrc><string value="Arimo-Regular.keg"/></fontSrc></fontFace><fontFace><fontSrc><string value="Arimo-Bold.keg"/></fontSrc><fontWeight><fontWeight value="bold"/></fontWeight></fontFace><fontFace><fontSrc><string value="Arimo-BoldItalic.keg"/></fontSrc><fontStyle><fontStyle value="italic"/></fontStyle><fontWeight><fontWeight value="bold"/></fontWeight></fontFace><fontFace><fontSrc><string value="Arimo-Italic.keg"/></fontSrc><fontStyle><fontStyle value="italic"/></fontStyle></fontFace></array></fontFaces><name><string value="Arimo"/></name></fontFamily></array></fontFamilies><styleDeclarations><array><styleDeclaration><styleBlock><styleBlock><gradEndAlpha><double value="0.7"/></gradEndAlpha><gradStartAlpha><double value="0.5"/></gradStartAlpha></styleBlock></styleBlock><styleSelector><simpleSelector value="zCircle"/></styleSelector></styleDeclaration><styleDeclaration><styleBlock><styleBlock><color><color value="#C7C7C4"/></color><gradEndColor><color value="#C7C7C4"/></gradEndColor><gradStartColor><color value="#C7C7C4"/></gradStartColor><fillType><fillType value="linear"/></fillType></styleBlock></styleBlock><styleSelector><simpleSelector value="*.line1"/></styleSelector></styleDeclaration><styleDeclaration><styleBlock><styleBlock><color><color value="#555555"/></color><gradEndColor><color value="#555555"/></gradEndColor><gradStartColor><color value="#888888"/></gradStartColor><fillType><fillType value="linear"/></fillType></styleBlock></styleBlock><styleSelector><simpleSelector value="*.line2"/></styleSelector></styleDeclaration><styleDeclaration><styleBlock><styleBlock><color><color value="#5374EC"/></color><gradEndColor><color value="#5374EC"/></gradEndColor><gradStartColor><color value="#5374EC"/></gradStartColor><fillType><fillType value="linear"/></fillType></styleBlock></styleBlock><styleSelector><simpleSelector value="*.line3"/></styleSelector></styleDeclaration><styleDeclaration><styleBlock><styleBlock><color><color value="#66E186"/></color><gradEndColor><color value="#66E186"/></gradEndColor><gradStartColor><color value="#66E186"/></gradStartColor><fillType><fillType value="linear"/></fillType></styleBlock></styleBlock><styleSelector><simpleSelector value="*.line4"/></styleSelector></styleDeclaration><styleDeclaration><styleBlock><styleBlock><color><color value="#FA5151"/></color><gradEndColor><color value="#FA5151"/></gradEndColor><gradStartColor><color value="#FA5151"/></gradStartColor><fillType><fillType value="linear"/></fillType></styleBlock></styleBlock><styleSelector><simpleSelector value="*.line5"/></styleSelector></styleDeclaration><styleDeclaration><styleBlock><styleBlock><color><color value="#FFFFFF"/></color><gradEndColor><color value="#C7C7C4"/></gradEndColor><gradStartColor><color value="#C7C7C4"/></gradStartColor><fillType><fillType value="linear"/></fillType></styleBlock></styleBlock><styleSelector><simpleSelector value="*.poly1"/></styleSelector></styleDeclaration><styleDeclaration><styleBlock><styleBlock><color><color value="#FFFFFF"/></color><gradEndColor><color value="#000000"/></gradEndColor><gradStartColor><color value="#333333"/></gradStartColor><fillType><fillType value="linear"/></fillType></styleBlock></styleBlock><styleSelector><simpleSelector value="*.poly2"/></styleSelector></styleDeclaration><styleDeclaration><styleBlock><styleBlock><color><color value="#FFFFFF"/></color><gradEndColor><color value="#5374EC"/></gradEndColor><gradStartColor><color value="#5374EC"/></gradStartColor><fillType><fillType value="linear"/></fillType></styleBlock></styleBlock><styleSelector><simpleSelector value="*.poly3"/></styleSelector></styleDeclaration><styleDeclaration><styleBlock><styleBlock><color><color value="#FFFFFF"/></color><gradEndColor><color value="#66E186"/></gradEndColor><gradStartColor><color value="#66E186"/></gradStartColor><fillType><fillType value="linear"/></fillType></styleBlock></styleBlock><styleSelector><simpleSelector value="*.poly4"/></styleSelector></styleDeclaration><styleDeclaration><styleBlock><styleBlock><color><color value="#FFFFFF"/></color><gradEndColor><color value="#FA5151"/></gradEndColor><gradStartColor><color value="#FA5151"/></gradStartColor><fillType><fillType value="linear"/></fillType></styleBlock></styleBlock><styleSelector><simpleSelector value="*.poly5"/></styleSelector></styleDeclaration><styleDeclaration><styleBlock><styleBlock><gradEndColor><color value="#FFFFFF"/></gradEndColor><gradStartColor><color value="#FFFFFF"/></gradStartColor><fillType><fillType value="linear"/></fillType></styleBlock></styleBlock><styleSelector><simpleSelector value="background"/></styleSelector></styleDeclaration><styleDeclaration><styleBlock><styleBlock><gradEndAlpha><double value="1"/></gradEndAlpha><gradEndColor><color value="#FFFFFF"/></gradEndColor><gradStartAlpha><double value="1"/></gradStartAlpha><gradStartColor><color value="#FFFFFF"/></gradStartColor><fillType><fillType value="linear"/></fillType><borderAlpha><double value="0"/></borderAlpha><borderThickness><double value="0"/></borderThickness><thickness><double value="10"/></thickness></styleBlock></styleBlock><styleSelector><simpleSelector value="zArrow"/></styleSelector></styleDeclaration><styleDeclaration><styleBlock><styleBlock><gradEndAlpha><double value="1"/></gradEndAlpha><gradStartAlpha><double value="1"/></gradStartAlpha><borderAlpha><double value="0"/></borderAlpha><radius><double value="0"/></radius><thickness><double value="100"/></thickness></styleBlock></styleBlock><styleSelector><simpleSelector value="zCircle"/></styleSelector></styleDeclaration><styleDeclaration><styleBlock><styleBlock><color><color value="#FFFFFF"/></color></styleBlock></styleBlock><styleSelector><simpleSelector value="zPencil"/></styleSelector></styleDeclaration><styleDeclaration><styleBlock><styleBlock><gradEndAlpha><double value="1"/></gradEndAlpha><gradEndColor><color value="#318BFF"/></gradEndColor><gradStartAlpha><double value="1"/></gradStartAlpha><gradStartColor><color value="#318BFF"/></gradStartColor><fillType><fillType value="linear"/></fillType><borderAlpha><double value="0"/></borderAlpha><borderColor><color value="#318BFF"/></borderColor><borderThickness><double value="0"/></borderThickness><padding><double value="1.03"/></padding><thickness><double value="3"/></thickness></styleBlock></styleBlock><styleSelector><simpleSelector value="zBracketFrame"/></styleSelector></styleDeclaration><styleDeclaration><styleBlock><styleBlock><gradEndAlpha><double value="1"/></gradEndAlpha><gradEndColor><color value="#318BFF"/></gradEndColor><gradStartAlpha><double value="1"/></gradStartAlpha><gradStartColor><color value="#318BFF"/></gradStartColor><fillType><fillType value="linear"/></fillType><borderAlpha><double value="0"/></borderAlpha><borderColor><color value="#333333"/></borderColor><borderThickness><double value="3"/></borderThickness><padding><double value="1.03"/></padding><thickness><double value="3"/></thickness></styleBlock></styleBlock><styleSelector><simpleSelector value="zCircleFrame"/></styleSelector></styleDeclaration><styleDeclaration><styleBlock><styleBlock><gradEndAlpha><double value="0.2"/></gradEndAlpha><gradEndColor><color value="#318BFF"/></gradEndColor><gradStartAlpha><double value="0"/></gradStartAlpha><gradStartColor><color value="#318BFF"/></gradStartColor><fillType><fillType value="linear"/></fillType><borderAlpha><double value="1"/></borderAlpha><borderColor><color value="#318BFF"/></borderColor><borderThickness><double value="10"/></borderThickness><padding><double value="1.03"/></padding><radius><double value="1"/></radius><thickness><double value="3"/></thickness></styleBlock></styleBlock><styleSelector><simpleSelector value="zRectangleFrame"/></styleSelector></styleDeclaration><styleDeclaration><styleBlock><styleBlock><padding><double value="1.2"/></padding></styleBlock></styleBlock><styleSelector><simpleSelector value="zText"/></styleSelector></styleDeclaration><styleDeclaration><styleBlock><styleBlock><color><color value="#333333"/></color><fontClass><string value="body"/></fontClass></styleBlock></styleBlock><styleSelector><simpleSelector value="zText.body"/></styleSelector></styleDeclaration><styleDeclaration><styleBlock><styleBlock><backgroundAlpha><double value="0.9"/></backgroundAlpha><backgroundColor><color value="#E4E4DD"/></backgroundColor><backgroundPadding><double value="6"/></backgroundPadding></styleBlock></styleBlock><styleSelector><simpleSelector value="zText.body-background"/></styleSelector></styleDeclaration><styleDeclaration><styleBlock><styleBlock><color><color value="#333333"/></color><fontClass><string value="head"/></fontClass></styleBlock></styleBlock><styleSelector><simpleSelector value="zText.title"/></styleSelector></styleDeclaration><styleDeclaration><styleBlock><styleBlock><backgroundAlpha><double value="0.9"/></backgroundAlpha><backgroundColor><color value="#F6F1A6"/></backgroundColor><backgroundPadding><double value="6"/></backgroundPadding></styleBlock></styleBlock><styleSelector><simpleSelector value="zText.title-background"/></styleSelector></styleDeclaration><styleDeclaration><styleBlock><styleBlock><color><color value="#333333"/></color><fontClass><string value="strong"/></fontClass></styleBlock></styleBlock><styleSelector><simpleSelector value="zText.subtitle"/></styleSelector></styleDeclaration><styleDeclaration><styleBlock><styleBlock><backgroundAlpha><double value="0.9"/></backgroundAlpha><backgroundColor><color value="#D3E2EE"/></backgroundColor><backgroundPadding><double value="6"/></backgroundPadding></styleBlock></styleBlock><styleSelector><simpleSelector value="zText.subtitle-background"/></styleSelector></styleDeclaration><styleDeclaration><styleBlock><styleBlock><color><color value="#FFFFFF"/></color></styleBlock></styleBlock><styleSelector><simpleSelector value="zLine"/></styleSelector></styleDeclaration><styleDeclaration><styleBlock><styleBlock><color><color value="#F0EA82"/></color><alpha><double value="0.65"/></alpha></styleBlock></styleBlock><styleSelector><simpleSelector value="zMarker"/></styleSelector></styleDeclaration><styleDeclaration><styleBlock><styleBlock><gradEndAlpha><double value="1"/></gradEndAlpha><gradStartAlpha><double value="1"/></gradStartAlpha><borderAlpha><double value="0"/></borderAlpha><radius><double value="0"/></radius><thickness><double value="100"/></thickness></styleBlock></styleBlock><styleSelector><simpleSelector value="zTriangle"/></styleSelector></styleDeclaration><styleDeclaration><styleBlock><styleBlock><gradEndAlpha><double value="1"/></gradEndAlpha><gradStartAlpha><double value="1"/></gradStartAlpha><borderAlpha><double value="0"/></borderAlpha><radius><double value="0"/></radius><thickness><double value="100"/></thickness></styleBlock></styleBlock><styleSelector><simpleSelector value="zSquare"/></styleSelector></styleDeclaration><styleDeclaration><styleBlock><styleBlock><xFields><xField name="deprecatedBackgroundPaddingHorizontal"><xJust><xDouble value="6"/></xJust></xField><xField name="deprecatedBackgroundPaddingVertical"><xJust><xDouble value="6"/></xJust></xField></xFields></styleBlock></styleBlock><styleSelector><simpleSelector value="#23_120686956"/></styleSelector></styleDeclaration><styleDeclaration><styleBlock><styleBlock><color><color value="#FFFFFF"/></color><gradEndAlpha><double value="1"/></gradEndAlpha><gradEndColor><color value="#FFFFFF"/></gradEndColor><gradStartAlpha><double value="1"/></gradStartAlpha><gradStartColor><color value="#FFFFFF"/></gradStartColor><fillType><fillType value="linear"/></fillType><borderColor><color value="#FFFFFF"/></borderColor><thickness><double value="10"/></thickness></styleBlock></styleBlock><styleSelector><simpleSelector value="#24_120686956"/></styleSelector></styleDeclaration><styleDeclaration><styleBlock><styleBlock><color><color value="#FFFFFF"/></color><gradEndAlpha><double value="1"/></gradEndAlpha><gradEndColor><color value="#FFFFFF"/></gradEndColor><gradStartAlpha><double value="1"/></gradStartAlpha><gradStartColor><color value="#FFFFFF"/></gradStartColor><fillType><fillType value="linear"/></fillType><borderColor><color value="#FFFFFF"/></borderColor><thickness><double value="10"/></thickness></styleBlock></styleBlock><styleSelector><simpleSelector value="#27_120686956"/></styleSelector></styleDeclaration></array></styleDeclarations></documentStyle></documentStyle><path><array><flyToObject><target><ref value="45"/></target></flyToObject><flyToObject><target><ref value="30"/></target></flyToObject><flyToObject><target><ref value="31_120686956"/></target></flyToObject><flyToObject><target><ref value="32_120686956"/></target></flyToObject><flyToObject><target><ref value="26_120686956"/></target></flyToObject><flyToObject><target><ref value="46"/></target></flyToObject><flyToObject><target><ref value="35_120686956"/></target></flyToObject><flyToObject><target><ref value="42"/></target></flyToObject><flyToObject><target><ref value="37"/></target></flyToObject><flyToObject><target><ref value="48"/></target></flyToObject><flyToObject><target><ref value="45"/></target></flyToObject></array></path><zObjects><array><zGroup><id><string value="18_120686956"/></id><children><array><ref value="38"/><ref value="39"/><ref value="40"/><ref value="41"/><ref value="3_120686956"/><ref value="4_120686956"/><ref value="5_120686956"/><ref value="6_120686956"/><ref value="8_120686956"/></array></children><localToWorld><transform2D x="21232.634783424473" y="2138.030426383544" scale="7.687973977685582" rotation="0"/></localToWorld></zGroup><zText><id><string value="19"/></id><text><text><width>-107.98828125</width><p><span color="16777215"><![CDATA[COMAND]]></span></p></text></text><styleClasses><array><token value="title"/></array></styleClasses><localToWorld><transform2D x="-41474.33725202" y="388.717580812127" scale="11.50670987334067" rotation="0"/></localToWorld></zText><zImage><id><string value="29"/></id><onlineAssetId><string value="5102294301"/></onlineAssetId><onlineAssetUrl><string value="http://0103.static.prezi.com.s3.amazonaws.com/media/6/1/1/a1117ca18c1aa7d0b8ad619eb499107fd17da.png"/></onlineAssetUrl><assetSourceFilename><string value="БИГФОН.png"/></assetSourceFilename><width><double value="8482"/></width><height><double value="3497"/></height><localToWorld><transform2D x="5282.13225376587" y="0" scale="8.680381963991122" rotation="0"/></localToWorld></zImage><zInvisibleFrame><id><string value="30"/></id><width><double value="2257.954328831861"/></width><height><double value="1448.9640800259183"/></height><styleClasses><array><token value="invisible"/></array></styleClasses><localToWorld><transform2D x="-13692.739025653742" y="-3821.060958360123" scale="5.8518320669729205" rotation="0"/></localToWorld></zInvisibleFrame><zInvisibleFrame><id><string value="45"/></id><width><double value="3460.0021738366445"/></width><height><double value="1941.17168929713"/></height><styleClasses><array><token value="invisible"/></array></styleClasses><localToWorld><transform2D x="2106.3608722182894" y="240.7654449968006" scale="14.451784216551625" rotation="0"/></localToWorld></zInvisibleFrame><zText><id><string value="31"/></id><text><text><width>-138.43359375</width><p><span><![CDATA[ПРОБЛЕМА]]></span></p></text></text><styleClasses><array><token value="title"/></array></styleClasses><localToWorld><transform2D x="-15649.730907546069" y="-7033.308081636314" scale="20.921290678801217" rotation="0"/></localToWorld></zText><zText><id><string value="33"/></id><text><text><width>-209.0859375</width><p><span color="16777215"><![CDATA[КОМАНДА TENSY]]></span></p></text></text><styleClasses><array><token value="title"/></array></styleClasses><localToWorld><transform2D x="-13730.299863501528" y="-9920.876039887538" scale="64.85600110428376" rotation="0"/></localToWorld></zText><zInvisibleFrame><id><string value="37"/></id><width><double value="1167.950196504593"/></width><height><double value="800"/></height><styleClasses><array><token value="invisible"/></array></styleClasses><localToWorld><transform2D x="21183.15002128195" y="2115.874732800562" scale="5.106047879916489" rotation="0"/></localToWorld></zInvisibleFrame><zInvisibleFrame><id><string value="42"/></id><width><double value="1895.3242779672144"/></width><height><double value="1110.7185272216796"/></height><styleClasses><array><token value="invisible"/></array></styleClasses><localToWorld><transform2D x="16295.800358705332" y="-3333.265058168515" scale="3.6462364286169606" rotation="0"/></localToWorld></zInvisibleFrame><zImage><id><string value="7_120686956"/></id><onlineAssetId><string value="5102303674"/></onlineAssetId><onlineAssetUrl><string value="http://0103.static.prezi.com.s3.amazonaws.com/media/1/b/2/ace5dda10a8b5293651a9222dd802f7ca7f62.png"/></onlineAssetUrl><assetSourceFilename><string value="КАрта.png"/></assetSourceFilename><width><double value="1161"/></width><height><double value="361"/></height><localToWorld><transform2D x="16295.903947362387" y="-3655.271172232865" scale="3.974416844876443" rotation="0"/></localToWorld></zImage><zText><id><string value="43"/></id><text><text><width>-228.92578125</width><p><span><![CDATA[ПЛАНЫ РАЗВИТИЯ]]></span></p></text></text><styleClasses><array><token value="title"/></array></styleClasses><localToWorld><transform2D x="16474.164363510692" y="-4617.197892320039" scale="11.58613436712493" rotation="0"/></localToWorld></zText><zInvisibleFrame><id><string value="46"/></id><width><double value="1554.9931813056287"/></width><height><double value="1546.9971752791964"/></height><styleClasses><array><token value="invisible"/></array></styleClasses><localToWorld><transform2D x="12881.401629557868" y="3469.0902717894137" scale="3.8700723467526545" rotation="0"/></localToWorld></zInvisibleFrame><zImage><id><string value="48"/></id><onlineAssetId><string value="5102271364"/></onlineAssetId><onlineAssetUrl><string value="http://0103.static.prezi.com.s3.amazonaws.com/media/f/3/a/709793d1af64af5694310e28eb1767bb77508.png"/></onlineAssetUrl><assetSourceFilename><string value="Последний.png"/></assetSourceFilename><width><double value="961"/></width><height><double value="870"/></height><localToWorld><transform2D x="21998.034293221244" y="9609.985660400553" scale="1.9568222616134272" rotation="0"/></localToWorld></zImage><zImage><id><string value="1_120686956"/></id><onlineAssetId><string value="5102298348"/></onlineAssetId><onlineAssetUrl><string value="http://0103.static.prezi.com.s3.amazonaws.com/media/1/e/7/5707dd864b7450c714999205344faa6e0ef05.png"/></onlineAssetUrl><assetSourceFilename><string value="Evysq ujhjl.png"/></assetSourceFilename><width><double value="158"/></width><height><double value="239"/></height><localToWorld><transform2D x="-19061.965590834912" y="-3550.0816064051346" scale="3.312014037397036" rotation="0"/></localToWorld></zImage><zImage><id><string value="2_120686956"/></id><onlineAssetId><string value="5102298627"/></onlineAssetId><onlineAssetUrl><string value="http://0103.static.prezi.com.s3.amazonaws.com/media/7/4/e/18d04b1a6338f4bc674f83565898d45846446.png"/></onlineAssetUrl><assetSourceFilename><string value="Evy.png"/></assetSourceFilename><width><double value="158"/></width><height><double value="239"/></height><localToWorld><transform2D x="-9196.469377640358" y="-3141.4453144710887" scale="3.320964169041741" rotation="0"/></localToWorld></zImage><zImage><id><string value="17_120686956"/></id><onlineAssetId><string value="5102319557"/></onlineAssetId><onlineAssetUrl><string value="http://0103.static.prezi.com.s3.amazonaws.com/media/b/c/c/dcd77015184c20a3711cc2f539054da94125d.png"/></onlineAssetUrl><assetSourceFilename><string value="Безымянный-1.png"/></assetSourceFilename><width><double value="1016"/></width><height><double value="705"/></height><localToWorld><transform2D x="21155.754624996553" y="2111.143987717619" scale="5.07718585623479" rotation="0"/></localToWorld></zImage><zImage><id><string value="15_120686956"/></id><onlineAssetId><string value="5102308506"/></onlineAssetId><onlineAssetUrl><string value="http://0103.static.prezi.com.s3.amazonaws.com/media/8/8/1/8c128e65fd9626cc5c166071cceb7990e06a6.png"/></onlineAssetUrl><assetSourceFilename><string value="qr-code.png"/></assetSourceFilename><width><double value="2120"/></width><height><double value="2120"/></height><localToWorld><transform2D x="22006.279829800114" y="9771.170053409485" scale="0.5154446132539063" rotation="0"/></localToWorld></zImage><zText><id><string value="16_120686956"/></id><text><text><width>-205.11328125</width><p><span><![CDATA[КОНТАКТЫ И GIT]]></span></p></text></text><styleClasses><array><token value="title"/></array></styleClasses><localToWorld><transform2D x="22053.05082400438" y="9042.585268793424" scale="4.214200604606072" rotation="0"/></localToWorld></zText><zText><id><string value="12_120686956"/></id><text><text><width>173.76074680837178</width><p align="center"><span><![CDATA[Q4 2019]]></span></p><p align="center"><span><![CDATA[Монетизация]]></span></p><p align="center"><span><![CDATA[через партнерства]]></span></p></text></text><styleClasses><array><token value="body"/></array></styleClasses><localToWorld><transform2D x="17813.29254644218" y="-2466.2027969802302" scale="7.01202778384975" rotation="0"/></localToWorld></zText><zImage><id><string value="33_120686956"/></id><onlineAssetId><string value="5102382087"/></onlineAssetId><onlineAssetUrl><string value="http://0103.static.prezi.com.s3.amazonaws.com/media/7/c/0/71839c9e392eec85b9e9453bdd096aec1d888.png"/></onlineAssetUrl><assetSourceFilename><string value="Бэк4.png"/></assetSourceFilename><width><double value="1017"/></width><height><double value="706"/></height><localToWorld><transform2D x="21155.754624996553" y="2084.184193453207" scale="5.203384009364955" rotation="0"/></localToWorld></zImage><zInvisibleFrame><id><string value="20_120686956"/></id><width><double value="518.8820757229506"/></width><height><double value="271.3935449627013"/></height><styleClasses><array><token value="invisible"/></array></styleClasses><localToWorld><transform2D x="-1374.6183060812739" y="1646.10010704023" scale="12.04200520110805" rotation="0"/></localToWorld></zInvisibleFrame><zInvisibleFrame><id><string value="19_120686956"/></id><width><double value="1313.116692984477"/></width><height><double value="604.4423828125"/></height><styleClasses><array><token value="invisible"/></array></styleClasses><localToWorld><transform2D x="-1416.8863768614092" y="-1270.615270322175" scale="4.893410354867377" rotation="0"/></localToWorld></zInvisibleFrame><zImage><id><string value="13_120686956"/></id><onlineAssetId><string value="5102306548"/></onlineAssetId><onlineAssetUrl><string value="http://0103.static.prezi.com.s3.amazonaws.com/media/f/f/9/ad64b45094e90402878b04474e41f7d8f443e.png"/></onlineAssetUrl><assetSourceFilename><string value="Diz.png"/></assetSourceFilename><width><double value="1200"/></width><height><double value="1349"/></height><localToWorld><transform2D x="-3384.3506005853446" y="-851.419428737555" scale="0.3742960720489057" rotation="0"/></localToWorld></zImage><zImage><id><string value="14_120686956"/></id><onlineAssetId><string value="5102306549"/></onlineAssetId><onlineAssetUrl><string value="http://0103.static.prezi.com.s3.amazonaws.com/media/a/9/6/c2a27443bd4574e341444c6222e31695a09c1.png"/></onlineAssetUrl><assetSourceFilename><string value="Like.png"/></assetSourceFilename><width><double value="1306"/></width><height><double value="1469"/></height><localToWorld><transform2D x="-598.2843923269588" y="-851.485669018303" scale="0.34372054500910704" rotation="0"/></localToWorld></zImage><zImage><id><string value="25_120686956"/></id><onlineAssetId><string value="5102331572"/></onlineAssetId><onlineAssetUrl><string value="http://0103.static.prezi.com.s3.amazonaws.com/media/9/c/1/e9a0d533bad79e2efb7c545e71642e484861e.png"/></onlineAssetUrl><assetSourceFilename><string value="шкафебаный.png"/></assetSourceFilename><width><double value="2384"/></width><height><double value="1996"/></height><localToWorld><transform2D x="5449.786617975318" y="5581.074854417746" scale="8.772432171647587" rotation="0"/></localToWorld></zImage><zText><id><string value="11_120686956"/></id><text><text><width>184.87843808221584</width><p align="center"><span><![CDATA[Q3 2019]]></span></p><p align="center"><span><![CDATA[Smart City]]></span></p><p align="center"><span><![CDATA[(Маршруты,]]></span></p><p align="center"><span><![CDATA[образ жизни)]]></span></p></text></text><styleClasses><array><token value="body"/></array></styleClasses><localToWorld><transform2D x="16295.506505677899" y="-2466.335439843692" scale="7.01202778384975" rotation="0"/></localToWorld></zText><zText><id><string value="0_120686956"/></id><text><text><width>-163.01953125</width><p align="center"><span><![CDATA[ Q2 2019]]></span></p><p align="center"><span><![CDATA[Чемодан для]]></span></p><p align="center"><span><![CDATA[путешествия]]></span></p><p align="center"><span><![CDATA[Стили одежды]]></span></p></text></text><styleClasses><array><token value="body"/></array></styleClasses><localToWorld><transform2D x="14750.22062980171" y="-2466.093237855526" scale="7.01202778384975" rotation="0"/></localToWorld></zText><zInvisibleFrame><id><string value="31_120686956"/></id><width><double value="1313.5170341564751"/></width><height><double value="688.9052263916735"/></height><styleClasses><array><token value="invisible"/></array></styleClasses><localToWorld><transform2D x="-934.4340442738649" y="1454.8102727381997" scale="4.296498950591001" rotation="0"/></localToWorld></zInvisibleFrame><zText><id><string value="23_120686956"/></id><text><text><width>382.8313385709114</width><p align="center"><span><![CDATA[всегда подскажет, что надеть]]></span></p></text></text><styleClasses><array><token value="body"/><token value="body-background"/></array></styleClasses><localToWorld><transform2D x="-905.8432911581947" y="1722.0608903407149" scale="9.322674149374595" rotation="0"/></localToWorld></zText><zImage><id><string value="22_120686956"/></id><onlineAssetId><string value="5102293362"/></onlineAssetId><onlineAssetUrl><string value="http://0103.static.prezi.com.s3.amazonaws.com/media/f/c/0/451b43ec1d7c883bb90a718f796b865cec4e2.png"/></onlineAssetUrl><assetSourceFilename><string value="Лого.png"/></assetSourceFilename><width><double value="1723"/></width><height><double value="686"/></height><localToWorld><transform2D x="107.04455433266048" y="1130.3531197089317" scale="0.6677247259533392" rotation="0"/></localToWorld></zImage><zText><id><string value="21_120686956"/></id><text><text><width>-116.91796875</width><p><span color="15724527"><![CDATA[WENSY IS]]></span></p></text></text><styleClasses><array><token value="title"/></array></styleClasses><localToWorld><transform2D x="-1208.3549407599469" y="714.2316760503678" scale="23.846501069258665" rotation="0"/></localToWorld></zText><zInvisibleFrame><id><string value="26_120686956"/></id><width><double value="1390.4627270891017"/></width><height><double value="2073.512390585579"/></height><styleClasses><array><token value="invisible"/></array></styleClasses><localToWorld><transform2D x="5711.148037077511" y="5496.963002275754" scale="5.483236852054371" rotation="0"/></localToWorld></zInvisibleFrame><zText><id><string value="9_120686956"/></id><text><text><width>66.69412692696635</width><p><span color="16777215"><![CDATA[ML]]></span></p></text></text><styleClasses><array><token value="body"/></array></styleClasses><localToWorld><transform2D x="-2893.7729047545463" y="-448.18173954056687" scale="12.585653342108737" rotation="0"/></localToWorld></zText><zText><id><string value="10_120686956"/></id><text><text><width>-85.3828125</width><p><span color="16777215"><![CDATA[BigData]]></span></p></text></text><styleClasses><array><token value="body"/></array></styleClasses><localToWorld><transform2D x="-357.63127575814013" y="-448.18173954056687" scale="12.585653342108737" rotation="0"/></localToWorld></zText><zArrow><id><string value="24_120686956"/></id><startEndDistance><double value="106.94132575606082"/></startEndDistance><arcHeight><double value="-60.30538072747163"/></arcHeight><styleClasses><array><token value="line3"/></array></styleClasses><localToWorld><transform2D x="-1327.55907571718" y="-1884.2866562048582" scale="5.299222459835252" rotation="0.15457885769004892"/></localToWorld></zArrow><zArrow><id><string value="27_120686956"/></id><startEndDistance><double value="-106.67207930701636"/></startEndDistance><arcHeight><double value="44.03149016197855"/></arcHeight><styleClasses><array><token value="line3"/></array></styleClasses><localToWorld><transform2D x="-1361.1676091161432" y="-1525.1521574509309" scale="5.299222459835256" rotation="0.15000528485806247"/></localToWorld></zArrow><zText><id><string value="28_120686956"/></id><text><text><width>-33.33984375</width><p><span color="16777215"><![CDATA[UX]]></span></p></text></text><styleClasses><array><token value="body"/></array></styleClasses><localToWorld><transform2D x="-1341.2179731175033" y="-1720.0874403112016" scale="9.412082394956103" rotation="0"/></localToWorld></zText><zText><id><string value="30_120686956"/></id><text><text><width>-88.0078125</width><p><span color="15724527"><![CDATA[WENSY]]></span></p></text></text><styleClasses><array><token value="title"/></array></styleClasses><localToWorld><transform2D x="-2072.5026876486345" y="-2424.540063403707" scale="16.02766466444364" rotation="0"/></localToWorld></zText><zInvisibleFrame><id><string value="32_120686956"/></id><width><double value="857.87890625"/></width><height><double value="399.5057440134374"/></height><styleClasses><array><token value="invisible"/></array></styleClasses><localToWorld><transform2D x="-1498.8114107598278" y="-1443.7192139400609" scale="8.031568205834404" rotation="0"/></localToWorld></zInvisibleFrame><zImage><id><string value="38"/></id><onlineAssetId><string value="5102274114"/></onlineAssetId><onlineAssetUrl><string value="http://0103.static.prezi.com.s3.amazonaws.com/media/e/c/0/db9cc3b75e1937c9b1bf6132169a0bd9394bb.png"/></onlineAssetUrl><assetSourceFilename><string value="77_Монтажная область 1.png"/></assetSourceFilename><width><double value="300"/></width><height><double value="400"/></height><localToWorld><transform2D x="21632.968055592377" y="1352.844195185644" scale="2.649611688156612" rotation="0"/></localToWorld></zImage><zImage><id><string value="39"/></id><onlineAssetId><string value="5102274116"/></onlineAssetId><onlineAssetUrl><string value="http://0103.static.prezi.com.s3.amazonaws.com/media/3/8/1/b11c4ca47039c995eef08bd52788221ae822a.png"/></onlineAssetUrl><assetSourceFilename><string value="55_Монтажная область 1.png"/></assetSourceFilename><width><double value="300"/></width><height><double value="400"/></height><localToWorld><transform2D x="19466.251466340396" y="1337.620739631739" scale="2.649611229917628" rotation="0"/></localToWorld></zImage><zImage><id><string value="40"/></id><onlineAssetId><string value="5102274115"/></onlineAssetId><onlineAssetUrl><string value="http://0103.static.prezi.com.s3.amazonaws.com/media/6/e/4/f6167146fc56cc54e986c77a908fe38b27393.png"/></onlineAssetUrl><assetSourceFilename><string value="66_Монтажная область 1.png"/></assetSourceFilename><width><double value="300"/></width><height><double value="400"/></height><localToWorld><transform2D x="20550.01053739806" y="2713.8445142159053" scale="2.933400089137713" rotation="0"/></localToWorld></zImage><zImage><id><string value="41"/></id><onlineAssetId><string value="5102274117"/></onlineAssetId><onlineAssetUrl><string value="http://0103.static.prezi.com.s3.amazonaws.com/media/f/8/8/0c748f1ff971950f3986d7080b4606ec85313.png"/></onlineAssetUrl><assetSourceFilename><string value="88_Монтажная область 1.png"/></assetSourceFilename><width><double value="300"/></width><height><double value="400"/></height><localToWorld><transform2D x="22754.526313667364" y="2713.851010045165" scale="2.6496114590371103" rotation="0"/></localToWorld></zImage><zText><id><string value="3_120686956"/></id><text><text><width>225.6939672668248</width><p align="center"><span color="16777215"><![CDATA[Романычев Леонид]]></span></p><p align="center"><span color="16777215"><![CDATA[Designer]]></span></p></text></text><styleClasses><array><token value="body"/></array></styleClasses><localToWorld><transform2D x="22754.400994232394" y="3558.805678095502" scale="8.23744274342386" rotation="0"/></localToWorld></zText><zText><id><string value="4_120686956"/></id><text><text><width>-172.79296875</width><p align="center"><span color="16777215"><![CDATA[Михаил Петров]]></span></p><p align="center"><span color="16777215"><![CDATA[Frontend]]></span></p></text></text><styleClasses><array><token value="body"/></array></styleClasses><localToWorld><transform2D x="20549.531121869055" y="3559.000700186146" scale="8.23744274342386" rotation="0"/></localToWorld></zText><zText><id><string value="5_120686956"/></id><text><text><width>-167.9765625</width><p><span color="16777215"><![CDATA[Алексей Полоз]]></span></p><p align="center"><span color="16777215"><![CDATA[Backend]]></span></p></text></text><styleClasses><array><token value="body"/></array></styleClasses><localToWorld><transform2D x="21631.434959816914" y="2147.3918283546072" scale="8.23744274342384" rotation="0"/></localToWorld></zText><zText><id><string value="6_120686956"/></id><text><text><width>-165.87890625</width><p align="center"><span color="16777215"><![CDATA[Сергей Айхель]]></span></p><p align="center"><span color="16777215"><![CDATA[Project]]></span></p></text></text><styleClasses><array><token value="body"/></array></styleClasses><localToWorld><transform2D x="19464.5070024563" y="2132.1446631166677" scale="8.23744274342384" rotation="0"/></localToWorld></zText><zText><id><string value="8_120686956"/></id><text><text><width>-122.40234375</width><p><span color="16777215"><![CDATA[КОМАНДА]]></span></p></text></text><styleClasses><array><token value="title"/></array></styleClasses><localToWorld><transform2D x="21064.74047924888" y="626.8317767177616" scale="9.93604211219113" rotation="0"/></localToWorld></zText><zText><id><string value="29_120686956"/></id><text><text><width>382.2048458789603</width><p align="center"><span><![CDATA[экономит время - снимает бремя]]></span></p></text></text><styleClasses><array><token value="body"/></array></styleClasses><localToWorld><transform2D x="-905.6428100179372" y="2306.6358876869344" scale="9.322674149374595" rotation="0"/></localToWorld></zText><zImage><id><string value="36_120686956"/></id><onlineAssetId><string value="5102432530"/></onlineAssetId><onlineAssetUrl><string value="http://0103.static.prezi.com.s3.amazonaws.com/media/8/c/b/cef0fe40215c5795f6202c7837f81afa4c8ec.png"/></onlineAssetUrl><assetSourceFilename><string value="Заплатка.png"/></assetSourceFilename><width><double value="750"/></width><height><double value="1320"/></height><localToWorld><transform2D x="13239.4" y="5497.75" scale="3.162739156489567" rotation="0"/></localToWorld></zImage><zImage><id><string value="34_120686956"/></id><onlineAssetId><string value="5102432000"/></onlineAssetId><onlineAssetUrl><string value="http://0103.static.prezi.com.s3.amazonaws.com/media/9/0/0/85b114558dad1c184de8c17a785fea6349ca5.png"/></onlineAssetUrl><assetSourceFilename><string value="Чувиха.png"/></assetSourceFilename><width><double value="1387"/></width><height><double value="2948"/></height><localToWorld><transform2D x="13239.549999999997" y="7185.2" scale="4.808977269376697" rotation="0"/></localToWorld></zImage><zVideo><id><string value="35_120686956"/></id><videoType><string value="video"/></videoType><onlineAssetId><string value="5102425484"/></onlineAssetId><onlineAssetUrl><string value="http://0103.static.prezi.com.s3.amazonaws.com/converted/a/6/9/7af834523400003185e8ad9729c8e2a9d3f4c.mp4"/></onlineAssetUrl><localToWorld><transform2D x="10934.9" y="3121.25" scale="3.759820777708863" rotation="0"/></localToWorld></zVideo></array></zObjects></prezi>